PC1,PC2,PC3
-1.9804988232182241,1.0319004938515783,0.2833470588977907
-1.322564478924185,2.2145417890139307,1.4402017702181225
-1.5706034433351281,1.5503663466859565,1.1764450728453302
-1.680584812671315,0.5335368808137533,0.24517477841587396
-1.516878012357653,0.6277479056941725,0.3086937109376096
-1.9152693132782683,0.624703427021126,-0.27406368563025546
-1.3650466674503736,1.8236615052491987,0.8496722699389547
-2.002906609733506,0.14108093683698122,-0.6858170715701504
-1.6075864628734333,0.7270548889179875,0.3289102543708249
-1.6559241489386551,0.37445283163535564,-0.12518144649759227
-1.5279781367335743,1.379732168353297,0.45066933346905236
-1.8415539771408975,0.7169768224498062,-0.2021710017530156
-2.4619178379525466,0.12171420774819958,-0.47804942016786073
-1.806286119135402,-0.1674409509388491,-0.20138827443481006
-1.7726079895657307,0.7617442136799089,-0.15368287501670588
-1.806751635500269,0.2667904730241115,-0.4309074874645893
-1.429240828488857,1.2857076226836062,0.6082349364849132
-1.7824310087536366,-0.41805111902220515,0.05102346761905541
-1.5505696899319283,1.110667572222983,-0.08026552220570392
-1.926582821771237,1.1183928260759806,0.057102250485042416
-1.7684538511620562,1.2245005402403468,0.14582189234964404
-2.0723228110009475,0.37698392483198323,-0.38714823092863143
-1.4690104329452713,0.0866101175476545,0.34498858376933494
-2.305342217440676,0.6348607616019414,0.04815761780434619
-1.8076896906801845,0.19940416864193464,-0.2867673397338541
-1.2230641978606243,2.064852935346847,0.9759291883270579
-1.8353604534654637,-0.1298936267146041,-0.3223085427920702
-1.6555882595932798,-0.10452654228394034,0.14706692524143292
-1.5356790017679394,1.3132984950599078,0.2770197106774143
-1.4703074183952427,0.7466847647473164,0.05940291660298463
-2.2869478464600648,-0.29583832994221726,-0.9594011163261019
-1.9693215182540398,-0.6350682573107076,-0.09665123655953121
-2.12678976641028,-0.771448184147027,-0.7141777196135957
-1.7447052132129366,-0.5040045111046887,-0.1599128438264929
-1.914481522744632,1.0180496373596823,0.5518062965517838
-2.0385347757281713,-0.16691105247961427,-0.44660976966873683
-1.9797381441616222,0.24836745455577858,-0.5900336247479386
-1.9481085671941973,-0.1892734058619287,-0.48603971630383164
-0.9753785008100989,2.1869431308084475,1.0939319894329504
-1.8089787794793513,0.4416506776615658,-0.30423715881861807
-1.5824145850450002,0.2315738577872309,0.12018664040500608
-1.8320454622475435,0.6381147386405341,-0.12916247217590787
-1.7607404385086018,1.0984530370113854,-0.03529382440521776
-1.6363050662568357,0.6085304444782805,-0.20707622757854374
-0.9824741066502379,2.2595680487153875,1.2430744305853665
-1.7580280299653679,1.6839279623898435,0.9928154222821507
-1.9983680613501564,-0.7744825139195213,-0.5839645196286488
-2.1564467042040643,0.48368469738755154,-0.5126888566652007
-2.03568464414893,-0.9902573598651246,-0.700077336168343
-1.7955526108286373,0.9080278133679218,0.040582570695732484
-0.9662207347585198,1.9767432278934867,1.289161310834641
-2.0912503859771774,-0.3178076037889001,-0.560283452093354
-1.8917145103208395,0.4223650096607187,-0.497788927021066
-1.9986959414582823,-0.8876685049855461,-0.4758848828934973
-0.697136156005719,2.4568730388253273,1.5316148145020085
-1.8099524165803047,0.804971996475736,0.043791600617768156
-2.1487615821237696,0.8408752228165302,0.10653067916349857
-1.4798284742849543,1.007772894090393,0.34776044188958805
-1.5600165346260164,0.5037204096373397,0.19260151623574995
-1.3938692602738016,1.7737352702304523,0.7580193244798664
-1.7947010352329695,0.5948869558447069,-0.32663694781038183
-2.307024548855945,-0.5135126570022125,-0.8389097001933433
-2.061832755733103,-0.49328274696003643,-0.38745189738911207
-1.9316369493654468,0.6937075357821472,-0.17023620662583974
-1.2932353444175022,1.1221329707143615,0.593460863107033
-1.8035279271577167,0.6647927275527451,0.010223947708422604
-1.8351040157071428,0.9465219876177717,0.0008478401883930961
-2.5090683316844578,0.4077804183909722,-0.4271763553191273
-2.1012674057250735,0.2849419722072747,-0.43858549760254695
-1.9644077427805327,0.15979906876610744,-0.5698514395463559
-2.1544177007271723,0.06604922483511841,-0.4617965468926758
-1.9216735239992613,0.41095165595539596,-0.49216340711610385
-1.8786817004301322,-0.7478102006993306,-0.1008471759932989
-2.110650989850623,-0.7553371676024851,-0.8482122459711918
-0.5997718128668984,2.576140446321168,1.6993588775979118
-2.1352277242946975,-0.6493396104783541,-0.4526985776848399
-1.3787904878129018,1.5983032168784832,0.8611463471758679
-1.6443159645069536,0.7960029818594506,-0.03354623886020262
-2.0981379496534913,0.3598873124841363,0.47306348820745714
-0.9056544133586504,1.9771865413606942,1.2226816450915554
-2.0149796482568747,-0.8717508882787968,-0.3468999605161979
-1.9288301307897495,0.4625187150593546,-0.32291312657110127
-1.7730577589881102,0.43210527820263245,0.10682460089620918
-2.3067347347371996,-0.5057840065849691,-0.8750154994532277
-1.7722036927013687,0.6448742535359994,-0.12187942806231043
-1.1763970210268289,1.7741400300066257,0.5026419428941965
-1.7961169292239536,0.8055387983372628,0.16717364722225553
-1.772119591221751,0.32515435577951995,0.07489661355806458
-1.2076956708855666,1.9894457113090391,0.983543973908274
-1.8051351316344586,1.2863282645805623,0.8141142929514888
-1.473419407290985,1.1289625661688636,0.14760115058089765
-1.8727688102974933,1.0535332385032368,0.191676312241355
-1.5666677376200997,1.4592903234815968,0.2919292544717108
-1.8195676831367693,0.8469828273797914,0.005971789977686583
-1.6700063504133533,1.1124922131648662,0.3460940099426004
-2.0347464763825704,-1.097208282288237,-0.7320053235064876
-2.1058334131300476,-0.14561767446799737,-0.7145745094615293
-1.737899912649432,1.1848497425610764,0.10916282129724503
-1.6185520377295688,1.3286736926607243,0.07590485857059592
-1.7835905235151668,-0.0490156121378673,-0.06198123271264434
-1.835078828847973,1.177628065690521,0.8807200061804168
-1.7833465197137714,0.035215823074057816,-0.14241259028298991
-1.9901791887129991,-0.5395859702022819,-0.571177611977702
-1.918706359378742,-0.10337960803160312,-0.47979979999893463
-2.0286855085937345,-0.8275697401839878,-0.5130111658299316
-1.870147047087884,-1.4539057655666583,-0.4741106086277012
-2.2938022184203466,0.7761518206765279,-0.43587032512459734
-2.1563142012993213,-0.5507832459727365,-0.9046262779185014
-1.8574533335644026,-0.5531291592634671,-0.33024473265546567
-1.3009869356467807,1.3170603600998314,0.7343382569445716
-1.7732530832096383,-0.7975897041320512,-0.12422746108424974
-2.381363506076966,0.2993198744090919,-0.28444471233748103
-2.7230064455156,-0.97951214256292,-0.6686272394372692
-1.6768345859378269,-0.49196255865509875,0.0251523467361816
-0.9960697293265575,1.4221786551896365,0.5047771058696287
-0.9317737115586099,1.1407485467414717,0.2191152007880163
-1.028522883095294,0.9335564273139005,-0.14903794120058844
-1.252175122091651,-0.6755322004701699,-0.2261809493342029
-1.625745317743033,-0.7643385065009931,-0.48326105140859293
-1.4949112970022715,0.001068024510535027,-0.5188485846927391
-1.2710806441061915,0.27121707817002705,-0.5872503724685997
-1.1702176539212386,0.3546922218466771,0.16067438491922442
-0.9867698910077382,0.40965243604533075,-0.4553129960385242
-2.2581689675615597,0.5412836058041224,-0.1290687625264088
-1.3148441418518697,-1.1263912142589465,-0.653868889541114
-1.5569417013288158,-1.0292348324653922,-0.46964964616722943
-1.0883951067575197,0.8444820660971197,-0.10006205839741425
-0.8420569174840422,0.995920530726407,-0.08402237362350676
-1.057184855572457,0.05226118529597019,-0.11982841406075234
-1.0705676656834424,-0.38715036171743006,-0.18182768539941715
-1.1228969037395333,-0.01638556741571485,-0.026248621430267516
-0.9914170627047068,0.6376652426749918,0.09126834418641938
-1.1400755844099135,0.34723810405257227,0.14753106937419283
-1.3280389269134731,-0.8948657417899727,-0.5767312881762592
-2.130766788055873,1.0269930703616252,0.3286953920531242
-1.6234882389904273,0.0707825454940639,-0.8662387192446444
-0.9885566232563702,0.04546220182858959,0.16522353150945956
-1.0207887236858635,0.4905144573263317,0.12117951540570768
-1.2720313318207137,0.7954234776601565,-0.058858761079124924
-1.308981567308835,-0.327307525796456,-0.3909643953829094
-1.2030038684282929,0.00801081469068724,-0.30247614912544046
-1.4074671790693918,-0.323112503591344,-0.462411345445881
-0.3846910064996804,2.2625072153163273,1.083267379413195
-1.101426648684204,-0.3912580721217874,-0.08423370928735345
-0.6055980796678557,1.533940938088607,0.541492572109373
-1.323472113101703,2.2807459858961567,1.4950794144462083
-1.2816993646646089,-0.44388250539668284,-0.00497754604760938
-1.1247733454928202,0.053214817680210406,-0.2882353092217315
-0.7434240595972883,1.5400696013931032,0.26193936822824193
-1.2612335720563352,-0.9201650190256507,-0.48101652606090267
-0.4099036490867648,1.9444936346621773,0.582244188569584
-1.2078977744729373,-0.5791113112263822,-0.38713133292570867
-0.9168399686776246,1.15117209146899,0.21818188974555258
-1.0273170519193509,-0.419138012699222,0.1951392990804584
-1.1731138608273128,1.0164262923614198,-0.126682522933242
-1.1739064007121582,-0.7299734766027942,-0.15189964056153693
-1.9767488019449673,1.2920495127972715,0.6243318987174729
-1.531750108549873,0.3117509148461322,-0.400304978608922
-1.1218745754026787,-1.1521196776263112,-0.24245656407788413
-0.47425529871208677,1.8432127672047591,0.8956729205585046
-1.8111409251275108,-1.1241224516050123,-0.6442807103493103
-1.3706613812254618,-0.3633823088074935,-0.18194098151030375
-0.4849155335737956,1.8354562411890947,0.6604130484619337
-1.2406129400365273,0.11991953321645375,-0.37029204420639955
-0.9268568865678917,1.7917476459944084,0.6572423345057092
-1.6471621508645382,-0.7512098478291799,-0.6168965331919153
-1.0865688790932666,-1.1462559079839891,-0.003033395158587289
-1.6976523895171949,1.700606515006106,0.936367032103208
-1.1604218313623271,-0.4134937257822802,-0.1724915654567505
-1.1228283174067826,0.06883530966891765,-0.08847423265019444
-1.1875185074509762,-0.40743125306656663,-0.6797531701893225
-1.2406436058231463,0.6741524340956668,-0.30502479004801286
-1.6512960751002272,-0.5827839688599362,-0.6783179701048382
-0.7370119604417283,1.1120066908417172,0.4182666678108952
-0.4450513967102662,2.2510931274008104,1.1346888097439913
-1.4253855398524464,-0.2707956463939539,-0.40583649169595537
-1.465885217221306,0.09064799651187153,-0.3020940536198933
-1.0333653578089435,-0.17303302249817365,0.2893498202707259
-2.3626616895701193,-0.34866381859166334,-0.2663004802848121
0.04732516459472337,2.4916823754372044,1.4115544326739233
-1.1979550784069042,0.5088318927187587,-0.37308065761079395
-0.7978734424156906,1.3069562578896552,0.21818790878161148
-1.3700898905697032,0.875237594566313,-0.22485557966972258
-1.44147142655256,0.9162932744496197,-0.23620994310175072
-0.8129394844902327,1.778849921451854,0.4923932612433529
-0.992637439082359,1.0786686955639164,0.3572177223011156
-0.8203351549734194,1.6370373557151283,0.41150464256910096
-1.2410935673047538,0.6419122972862371,-0.23593805833422288
-1.6571538656064224,-0.09653594309428205,-0.7591566074089938
-2.364993352394279,0.683651924477246,-0.015361709093872312
-1.1267819109654893,0.827499923293158,0.020323694969155516
-1.2567516964711336,0.3814266792733158,0.0037758454952041536
-1.2711081758735894,0.3140233749486269,0.1518659628504807
-1.1146321309151614,1.4161579343272694,0.364955935540474
-0.8895886867669754,1.489524072383229,0.2929537588696319
-1.1211044447703993,-0.5676255236830825,-0.28268753433412436
-1.1584113554782747,1.0600381639399368,0.048344092869272805
-1.5772148455903507,0.11855736175896402,-0.6190532655833332
-1.618057647195902,-0.26547169322461295,-0.8360659503915092
-0.41483829026856817,1.9595966887048486,0.7055295598778232
-1.9794843115486431,0.807700061092833,0.31869428675928385
-1.4810149612752626,-0.049822857655432394,-0.7876220471690698
-1.1386167386352843,0.9168810337588784,-0.15129531936347643
-1.7543454129854574,0.03657837451741114,-0.8801095721187752
-1.0876322372506295,0.5539282277528784,0.005028576324661572
-1.086294613235048,-0.6823108277829018,-0.3311444238448295
-0.7936428358674312,1.2233739109061559,0.387093927707628
-1.3357578424511927,-0.12792062054606917,-0.6383452025555392
-1.008608516010413,1.2025078386359447,0.38314996779140953
-1.4065520850845172,0.17807736215786144,-0.46458913513576816
-1.0521107920652095,0.8905239214311281,-0.16410697317247722
-2.0536953466349197,0.646882872775394,0.34417064477469617
-0.8326828412177422,0.010524743395295707,-0.05957852334286879
-1.1932591075597576,0.5352696900759101,0.09375933944151814
-1.033228065934266,-0.1871836261227444,0.2837114735406738
-1.465462908510186,-1.180595408946508,-0.5391054870983011
-1.2154668661747263,1.0861823018266168,-0.054841461001259986
-1.389803087350801,-0.23178078046831294,-0.8087103826608434
-1.2877708110767174,-0.1038525282719382,-0.3874864151659443
-0.9348245074447754,1.2466854082981538,0.47862633957246825
-0.856255732002546,0.023302731245350417,-0.5309307686576704
-1.2905169559853644,0.7786617628971854,-0.2635450026874523
-2.521538346599067,-0.013813188757387315,-0.4262090757353596
-1.6968210065276061,1.608079994620508,0.9066241871160333
-1.3888569432039966,-0.5712378573669705,-0.27308272071849304
-0.8131520829052296,-0.2480557323172766,-0.6520210704822865
-1.0983120603427083,-0.2887864658276581,-0.8695399812656258
-0.6967608414142643,-0.2500569352947743,-0.6893143377782213
-0.5356904404840825,0.8499762170272964,0.11536622790141286
-0.17397045545157835,0.9196182330269808,-0.146391248245281
-0.413780010256465,0.8125351952466854,-0.362860617807375
-0.46908373155990946,1.1380855335755087,-0.12337036475238294
-0.8778745873168048,-1.392669332436411,-0.3507228889280239
-0.9659143622769818,0.28099468006293393,-0.6824620852951234
-2.147449571609099,0.5347394939281921,0.16266506569652095
-0.8207486846075593,-0.2719583365643272,-0.7687840552865753
0.10254032604066687,2.202758457424775,0.850234554083627
-0.89519362503691,0.23395344143634242,-0.3283247155177485
-0.6939849506043082,0.6432921776877225,-0.6144087243107785
-0.5486134013501899,0.17166456550906975,-0.7751953675694203
-0.864952528322248,0.41454530902527864,-0.47315399983390105
-0.34805781393235313,1.0611003836505204,-0.19473811603268293
-0.7194488401527172,0.40866820555249195,-0.4152958290273646
-0.7375351431920134,0.24380743185966242,-0.5089637039889333
-0.4780756404702373,0.020429226519348573,-0.33433161834544106
-2.2294150405436666,0.629050535600793,-0.05439878965392823
-1.0031443577817123,-0.45183282313771017,-0.91222597765
-0.0643495150382873,1.9128158812119205,0.7219705012057887
-0.5932873691694707,-0.4614735592147019,-0.9312828289470525
-0.6968064596723862,-0.47095294916793906,-0.5422191518895572
-0.5251196972431611,1.3040763263688293,0.011093501675267979
-0.6255523240000085,0.9645724544517236,0.03480581332719575
-0.8931747133956078,-0.9448975636346705,-0.605383314611081
-0.534808606528241,0.45910123663695224,-0.8331801454677648
-1.109137637779586,0.02872447666876627,-1.1054918125275093
-0.608058213193322,-0.12977294988932286,-0.34903530292848156
-2.2900958049527604,0.69167504676346,-0.016224078221855464
-0.5773519854122481,-0.054409733426505964,-0.7624822858490905
-0.12472793347165995,1.6195451848891333,0.13772088268587349
-1.0618167205927262,-0.024553207241391855,-0.7918702953183614
-1.0098307923624006,0.11409236601611135,-0.6873950647201527
-0.8496072521922813,1.1184723786359103,-0.302959861462349
-0.5577175350297493,0.7338377096670181,-0.288249259402446
-0.9612086486963062,0.5387355233476728,-0.6920900688158776
-0.516432210035456,0.46676998372692624,-0.3830926032072242
-0.8061811792242879,-0.028952360055571637,-0.880095366075913
-0.8484478963763188,0.9955600154766866,-0.3483723287437186
-2.5344813572972322,-0.2294204860411803,-0.507031792278651
-0.5092932888317748,0.3335772281549726,-0.4024348444420146
-1.0462703172349586,0.4020937335059951,-0.5938930058508293
-0.7835161440932479,0.8305960704431151,-0.24464261357121855
-1.27529255157178,-0.21308422546011435,-0.8110323309920756
-0.465537274454217,1.3649117751912745,0.011424848766400531
-0.6847432667635239,-0.33298167864810746,-0.8495652818365673
-0.3072452794169244,0.6821099069300557,-0.16674928113097248
-1.0357502082412693,0.04883240498560749,-0.9519223531839622
-0.8850037490014954,-0.25129931941740763,-0.44876092792392164
-1.1388980804782378,-0.4064971233770962,-0.8483824354223146
-1.538338616235162,2.0204049429149795,1.292914177543545
-0.5245018627589183,1.475428041591474,0.1208185105776525
-0.5506929496915816,0.7654255074070475,-0.11498958663688455
-0.27052130992802836,1.4228461491622943,0.2413821021662347
-0.6108390463153219,-1.7855002278810275,-0.3362005920390835
-0.775784737101233,0.1125301638630269,-0.4837845102385467
-0.5328940990424296,0.1865746366227649,-0.8633985125439422
-0.10270595214886595,2.1540540186485697,0.8052238226882301
-0.8330333039843764,-0.024783450760376604,-0.6855791968159439
-0.5557393921529766,-0.40827957163560846,-0.8308333147580754
-0.7749655725446993,-1.4912172206275225,-0.6047153252317679
-2.1774008873186745,0.41315193169923126,0.2383849741667332
-0.9567562832109154,-1.1446941026573991,-0.6193410356504466
-1.079979241706299,-0.26701195938067995,-0.8273997944531415
-0.36410450165035324,-0.03881902702259221,-0.03468137163132306
-0.6775127701042682,-0.28159926239074823,-0.7111659904349288
-0.4603811510531717,0.7548553237118752,-0.1497209109969359
-0.4877392177405918,0.43092774483515156,-0.22230763777004509
-0.6604253245132767,-0.5128365815394699,-0.2552286688337019
-0.24552503130808756,1.672945995439837,0.19969138941608666
-0.3918600892217431,1.7508393573211285,0.18477749423114728
-1.044602087028112,-0.7448515760573193,-0.5674282367114817
-2.4097816828268566,-0.05206867854739972,-0.22548133513237192
-1.0932273366289935,-0.4648469788168223,-0.8868918978400355
-0.9795208720766355,-0.2550744293968432,-0.7721196320726139
-0.8220017490992946,-1.0733713458322423,-0.6509508970990349
-0.4219460269960041,-0.04305510065607461,-0.948388340123312
-0.39461835035283105,1.4888598875598362,0.23420458734575766
-0.6587450878007987,0.17960316463565357,-0.34879881983906674
-0.8964110770105971,-1.2410957893280916,-0.599728352960984
-0.34547713768356403,1.018120186337882,0.08837406427684685
-0.9519156625393725,-0.602838824822985,-0.4228020210595157
-0.43073745795497304,0.514233128993142,-0.4918870403540199
-2.6759198343188766,-0.2397539187716959,-0.4617207118229618
-0.21625471393124146,0.4349109581482701,-0.4084614356253083
-0.4045207862680479,1.079686164822972,0.08048062614307255
-0.6801642795722455,-0.5067274792468233,-0.6969276162573446
-0.9173528253843292,-0.39921122957253413,-0.9175814403007295
-0.3463037552680629,1.7042816715685447,0.1509666540884697
-0.7145547787025022,-0.04771728575210845,-0.518109747321983
-0.4953307724473684,0.09120612407440738,-0.6689652284449432
-0.41171318926699624,1.3585353897590602,0.011805781770996717
-0.5414183185270225,0.5890292736065551,-0.04953782102066929
-0.7691746518694612,-0.060095559467472776,-0.6671959304498438
-1.9619523972977837,1.388409578069185,0.5828319271845827
-0.9132878259070111,0.22112598142469247,-0.8054038617968889
-0.720142858417577,0.37423768143950825,-0.3185834622809189
-0.7506818613967374,1.3798825801210148,0.042789423032335364
-1.0351171909267582,0.06220507029560994,-1.0285268805378216
-0.7554308248842013,0.1550075979146963,-0.6720692923695457
-0.6655888432445094,-0.4670304713619789,-0.3918240791430546
-0.5215883334365014,1.0768264352063253,-0.22194684344388785
-0.32183357673122226,1.7214818307276414,0.31570963268543534
-0.7137594764379197,1.4641952398980196,-0.09598689810122285
-1.0182150945144346,-0.909586658725247,-0.6086221306029796
-2.492090407939046,0.11863939614081372,-0.4548521849265359
-2.6294025896970954,-0.18026321012534602,-0.6670142854202284
-0.3471576459280537,0.7461408106931622,-0.08868511272344795
-0.31803608746604367,-1.172001784409447,-0.5887317448675662
0.6374714762733583,1.9187952985942471,0.4079100353324165
-0.038966051586141276,1.3996229201928314,-0.22560776651424508
-0.27823887058944874,0.12702267658419947,-0.8700977204285484
0.22763026242303386,-0.2062021141227097,-0.46032794662923826
0.2595820391372066,0.31298729008989146,-0.7823062823439315
0.15132621708627608,1.505529767754295,-0.03009034228275336
0.20451487214311564,-0.02523505426174883,-1.089089702705649
0.23684829841594102,1.7966726914060924,0.27714381072089406
-2.3830415222937313,0.47910845047954204,-0.2199320625149853
-0.4940310072682189,0.7694010392501971,-0.642672293840479
0.5692805782468021,1.6250569060486588,0.0968578104352169
0.04009600280845552,0.998921327844161,-0.4107014170882302
0.03725863739845962,1.2913671360852883,-0.29417558466715393
-0.07236976549140826,0.5068618796811529,-0.6679595028339151
-0.480208131602761,-0.3278532380264287,-1.2182721814686812
0.28406992430904926,0.6468425772501954,-0.6323737738695591
-0.07924929979203345,-0.13490792680742913,-1.1474595016145288
-0.6802213040859387,-1.248383008953667,-0.27266272311056977
0.08677158249032282,0.03154439719711261,-0.19655552944745627
-1.9469499886112633,1.360992428018779,0.5988815887287267
-0.15729698821419022,0.2672061145302264,-1.0722343601571112
-0.23754853824611005,0.4071314296175909,-0.5698118605528506
-0.49128936824166675,-1.829160467666021,-0.671449519850149
-0.1630706306247888,0.6703318811866193,-0.6898607312280393
-0.14237796272594624,-0.36742792216424625,-0.6346596510513238
0.6027021544454224,1.4715463207778612,-0.19622916844294078
-0.057380071581709984,1.3218651985701837,-0.032059578968400185
-0.06053778469928608,1.6473290819353095,0.09762239582279758
-0.21870168553661634,-0.436962992451198,-0.44100657944450516
-0.014648480979452197,0.8689046859589398,-0.6616048634523294
-1.8503482359014456,1.2975094412717196,0.8338292662690363
-0.41949965758802243,0.9484758073863699,-0.7143083708120688
0.5065738256845724,2.395249754591067,1.079638852330404
-0.16213239663110923,0.46082964887804234,-0.6557815653940721
-0.23580987511007814,0.6113052923806138,-0.9096940965033345
-0.1356668891009453,0.9422419326771209,-0.6103865874119011
-0.2802066545658357,0.22729668531758151,-0.7232742641256898
0.1778787952091929,0.4333988456456501,-0.3576454963712784
-0.3790829900318713,-1.0306218062937393,-0.5619243034241994
-0.17141437979301782,-0.1794277379056672,-0.8781933287857056
0.3320568405845051,1.281397645101233,0.04131145298898534
-2.7537282690963236,-0.7926678368209195,-0.7086859163994821
-0.2627942315038268,0.29329552680959325,-1.0262327557495008
0.3872382982649845,1.7924201775595663,0.22458337536585762
-0.3162979958838282,0.9670302032742724,-0.5207744634519268
-0.4801117098324578,0.9014737068512872,-0.61294567957291
0.09702688039890889,0.04593101018851674,-0.8799573362699137
-0.3290623081616506,-1.3368708562086384,-0.683542434656985
-0.16004275948041466,0.44766687713617576,-0.8934602723839575
0.015379178636308251,0.8732427378519773,-0.6700495567223176
-0.33463305991744635,-0.2795131191675196,-0.9903628160555383
0.14619327009083807,1.8426193841626912,0.3259710019060757
-2.2432809356569443,0.474382970498126,-0.07531690212116551
0.031149925263672603,0.03979166752653185,-0.4422395431832083
-0.40286167292858727,-1.22223079475485,-0.8796032916652767
-0.3538226756961068,0.06271600512691475,-0.7375983232107611
-0.5142932785729225,-0.11620319955875262,-0.8913324780780605
0.05189491455097746,1.3324503219993762,-0.2828924777945048
-0.554983237016983,-0.7899819255882756,-0.9165544452667229
-0.29847038975516194,-1.1377476103880242,-0.8779846423083972
-0.13545820087445337,1.621154131609431,0.11262592004021163
-0.1409420946749644,0.1675279129566692,-0.9303801646981495
-0.3624388784197793,-0.19960956848087416,-1.0502402857741309
-2.2883438961980005,-0.16125050835755356,-0.3203648419200393
-0.1245463730839983,-0.009109472130721176,-1.1925062635731323
-0.3089986445468226,0.2146897772345984,-0.8205465645996954
-0.06379728565385297,1.2857364998877898,-0.48025728387328903
-0.42805676135608256,-0.019981836901903718,-0.7816239585938282
-0.2210891689377883,0.010784524461916375,-0.4727760625437534
-0.4008361521116394,0.5744746203130516,-0.8684167680209472
-0.23770621263057803,-0.45355839649834184,-1.4058577051100614
0.009519175693986257,1.0511856904494064,-0.3797033368980337
-0.46683779333473,-0.276469854209526,-1.055946170524148
-0.40667574893102654,-0.18992197356404836,-1.1344271372699954
-2.581847719628038,-0.7062609527745853,-0.6068753195080314
-0.1103141676229547,-0.19983077968330223,-0.9886022828696975
-0.5938380774410486,-0.0815354989197915,-0.6433285699240422
-0.6924760828443346,-0.42183341274344965,-0.8737018588993348
-0.5510887077631698,0.3287085177984387,-0.6696782271001052
0.06004311540458645,0.9186639756591026,-0.6672111431196567
-0.25470958405174515,0.8176912332526415,-0.6006253884774846
-0.45066829774974204,-0.5882492308855262,-0.9822110111100676
-0.11602690180145213,0.3679246796157224,-0.718746507774169
0.08413990985125896,0.6822041465776018,-0.332713683858273
0.7111946458605013,1.8764092280908293,0.5873352490423385
-2.5534423086338864,0.1444749492530685,-0.320904831203026
-0.10416138159725491,-0.008326300116354414,-0.365760668938705
0.22028484248213073,1.022591205264957,-0.462309301163168
0.5294727135862638,2.010754424477739,0.701904671602858
0.26671069164209993,0.8864130298900925,-0.5318296705961754
0.3335973168592225,1.3145821568691023,-0.16721315176348106
-0.245038307223113,-0.09654251129022533,-1.072657786192782
-0.36445411944799133,-1.3305901753520564,-0.33030411115950714
-0.12716230237702078,0.06855241116054642,-0.9398146094352581
-0.4413886067535989,-0.44161890097452755,-0.6880541917889029
-0.009993179299000208,1.0866327978233243,-0.14104837551177213
-1.946987988373324,1.1529837774845335,0.736862579376106
-0.10487599932448051,0.28286643520687893,-0.2518781839072005
-0.5960166665923751,-1.239816789331169,-1.0707301319730664
-0.11263224044632215,-0.7578812659028439,-0.35868484293147485
-0.2694602710998274,0.7884002170256956,-0.6072098730750902
-0.20123606848310238,-0.25626735017829266,-0.8452025790247392
-0.029874135059434266,0.2403439976360898,-0.4559761180981174
-0.06933135986819651,0.740844068625133,0.015814671246353367
0.031868896096968545,0.7232927748343613,-0.7348841307053714
-0.29488111691690966,0.2653485165485478,-0.7813964092328736
-0.0797171699261187,0.9509094790854417,-0.3891390619233902
-2.695602893024698,-0.229585930042103,-0.8751500048970487
-2.0726715482091613,1.0155138433688975,0.5353245656984676
-0.2864356026576694,0.05677054175827231,-1.3297479447689966
0.6044522042465165,0.5695888320520269,-0.6961039639022456
0.8056996777847364,-0.25662315512887623,-0.8527620960592533
0.9977055503947494,-0.08055864554725864,-0.581639120529145
1.0888838631926523,1.3701444687281163,-6.195383852604207e-05
0.34746662611041873,0.713135587174485,-0.5524351502991821
1.0718733443041866,-0.046121941580228566,-0.5612514726976636
0.8639876733828278,1.4413062748519934,-0.07704707576684691
0.41253028197328434,0.5754672619493492,-0.806971926871852
0.5000761779334106,0.48011498139739994,-0.6961488577900604
-2.2093507258981644,0.7504941643898333,0.23335650721649345
0.31552695411523163,-0.0023502096033540475,-1.3648761778936918
1.239527915402292,1.4754852350468195,-0.19059339950927295
1.0449658815033773,-1.3325570895365266,-0.06265554541507522
0.5682211777008137,1.0688503237251565,-0.30535990201429036
0.9921169958540587,1.9102569693011686,0.42730570814458824
1.244478063619002,2.1075778160623146,0.6010952757638929
1.5415539994951775,2.1109864829470526,0.6800575011510188
0.19188271384162006,-0.1023258062952303,-0.8582108579913776
0.21530500727157467,0.7400588506931967,-0.6965993934460989
0.6076757465070575,0.607202250160235,-0.8604528464442622
-2.0851340572141526,0.7811448263647464,0.41496548964836044
0.4202415299865912,0.6435071486982326,-0.2351711386494367
1.4573717544646434,1.8596489746970202,0.4310949371829514
1.2492147368950055,0.2959075540711235,-0.4717974481922159
0.6206444559787095,0.4502985102209807,-0.7487221199701868
0.7594700092777906,-0.618258493640214,-0.44372812001866574
0.9628596827998055,0.6842178520355239,-0.5908693876107599
0.6031250494579701,0.7063780004228767,-0.6415999455117423
1.063692085234069,0.624685944662935,-0.03399543288637354
0.868889118093691,1.2076735191961887,-0.5334161917599348
0.4845095435698226,0.26147128257749697,-0.4931974283667242
-2.2423656763606257,0.41081100596662756,-0.13270802627314637
0.10261578165082448,-0.07981424420958207,-0.9434019624441867
0.5291634251561689,0.2917858064198654,-0.4394200773359095
0.539139501845361,-0.2308027335363761,-1.0086217154161015
1.05013134057264,0.34969479182715285,-0.010237005337895965
0.6548260957229386,1.4403464378933928,-0.18785586466293552
0.20075780810417362,0.7078328403806499,-0.6830180865863359
0.4032355888109991,0.8525526752529133,-0.19306112431212574
0.9546784743474717,0.11359234924355571,-0.9947888321064715
0.3265509150924446,-0.03141156298437131,-0.8401498440399235
0.7818266598302888,0.7295191189483252,-0.5331150102529477
-2.08583581318425,0.9184192967066794,0.40197917592628885
0.7272631480404965,-0.05028374959150515,-0.6097451865708302
0.30881783305445165,0.41759882710929735,-0.8342688299549185
0.6824588708075476,0.6475278041106841,-0.8698180239316243
1.2174045298991565,1.9345378397179498,0.3606814730271465
0.38808842089250273,-0.24823246377550542,-0.911227575197782
0.8924547740833069,-0.009038971384314348,-0.6314907546099047
0.36518915364880034,0.8059827948213519,-0.6998625792384976
0.9620109307778947,0.2770142696443097,-0.19744050536243082
0.503348300946551,0.14285892834513222,-0.8305294548563016
0.4057605946983945,-0.8618725465118054,-0.8045907354492439
-1.5869178625363216,1.883919225624757,1.1042610247681897
0.877498149223209,-0.01710408217440421,-0.6296177191124323
0.5002214459316773,-0.07492533226975905,-0.35446277263199155
0.7576415631207637,0.07513699041867475,-0.73380995634819
0.767516031404718,0.4814935128294844,-0.40603083684033175
0.8022390876969545,1.6071542824356233,0.009381920443771768
0.6960302626868358,0.2370895253662806,-0.6596200221848346
1.0439178697375693,-0.2494188027783722,-0.6071849133569449
1.130570792085903,1.5866260649239985,0.25257468022587853
0.9446538169056798,1.0110503603602732,-0.45555547950205505
0.5995325787372494,1.0766521285991426,-0.4940632060753795
-2.3036108253923557,0.4734978119840996,-0.03394939148666252
1.5469055658132156,1.9292655448744152,0.42831424429319515
0.48647734741440546,0.1304318808784758,-0.6202187387179491
0.27076141556444755,0.8709184839680251,-0.46413311859109097
0.19417904019933216,-1.1149269228172314,-0.4530424193082667
0.46062199206154897,-0.5466320590012804,-0.626900208570545
0.9293159361059005,0.8713736320515502,-0.3280084478009176
0.5985311443416286,9.49192633201969e-05,-1.0972698225189943
1.658939331853433,2.273456275596245,0.8857399795277139
0.6941768753605492,0.3460816263896131,-0.5306966187914419
0.7051442319224503,1.0387705466326336,-0.5447634327580335
-1.9623795231594021,1.425596924242152,0.6047739272228857
0.8392228689630276,0.8945284173504133,-0.28473900714885503
0.9015763774245201,1.9444114923706255,0.4714342770547264
1.297292686132171,1.5844686790987974,0.014123700762233656
0.5128669698491057,-0.6914905174616656,-1.1499115677339276
0.4881682434102073,-0.1488628910025316,-0.58192645302961
1.0040050849226774,2.0988161742297287,0.678989790928894
0.68430458783999,1.5012869042847128,-0.17374717101271545
0.3904079868568556,-1.8169690876164415,-0.15056023384027414
0.3800572991824404,0.09439945347641134,-0.43510394642774997
0.7472659184188453,1.2104418980173752,-0.309981563338794
-2.5049190418553064,-0.05748441588738959,-0.573377100330927
0.7136848555329817,-0.5481164685133458,-0.4005200353259014
0.5388425129535974,-0.9385125235251496,-0.5211537946617814
0.8873345581405154,0.2735399685990778,-0.22326404681209502
0.6660484200111572,0.14599355769001482,-0.6002490552871741
0.7706531998880717,0.3144343788558218,-0.6756085591215583
0.4336367865293991,1.1294419461538614,-0.4170763483026624
0.661198763801554,-2.2986421619123494,0.05042980900820171
0.8133651828880125,0.05116303102807604,-0.143984289739202
0.49717016658607616,0.7796360914508125,-0.5768038520039581
0.8976666503971903,-0.5061542668883491,-0.9114620538835244
-2.053649595922158,0.6626762668776301,0.32908976523025635
1.0139634470174848,1.343969518402238,0.014941570378888033
0.5635074900035624,1.5546877148354168,-0.11177666428250224
0.2091430318916761,-0.7042794711234578,-0.7148568321010497
0.4795346474230797,-0.9866286556425499,-0.559164696481863
0.7319006176634716,-0.6137191191482236,-0.7451900484758291
0.5471504602137778,0.10619566131962191,-0.6822828314947935
0.27134892602320687,-0.4045396080283351,-1.1501160832724022
0.8901918551006115,0.28819612497821806,-0.619887067654182
0.5102431475017234,-0.3868729893413825,-1.0641588812836364
0.3672027678107329,0.5984406083276487,-0.7825583312792612
-1.943746332721698,0.7539231400880432,0.6455394785922144
-2.4641069821695685,0.5045830629198995,-0.4893600821692691
1.0525155447722723,1.883556564025817,0.39632045477948163
1.33901139578076,0.5950147750918711,-0.4234254699085414
2.0209017482900324,1.7600597486364817,0.11337533226910622
1.3668532970151128,-0.88663929727809,-0.2841340082987286
1.5944361044035358,-0.24439371620442685,-0.9951035401696422
1.2120390527145724,0.18546659345453892,-0.44373619223561667
1.7648265543848023,0.9530339023428278,-0.27245535192680514
1.490870737226674,1.2960577331688994,-0.04421775078550532
1.3517562527312712,0.5883570664377784,-0.17824154558117603
1.7469995133438723,0.7932720164327104,-0.3419244917144587
-1.605029285815497,1.103160050020082,1.0311478585724612
1.625361056138345,0.5242006560478754,-0.5482869675863415
1.1322676834584042,0.6182591139093052,-0.2031082222875175
1.4934594092063185,-0.2547638148480671,-0.3676005704013164
1.4143714644927186,1.4326147245255834,0.0356267608275075
1.8439801366958508,0.5428985742444437,-0.4613079003208249
1.7328496342794129,-0.6402894287454917,-0.0753795057134867
1.5051000413872604,1.215244714049615,-0.3880736092967603
1.8090050746580633,0.19174700891697605,-0.7417932443675899
1.4700285411024683,2.058458160205004,0.5712184752232579
1.0879274934787841,-1.34955144043361,-0.046854530744668874
-2.366513599766319,0.21925807735123237,-0.21812545231187125
1.584482435790984,1.8021083064030052,0.2776411229318212
1.7326271211395667,-2.955140874850135,0.9613153805113169
1.800241276657834,1.0950272069520708,-0.3818787780992656
1.652213015591063,1.7125962691624408,0.06580055798850466
1.14931184227585,0.0019725097730151457,-0.5935989706281969
1.887167576962436,-0.847722192409154,-0.41907337375016696
1.024317146979116,0.08148623752872715,-0.574869482061451
1.2265122668825852,1.3427849722243421,-0.08986818226827484
1.1854816698596065,0.06613749444711958,-0.7340333038159433
1.8310926798232046,2.035044896923743,0.4398109734231219
-2.118680513562794,0.8123632462194439,0.11349520301105329
1.9916471810304623,0.8192996989519029,-0.4020411255298285
1.7810373031128248,-0.8144951834626967,-0.30966867262311937
1.4335105965968253,0.1528511808472934,-0.630126369535181
1.3706636759135342,0.43190401742748874,-0.4985905994841458
1.4785913039227818,1.0120558516996812,-0.15229247652404845
1.3078931984774071,0.43988037884356446,-0.2007688844747183
1.5196963516354565,0.0411551931230006,-0.15655733089182491
1.4310471269169962,0.1640711347148239,-0.3727324407052478
1.4568236675407908,0.40170935910828215,-0.552039529648837
1.2124511402660276,-0.18514940905265895,-0.24942834227501393
-2.333379144873617,0.4253389571526291,-0.025153716511420728
1.2253681679269415,1.4607066690957644,-0.04288195951784092
2.0060824153046113,1.7378440342218213,0.10961002103652656
1.2370608592536185,0.2555469270698289,-0.5230811560272761
2.057936188447978,1.8989522595953896,0.3092854753650899
1.6709402720711382,0.47528453635786294,-0.5830375321840278
1.5106603546132347,1.6627285270805616,0.2475378733088187
1.4704175347473871,2.0183647832687206,0.5552431594881103
1.3385128871739236,1.503135565634271,0.08915898770027739
1.214227938645046,0.20254784683614988,-0.6898534276054457
1.1492787782595493,-0.4216598116110464,-0.7946684089688214
-1.5872306116160368,1.9605900570533137,1.0885008259453925
1.2265610391807011,0.0537495912619334,-0.3089415873781222
1.124054021304461,-0.7137392310738809,-0.07329678674364824
1.6299979084185383,1.5959194726181938,-0.12634427387489944
1.6678849984834412,-0.9210870982828546,-0.3995918480138969
1.6585513238053282,1.0593100684947616,-0.19450311604889953
1.7048199014876855,-0.18059548658891275,-0.5802508155720557
2.0194552809738218,2.0729891026015586,0.5446319785087133
1.455895675188887,0.9449061678414316,-0.3247030948322703
1.1825605870884486,0.08350560310903321,-0.4314420246169917
1.7902300749077589,-0.5632063135704648,-0.8925901955244548
-2.2099914809179126,0.9088264935347476,0.2002623541018357
1.5520979400250512,1.020105690239039,-0.4810870901049847
1.6968949394048074,0.8994238291131639,-0.4242112724624709
1.9099308170587725,1.4935796280422726,-0.10793943817483664
1.4110437876540587,0.06211715761475924,-0.8119342323934894
1.495546465973978,-0.4696472232443967,-0.9307809464565457
1.2596927446822748,0.16542389683327982,-0.7199053699280884
1.3643816922661274,-0.08840648964285697,-0.5324816789699854
1.7640256774173992,2.056162349978882,0.6243995291711866
1.17671297692573,0.1131824485632397,-0.8660293571462471
2.1039043980256897,1.8099427629690934,0.25855959503225595
-1.5869712383678773,1.8654935991721484,1.1218553842367025
1.490029006631598,1.2189717729466674,-0.38150195152424454
1.4263293919957938,-1.518983484627834,0.1738318380309478
1.1305568088830154,0.3854074325960473,-0.4357316755992837
1.4625085671525064,0.26331875992461073,-0.5962834623297787
1.2932997829069364,1.5143167423254282,0.10887396101782483
1.3524305430570125,-0.884785370347383,-0.34599240709379636
1.9387359342158044,0.9310274506071275,-0.18643524935393221
1.5528150654419117,0.7035033268040157,-0.3543148605212579
1.6727250664419417,0.2913266892384443,-0.6563360396747047
1.49954062258309,-0.28778065778980644,-0.43327736370600994
-1.7430027459224675,1.6644075093905553,1.0013246440540744
1.148223304844179,0.8070645667814708,-0.4286356827632126
1.6302130556110004,-1.5550775109231056,0.26900160680234525
1.8495322681405586,1.5202800333176245,-0.07695418480973
1.4815201972492291,0.7101763077088402,-0.2725772067651594
1.2318666499949966,0.790911430866086,-0.30976370474030585
1.7215031018595206,-0.30286201236068405,-0.20636755566273063
1.4392334625039558,-0.05515623750469333,-0.5446660298223734
1.6163128845214672,-0.2566884265058375,-1.1609168470551685
1.1427496169025562,0.5144950339078949,-0.695952057614766
1.3125891055096055,-0.515600523892744,-0.5674449438092213
-1.7749754532356057,1.983597914041493,1.010437332193266
1.6804261036673385,0.09112695682962654,-0.31106781863557487
1.5373374554112222,0.298927446000203,-0.6075280887271581
1.3864289673524075,0.09342276705574865,-0.36424887258350364
1.3713043713286945,0.3658678671794924,-0.5249028842243888
1.2168262945282726,0.5282788824738752,-0.1350266530993805
1.623530490110862,1.7334586308682094,0.390855513987041
1.3523007703374168,-0.7039204385556964,-0.448478985363197
1.4619234332613185,1.0165252703096406,-0.45199411247498544
1.1576555751723285,0.6916250284799258,-0.3238916386281608
1.468536325224938,0.33493786239282003,-0.7235744799724938
-2.056471750830958,1.0219173257507812,0.4009843458999189
-2.02201528204351,1.2848050630358196,0.6616412315035334
1.3071940468605487,-0.08160067360072176,-0.8335927887465037
2.3268750818931294,-0.8293395826023283,-0.06386554855972768
2.8606856566756114,1.903406454470834,0.21906563711476207
1.911676165679158,0.32055003236255536,-0.3525461510129116
1.9030854283439207,0.43820402383427004,-0.43520233404273817
2.7243500039227357,0.6414928730212703,-0.23854907682139295
2.5619550399297717,0.9328936927313729,-0.19544154678402806
2.634780309194466,1.9428033003646208,0.31106243251743815
2.0572738367257006,0.042451476374622224,-0.6437570289292155
2.577346422393014,0.8961485587103223,-0.21516934692666534
-2.567239577678022,0.013497475303755254,-0.364444262986923
2.1771785373767263,0.08102958938362806,-0.66907828191409
2.362494876511577,2.1136614537584153,0.4707001484431043
2.2143929441221197,1.662059025856379,0.07516315767948178
2.216887079845423,1.4049897266766787,-0.027266807916464342
2.643282410256542,0.29870714057728653,-0.4735679184038723
2.146052542763548,0.18989636648715585,-0.6155268148036853
2.4023060280197344,0.3418310453681259,-0.3749994652286804
2.2479345638050523,0.7564510643272014,-0.15892697470213366
2.3791985908122713,0.17199313142993256,-0.5694236843310226
2.203438704164101,0.2664375197894992,0.10637310390894232
-2.2581689675615597,0.5412836058041224,-0.1290687625264088
1.7873223659123243,-0.027250631849284123,-0.5799712074144343
2.2886856821450294,1.2051645054345905,0.004604320707011326
1.9163259047705532,0.6231516799314932,-0.3665960354145597
2.4113290938786442,-0.2361506783158185,0.1419725875624429
2.054583758358293,1.0875054160551312,-0.09781668958010982
2.4467738916922075,0.955225375670342,-0.2827756584906506
2.1487068523406405,-0.08368197025454376,-0.7245348515846921
2.176858189669146,0.1140476645076263,-0.6559221395439686
2.4163243612845045,0.22658039958706427,-0.6924687786885876
2.119243183174684,1.6235115832907188,0.2272484690060739
-2.3342181529819994,0.5152332451878542,0.007102608399827178
2.0958153982596404,1.4866917444765233,0.045980392273853025
2.1757013343540015,1.2210980783861471,0.18118164193734665
2.377207858629452,0.3771768839862074,-0.4876676567452676
2.099453104008964,-2.5033521691040868,1.293996728530035
2.2568226364170556,0.3881258836631991,-0.44261219020521064
2.581281992348727,0.27048637346691184,-0.730926933805949
2.3859078384755255,0.4823472726360283,-0.3139237890656611
1.8863442541541027,0.23465691358738086,-0.11580432431777381
2.2061765079324074,0.1914971684609455,-0.6352353747086876
2.2366797453082654,0.42581122156951007,0.08689915188129697
-2.7839087092427,-0.4189350342024602,-0.9272016679708989
2.3577565011470205,0.28461763787385824,-0.3825365011063847
2.384865262604245,1.3575939688216891,0.1643563895228198
2.4524028585539734,0.37505062706294445,-0.5139478744227858
2.3431888699318417,0.23645915014748486,-0.39663878134405983
1.8384994772480516,0.8964978396590273,-0.2322475054110433
1.9737908630308372,0.11696708178007013,-0.4540107385036691
1.957397370818111,1.0388470459148846,-0.21622088237553602
2.1170475762486123,-0.8974408888524456,-0.01978828694994923
2.1176823808118255,0.7825098061632229,-0.23968942863624057
2.08650857008244,-0.36027933902220094,-0.30499051097183494
-2.00440133356684,-0.23269307592369684,0.4451027124988238
2.0090503063837257,1.1317046678702867,-0.06494557389244102
1.9821017187802912,0.042219299360456854,-0.6184165357067058
2.342100399650634,0.8964111662022849,-0.2706041344633526
2.2419440508825326,-2.362502270530701,1.3163191816985564
2.1843095253802223,0.8956791067742462,-0.34956555379859405
1.7970847815138007,0.5161789827370628,-0.3685267916249367
2.172190510971204,0.2157283411668109,-0.21999188398538297
2.2531615197589967,0.7654753136517504,-0.292256277403822
2.126229999362338,0.1945636292694687,-0.0991716150872992
2.041432717953738,-0.30171798002433564,-0.3305181762876068
-2.5063680594671793,-0.17816871588197744,-0.34004238149381527
1.965863703089873,0.16622648906635992,-0.5639189307287474
2.455588150982145,0.8285920466273029,-0.46785539370387835
2.445286563049871,1.1085235816031909,-0.2216935689150865
2.336334271365892,1.710748066439971,0.32033140881662575
2.0974072720813313,0.7748541817982978,-0.10072819261704517
2.4294505582672734,0.6433317733771475,-0.26503887716757496
2.297053989248924,-1.8291409838441328,0.5631895797502476
2.214736173808813,1.6266825167949523,0.0610672908543516
2.3283473523571065,-1.285301051903769,0.07150006591197999
2.5857769858744617,0.7950036048006068,-0.12593509271177764
-2.36307120654421,0.39324729483633886,-0.034892125459700614
2.2249234822972235,1.5785546995119242,0.17372906895839382
1.9629120582360136,0.6904760150003472,-0.08856949541483701
2.839563914717941,1.983012885790761,0.3927966779692782
2.465572689867142,-0.7713402530997269,-0.5104486782479078
2.1900628973054643,1.0704709235436587,-0.1503835383476912
2.1024799450334335,-0.9455993765788189,-0.03389056718762434
2.184121772215837,0.13318284140676148,-0.5187619381236385
1.973439443864425,1.7028244967097899,0.172791886399665
2.795632070829573,1.6421102139802075,0.005762101188548728
1.876078435012143,-0.25688715437554016,-0.30657480209708066
-2.6467695203328905,0.1694814510381891,-0.6365645707120945
1.9583684091087625,1.7065515556068422,0.1793635441721808
2.2952397928875206,1.07739958638829,-0.1832290003851803
2.4855471646605665,0.8400054003326256,-0.47348091360884054
2.176319017338348,0.9374088140698612,-0.19831589896567886
1.9052900943305413,-0.35986073716708844,-0.15828930388381676
2.0350865064659356,0.7796514898119213,-0.34493106564900033
2.5587973268121953,1.2583575760964985,-0.06575957199283022
2.0117046159608187,0.858126331128587,-0.17395361067344775
2.1561353060726045,0.7003079059495045,-0.4172385413843089
2.1148678973809423,1.0725971804669214,-0.124103320670173
-2.2573679658379695,0.25363579822319804,-0.02994481210748837
2.4027783601013857,1.8427848385504217,0.21797307929434134
2.208724350623865,-0.559903053693468,-0.4252239339125861
2.229463978877782,1.6583319669593266,0.06859149990696604
2.556966768483166,1.447032291090774,0.009418384407864069
2.055665850597261,-1.9281576259734172,0.797485948825398
1.9950234237095588,-2.180536144692373,1.0343161507878624
2.1885755686631274,1.2237691294765074,-0.08930144877212709
2.4669980690797484,1.2022144177188019,-0.32407113867500537
2.0277595758183344,0.7529866129221116,-0.22093342001133676
2.5451630289574605,0.1121280120629286,-0.6492297154687658
-2.1494784624995464,0.7780377396753355,0.22398491631658646
-2.6758437089628475,-0.01858410648558697,-0.6122691020907078
2.1521639673265773,2.0974456941317245,0.5354513480630738
2.747250351789125,0.33711550452132694,-0.22503187349283774
2.8402544412351434,0.217599146442928,-0.42349803395771285
3.2314087306366877,-2.087822678565262,0.9017028779520992
2.906853599740936,0.9328950197594306,-0.04359450613816812
3.1053549324765903,0.7872892494016649,-0.2880622710106537
3.2096851948314704,0.8814799679311487,-0.2861379282128216
3.066426182985923,1.7003819991682925,0.08593523525771077
3.183936465309817,0.43611476973899194,-0.4534217080294565
3.5471057461089375,0.19572558421431377,-0.6712838596903912
-2.0382733113736666,0.38479865541926606,0.4662053772316235
3.02197637350938,0.08325395005601816,-0.5380674565182322
3.3308484043337043,0.7903442143815899,-0.36314402622317365
2.706651624575227,0.04124205608526794,-0.44798859050084316
3.0495405621086618,0.17295383695799785,-0.3921745582334836
2.8604199678532565,1.2384222253676254,-0.02692148711896026
3.3052823238929445,1.7072434203249687,0.12760850681212546
2.928208989272918,1.831079533937849,0.3041163690401332
3.089414382514639,0.8806367979209981,-0.24578108394780812
3.2377678862226373,1.0862849045056038,-0.21470604280707198
3.0648326339277414,0.31499146891999075,-0.4609908109698856
-1.5705654369503388,1.748119866231712,1.0450647975151877
2.9001434317405828,-2.0364870240166786,1.034062931032334
2.824885940751013,0.25198584652654993,-0.40470995827008427
3.0519361223110537,-1.0436522359673133,0.1889864237872502
3.2247562295871326,0.8777529090340963,-0.29270958598533736
3.034988030144884,0.2917859455275257,-0.4600639133399669
2.90346747358424,-0.09918863313612261,-0.5700693952888869
3.172571904418431,1.4389074064075993,0.06646869652365661
3.01376174300786,0.9299317335928299,-0.20070637717011627
2.8048266345487445,0.7698515037830034,-0.19327836930567638
2.6753425741291457,0.16897630468822344,-0.3869193277503689
-2.0719317924770038,1.08624802356121,0.41032988877315973
2.7382581407497755,-0.11715183370425718,-0.5212742711664302
2.827219902620526,0.011425584908848716,-0.5005618526809694
2.718198834547507,0.40071382355219604,-0.30984268220202227
2.5702350596076795,-0.9833471996973474,0.3757863611325386
3.0439038125191846,0.9224776157987251,-0.21384969271514787
2.6895440936785193,0.25486973541345204,-0.3577814562325549
3.1836389995813494,0.4667744109255618,-0.4412052901143437
2.778780439298624,0.35514594677741657,-0.34834573120719836
3.0693550763123705,1.3985024551774516,-0.03434949498340026
2.871655754720927,-1.0578883776383954,0.24435320568222274
-2.5345194828912003,-0.24258164779304353,-0.49446439265828446
2.9700130854040965,0.7901731382885665,-0.24113376897312444
3.272028711974278,0.6543126779743789,-0.39699976025366596
3.405959659069485,0.6283026629747109,-0.3328179956668577
3.0436063467907175,0.953137256985295,-0.20163327480003507
3.171124591614038,-2.0729144429770523,0.9279895090421624
2.966786726349181,1.1227123234659773,-0.1086326208169007
3.4516912661283574,0.7322265359560293,-0.42699398186340415
2.7947438712396884,0.25943996432065475,-0.39156664272505265
2.9392760844358374,0.8589465384558111,-0.20355761759786717
2.4900968170715263,0.6665203274391137,-0.12763233911851302
-1.8063632658424,1.6214185493230002,0.7303316272536604
3.0256064187086076,1.2587438598731884,-0.07477688678640831
2.946621199731068,0.10188924454128016,-0.5052091676556532
2.9320239422413383,-1.310475463074713,0.3620368936748448
2.990369857334832,0.24164783984554328,-0.46478177585264524
2.9422278597413976,0.5547085605275417,-0.32478207229398687
3.125490667343908,0.0929992600995962,-0.4494656829262882
2.913252771164829,0.44188254751279565,-0.35956470395439794
2.835540753537891,0.7034365375531876,-0.2299147962259249
3.2177175046233395,-1.0846498838348897,0.1166981882895765
3.32309960289416,0.03937241330153983,-0.6572841940534353
-2.1165906150992653,0.5798677282867353,0.03866822831561264
2.8242910092940785,0.3133051288996897,-0.38027712243985856
3.083427493466786,-0.05193441634104215,-0.6122800348137379
2.843289554977435,1.4544083386332376,0.06422537160433664
3.3826299611524844,-1.9487337000608176,0.6675831453140304
2.9520131573219865,1.0957797411764598,-0.11427738095949774
3.0259038844370747,1.2280842186866185,-0.08699330470152114
2.73510821035991,0.03896301942753823,-0.33874494596143295
2.530619115620375,1.1388181079207877,0.04529620084071891
3.2158404472128326,0.24706123876289687,-0.5389238066101564
2.9369421225663244,1.0995068000735122,-0.10770572318698195
-1.9776612922428911,0.4830764108970809,0.3318391094064085
2.5217033332460743,0.5081264376495884,-0.2009180197841001
2.8766579835436747,1.114415035661722,-0.08141909209691876
2.5938321479694717,0.8220303283417371,-0.1012751604904553
3.45697700330343,0.18742829641005834,-0.6440703309704091
2.6874847155583605,0.46712878978201194,-0.27320625528177384
2.8573619721318506,0.003971467114743904,-0.5137051682260011
3.379287867655606,0.44662385251302195,-0.5153601476969448
2.9291933211267804,0.34853499899346235,-0.40184589101724344
2.9925594518976295,-0.838569922547314,-0.0046224722808744035
2.689818677427874,0.2265685281643105,-0.36905814969265915
-2.0234617756980713,0.6710155431857613,0.30086557014078497
2.652651840328898,0.958061864748948,-0.06741942645996296
2.8952528430827194,0.747489150400689,-0.23270831594077113
2.3920280275138537,1.4765996159225288,0.22566557548948069
2.714102960286303,0.8228734983518877,-0.14163200475546872
3.110198836616481,-0.5665068497328922,0.06308899578011021
3.0241955187313203,1.2356177337604222,0.036333379837929274
3.17385370200076,-0.07429676972335658,-0.6517099814488326
2.889669640179179,1.3229470311332296,-0.003415548918653353
2.8080529936036593,0.4373123186055927,-0.3257795174619002
2.992224032766226,-1.0877048488148147,0.19177994350209637
-1.9013173769787193,1.2997365418157358,0.5663388106141609
3.1085812915315056,0.454750064224254,-0.42056341916687756
2.9893418239577514,-2.2160053801067843,1.2276846539255482
3.0305946901552128,0.7446052615137873,-0.2796368179783004
3.3497353098521767,-3.0248321636023467,1.6739020125732678
3.049189549694257,0.3776793762527543,-0.4309260418221529
2.9189421944842144,1.4051134029614056,0.019150664826644823
2.6612701569747306,1.6194131762067172,0.19101121207996888
3.2366773339529296,1.0301407032688394,-0.11675191855285597
3.346491488567189,0.7276563070488262,-0.39320879537090647
3.1554206719985043,-2.2876626691609308,1.1431800005127617
-2.5984825130277374,-0.2986694747576569,-0.6923060864839211
-1.6659543056898034,1.471248103535588,0.898926745520853
2.983696102161584,0.7609615193413196,-0.13753488457631124
-1.2622803399015285,2.1996335534260765,1.4139151391282376
-1.9786861980326236,1.5771896777374335,0.6488892749314478
-1.6167243009888193,1.8123440780528768,1.1322248146810088
-1.9936809816003498,1.6072390601382123,0.6303261334632304
-1.539559006115134,2.173535102213954,1.325430907631445
-1.8501728581691923,1.358050785330291,0.7760192280153505
-1.978983696874751,1.6591249738667353,0.6281021162605045
-1.6041599030638483,1.21864218016873,0.863424022937907
-2.0846841752053282,0.9364465350367337,0.2666701741280359
-2.060116607299638,-0.6701652922671699,-0.45793123151476306
-1.909665791936741,-0.3662162796314144,-0.7154195351442998
-1.9537119218917038,-0.4650601027605613,-0.7502312243494063
-1.7673402526815873,1.0960499139674336,0.10888958929550326
-1.7970856504473436,0.9840018392672562,0.15634983171900363
-1.7093748650272556,1.3884971906289494,0.13382360086491155
-1.6163705384995366,0.973937998104291,0.06992685454444376
-1.6339281368415641,1.319407636439788,0.12360927545114261
-1.5988203997080026,0.3694578527047604,0.18377579649209855
-1.47820659612283,0.7041092292411558,-0.10830266601764867
-1.5956400099160057,0.359544596047146,-0.15146807758765543
-1.6889493411954692,0.6688144945568983,0.01296786569574408
-2.0440082848560306,-0.736369122043944,-0.5357068309555876
-1.6993674507858776,-0.20353841204696216,0.08368987654866199
-1.5203075459257749,0.07663432979710513,-0.01176804374773428
-1.5951287428383774,-0.05889343381357886,0.06297025589768392
-1.5338760481606373,0.004113564381878923,-0.11751044261940774
-1.5061289812055665,0.27769263533377286,-0.0542983162642349
-1.7656926177308205,0.7211400507016572,0.17324373487910258
-1.4631810869070414,0.3359143226312888,0.12463087653945643
-1.584199578097764,0.7231856345630424,-0.004536311620653294
-1.720144008236914,0.825777097426897,0.04293564490233011
-1.7014574552131183,0.1930392017024896,0.052905406168723294
-2.0314998397017816,-0.773350378616857,-0.24560860556800615
-1.5663137155291549,-0.10389561004212307,0.2165431191357464
-1.6937851566253268,1.3073836568435775,0.12135319118569188
-1.6571900842266964,0.1938805361871544,0.12703833796829472
-1.625713122221588,-0.12206774443271676,0.16908968450127707
-1.6763266848276162,0.9276949979532358,0.10034600929194591
-1.6435150555016111,0.6519270081181765,-0.026832302882239152
-1.6603556145222946,0.8141109858697537,0.06781304848444068
-1.5554532364622722,0.7467895460780624,0.1122514330791679
-1.6573580024084567,0.39234969919261664,0.01731701336762696
-1.643873376480324,0.4359159087537436,0.15070769140410673
-2.0457627774336196,-0.2342284158666416,-0.6704837026775401
-1.7925548927510877,0.32218443087404197,0.09569798065429813
-1.6261785856045985,0.23012263162187235,-0.007623805990812394
-1.6585554242137994,0.4098047217030588,0.13470331812426373
-1.6701177453462952,-0.17028926122408986,0.14019939133502493
-1.7028761114271884,0.2982415818688674,0.13757118364810625
-1.5433264909707483,1.2652904482191272,0.08577572841726303
-1.6289245687982472,0.7387475858613073,-0.040072608368417424
-1.5990417533259058,0.6417975681545319,0.03224239350504296
-1.5365300862057185,-0.1427684694068251,0.26212692216725875
-1.747189173521784,0.18931067438504864,0.13792556924787544
-1.9382976442038844,-0.5246739326961333,-0.7576973183126297
-1.7205558176336255,0.7656775984151447,0.12585783826459843
-1.7668748952622884,0.9079416337295876,0.1799916347122134
-1.5234348380409604,0.5356887144262785,0.028651427540635762
-1.7240416029185552,1.2753542893820924,0.17219870559182296
-1.5256468973507546,0.9721916584781386,-0.014723086591819862
-1.860085212583879,1.4257677795994737,0.19954017859006945
-1.7180310754714363,0.3550551328201919,0.11898539804773857
-1.780946708319386,0.7437345810981372,0.18733318829168777
-1.706163584018896,0.7840601350485864,0.17796801080432587
-1.7380525276117482,1.3065423223589125,0.0472202593861203
-1.893297606162807,-1.2863962604417896,-0.2713876428201848
-1.7203422083436923,0.6752980084088364,0.1610918454659255
-1.8594825500444387,1.2029986337599636,0.27820530791114995
-1.7380525276117482,1.3065423223589125,0.0472202593861203
-1.6591657052493014,0.6196865042036497,0.06515238404446781
-1.7202278845436438,0.7968225415727976,0.07058392406713637
-1.7691327582667007,1.4106922315875836,0.09889227758650779
-1.6408148760025807,0.2095497076848771,-0.03210834349788393
-1.6280932056768542,0.6769864584413485,-0.0896175993072257
-1.5084477325738839,0.5850481475834983,-0.0030776736047634346
-1.6154475150070526,0.69764051516369,0.1486372721298251
-2.245026971716782,0.11753418070540692,-0.4214495199347227
-1.7227068230112157,1.141197353361615,0.11518120727724614
-1.6420807053269104,-0.13510468358006691,0.3257228860433824
-1.7346123804531366,0.6067350104844397,0.12817243199592632
-1.6472373254328554,1.2440865920403146,-0.008185002984121986
-1.5991028072581106,0.7027807572599221,-0.0004554896400603826
-1.764190085210021,0.6448922263893785,0.06092967823491327
-1.689368835315563,0.698378942091691,0.03899710112718493
-1.6430421855499624,0.640788187035992,-0.07045589778219294
-1.6278184828501279,0.4333275004327324,0.03772072889410554
-1.8099370537562738,0.6358992343711924,0.15097680116221215
-2.079337143811875,0.12699079254173004,-0.5163817188812065
-1.6409213561336797,-0.2477619157507438,0.2737097034448019
-1.748409636251808,0.4552472745580336,0.09783443084645177
-1.7043788095162884,0.6308676808948069,0.08486735736201521
-1.7657994223757878,0.7663298457048114,0.155626731278439
-1.7510868278080138,0.7311840452371616,0.20778219208246723
-1.562446733909132,-0.3896645045935195,-0.014878182250043764
-1.644178546800369,0.587004889452498,0.08622900543675832
-1.6106420874659255,-0.12579480332976917,0.16251802672876123
-1.6338366354160405,1.3509944246442598,0.09344751636226308
-1.799892574986753,1.379272755806792,0.2034153065888858
-2.0315534340834924,-0.4533566824474333,-0.4458378515674629
-1.6145780858962793,0.7413367283925126,0.02711844371574958
-1.61646203992506,0.942351209899819,0.10008861363332335
-1.6443692343747969,0.6134952595900993,0.08965956568368985
-1.6624226839885663,1.1262891177734056,0.08889457618718301
-1.4038276561002583,0.6869675165302254,-0.03725913006681582
-1.625446190081955,-0.11198066007804516,0.13392360969640132
-1.5954413727089156,-0.16681496017885783,0.16602293278468916
-1.6933884848797585,1.1878814643492952,0.15567011806416084
-1.780687348316691,0.6691483851940646,0.20748631594857503
-1.507067036385482,0.21030633095159618,0.08984183146650036
-2.1204768915465113,-0.8456614759994299,-0.3008983561085874
-1.7178556447573272,0.33355542897039175,0.11398108233174244
-1.6553900065046454,-0.0360885011742511,0.08171644721552726
-1.709809662366792,1.4948382213713687,0.11207407360680914
-1.640158731667873,-0.15887590751876707,0.1345738714300628
-1.6705525426858314,-0.06394823048167066,0.11844986407692257
-1.4371885721341477,1.2039302786574029,-0.006340306682224231
-1.6277039404999236,0.2164327109746615,0.16503641296328647
-1.6898645740008604,0.6913659351342107,0.09676185111656976
-1.6119846580603592,0.262108175053996,0.05703112203713099
-1.7680267319231695,1.1975683250559266,0.11727917699413001
-2.059132582856804,-0.9254049164047897,-0.39932865332196815
-2.0287617597816707,-0.8538920636877144,-0.4878763665891986
-1.6917256592959924,0.9105322446811813,0.15559086594471247
-1.273880656825118,1.8002474151393715,0.7314526535990303
-1.3623999763693424,1.5371958051685801,0.7497784283992324
-1.3304195379736985,1.0565555370512718,0.843763705411347
-1.4379229027611142,1.4979219879456434,0.837933275591424
-1.3504256802718348,1.9210110123938196,0.826378044756483
-1.1692299672898738,1.7383584866823,0.7994294378332756
-1.3048922084290717,1.8460463676130254,0.8133090750204479
-1.184034122887759,1.8342136778423959,0.718029298263226
-1.2272259613830923,1.5994643764360368,0.6789379008847812
-1.9370389499161802,-0.9415314669339978,-0.624562134456193
-1.4409433902313329,1.9117865775716623,0.8959697504804575
-1.1352055533344947,1.2760627122322548,0.6620500214468978
-1.2854507686447072,1.4738994745755112,0.5744443238035846
-1.1061542599291139,1.4869969656705524,0.6254928466460977
-1.3492663310786046,1.8083537802231429,0.7743648621579026
-1.095131605514673,-1.4573034785045034,1.3367850350851607
-1.4088258056611154,1.6426085875778054,0.8391009437838735
-1.1050329237434073,1.1868413449427229,0.6982592240604738
-1.3460016742386898,1.2223423510953881,0.8009149126288037
-1.2305743819432926,1.9821840229044028,0.7922482899712767
-2.1566373851557605,0.49991993653660627,-0.5026575811010582
-1.107733103242438,1.629218645376022,0.7035352646761188
-1.2296972151272823,1.8541752416783086,0.7804281420257186
-1.3023293406729144,1.4485850637699358,0.7938692351832217
-1.3947844930791922,1.796286710807765,0.8418133099006921
-1.335751257657153,1.9444899670941322,0.8448958979603993
-1.090633124614472,1.3001522928234548,0.6884494788212271
-1.3023293936547704,1.530626111678307,0.7410635126455319
-1.3189793247056127,1.758615898189201,0.7728718659103793
-1.3775014586183232,1.4483528867557705,0.8192097284057313
-1.1976635664683826,1.64833887472727,0.6918011766390397
-1.8930461957927733,-0.8611132702574595,-0.5721560857825737
-1.3186894046231552,1.6022624527897014,0.8423775117258743
-1.3641390001591884,1.706181653424595,0.8277982022971032
-1.229926081277535,1.9495454979724183,0.7436203793553268
-1.4261622159535399,1.972116785177192,0.8792988847473477
-1.2125286104301733,1.5487989802790953,0.7427210368541673
-1.154753963332126,1.9497776749865838,0.7182798861328172
-1.2296132858386961,1.8010887496240366,0.805585585398602
-1.1091518124383641,1.8164620734507717,0.7353953196178121
-1.2433266057260497,1.5862593906548117,0.8070057429392221
-1.286098956724021,1.3322007727022063,0.7352843948121253
-1.968401369571085,-0.8424779757721974,-0.5392977969199948
-1.3189640744680255,1.7638803628899464,0.7678449060622327
-1.3024133295660882,1.5939677347211256,0.7093053539554371
-1.1945971097352464,0.9118483565814549,0.8365074276735366
-1.2144660528769537,1.9057250621390827,0.7210734058476634
-1.347062062455903,1.625596878534571,0.6552349732841513
-1.3801253803066855,1.90679737970425,0.8059516850978543
-1.1803880975217194,1.2054766394279848,0.7311175129230527
-1.3661374435563178,2.042049876481601,0.826258410683186
-1.486652292788205,2.0082509262022574,0.914043035932489
-1.1663544100585896,1.3565225303075716,0.736343358963945
-2.169107373579441,0.03730580543406116,-0.4752874402484454
-1.330892513889059,1.231776453950199,0.7817758552359215
-1.1646915314929678,0.9971322627310867,0.7890698293821865
-1.0595605124555811,1.1831150202558642,0.645891655862124
-1.0198147228986292,-1.2327216600279671,1.1514762629126678
-1.2442419511178846,1.783148058037414,0.7785875679674571
-1.2582298348863963,1.5658545133516912,0.8110865649198149
-1.272355136361493,1.5575590610729215,0.7238103175752119
-1.2570094847428168,1.4742551399839958,0.7389655429286481
-1.3186513386337748,1.7077197934384827,0.7704036742506071
-1.1969465271470383,1.4650532141433505,0.7327641070990208
-2.1690615632620918,-0.03919697936062079,-0.4309618819379844
-1.349434083692064,1.7504446685149444,0.8296614204875151
-1.4104428805321196,1.9357512013481546,0.8240993163588818
-1.302314090435327,1.4538495284706812,0.7888422753350751
-1.0191603482620704,1.8183997029025045,0.7270215682623047
-1.2592214844480232,1.8184619051389386,0.7549974666510934
-1.1100808569197935,-1.0730413793794558,1.0853174086045336
-1.3322579068580176,1.5297416873744751,0.7366351128542008
-1.2904847775586106,1.9517344168555835,0.8075865651743388
-1.320230234928955,1.9319825210523236,0.7956403697429385
-1.1058796430660998,1.4074201034786789,0.6472197297720494
-1.9834268721641417,-0.48453820015087673,-0.7656306241598887
-1.1846214226031682,1.8879100615773614,0.7465493694865895
-1.2884710839238942,1.6211306584993228,0.8040993969401098
-1.0945308252598256,1.9138115805953928,0.7121010944353405
-1.3635136278316675,1.7476874793498638,0.7339050089156834
-1.1987085388797092,1.800479592153537,0.7061121603765209
-1.2592137533655179,1.6570120416725682,0.8580954318023994
-1.2245410917262365,1.2441187901989097,0.619282382262382
-1.1699012492757244,1.9271824103799093,0.749986343146066
-1.1687495252012874,1.81189294585886,0.7004866404715587
-1.3346681596518586,1.8055104114197285,0.8180175146025518
-2.0171842413934433,-0.1864925681514491,-0.551205122185796
-1.018923916597612,1.8179578578556854,0.701909413153722
-1.034718005040832,-1.1710854894227165,1.102751362355571
-1.334950289047223,1.7081178144559397,0.9110162717932638
-1.2291404158870476,1.7899499285418523,0.7619619904986481
-1.3476492495848682,1.5049560354642473,0.7959672049001053
-1.3659543877234148,2.0231824049821734,0.8187406150431165
-1.1079466595505156,1.637557187473959,0.7211069800124812
-1.3467415293118268,1.3054351357312723,0.8268988597959435
-1.1363649025277254,1.388719944402932,0.7140632040454785
-1.1501240261096968,1.2401382392398426,0.6777585185928486
-2.016848570598224,-0.32705261944871283,-0.4967803559147409
-1.0479218871532932,1.7074902787783683,0.6680665059483197
-1.2423961226830713,1.5689724147782445,0.7181847976702498
-1.0921280849983341,1.4610733973944774,0.7454443330036533
-1.3163325806427253,1.3901091502002105,0.7257837469083467
-1.0345425147221348,-1.2848813721694348,1.1571534844944755
-1.1223998941155944,1.598116792037536,0.6891046468653405
-1.0491270400411417,1.8863951647551802,0.6823548455536502
-1.169062214676414,1.7962675983904988,0.744132879503663
-1.4100843939851078,1.8953840259989274,0.8115772050028164
-1.0628861702458448,1.748068590580638,0.6394494447838093
-2.29361153746865,0.759916581527473,-0.44590160068874
-1.9844718445754679,-0.33239748272460995,-0.7513196404224076
-1.2306811865882596,2.027373817907557,0.7746312863706132
-0.8398966592444298,2.3676542795200715,1.3911035203637225
-0.900836724051631,2.4125688076898926,1.4685315419938088
-0.9158238825005636,2.445250422441044,1.4474549206015184
-0.689758361165628,2.389344538985258,1.3488800540137813
-0.8857656892959686,2.40884174879284,1.461959884221293
-0.8553566876450109,2.4114747153534073,1.413650493871386
-0.9602208209018888,2.3073649591031264,1.475457585366094
-0.8253976739665893,2.4228880690587298,1.4080249739664235
-0.8690928828887451,2.1887486593330645,1.422611091184226
-2.07412769756113,-0.3825989845766889,-0.7479275606507458
-0.7652965907768428,2.4268473049699484,1.38925613851643
-0.7951869254042657,2.3570829945096077,1.4250660616424224
-0.855539743477914,2.4303421868528345,1.421168289511455
-0.7950725486223615,2.3965664797651978,1.3873638627813227
-0.9909960004459722,2.445018245426879,1.472795413824028
-0.8394008609545441,2.2823711075806337,1.3927452082292386
-0.8691310614645692,2.2576285454895726,1.382372768266903
-0.8549676940000922,2.3713813384171236,1.3976751781362382
-0.7789946074447529,2.135241362793097,1.4384550587465932
-0.6741152769321438,2.3266566316524946,1.3188152848660486
-2.1223153730172744,-0.19813809887093728,-0.5202391090583243
-0.7943402590634298,2.2185452838820225,1.4232998333931572
-0.7947750564029663,2.324886314624442,1.4015503061350545
-0.7350477166205512,2.3742033921726886,1.3937298265720621
-0.900752847744901,2.441523363543992,1.4408832628290025
-0.8403695291960783,2.3787931006022554,1.4347271152636762
-0.9305059236113069,2.408884104401813,1.4380512626388868
-0.870351411608149,2.349227918857269,1.45449379025807
-0.764114313245375,2.2400457219420176,1.3825082386833192
-1.0361937948707842,2.3691677079218634,1.5468898651483296
-0.9149313594832532,2.1584240100989525,1.5362192578831932
-2.0173901792054596,-0.16526666271459312,-0.5427476020907179
-0.749081457065537,2.305198549201473,1.3356982579934802
-0.6296495998752318,2.3138949593384774,1.3804034611774043
-0.7185427158086435,2.1782422389130858,1.3568718693269173
-0.9310779730891288,2.467844952837525,1.4615443740141036
-0.7345824717876962,2.360432338740132,1.3526197115961813
-0.9154729614677567,2.309954835844526,1.4968527270244272
-0.8857428139395875,2.4167384458439587,1.4544194444490732
-0.9310779730891288,2.467844952837525,1.4615443740141036
-0.8547616502243642,2.1860733371635246,1.49482910311654
-0.8860708066341575,2.4778896815832234,1.4502869207916342
-2.0596662881905017,-1.1917022288392478,-0.17057933609914763
-0.7497145074937076,2.343101538834203,1.3792992087612839
-0.7052183895662092,2.4331649748185944,1.3714270275214449
-0.7936385825661163,2.204332385402647,1.3570775633086938
-0.8694666792779329,2.316147548878465,1.3807537245335373
-0.6135565210464796,2.2321715338724117,1.3142555369019377
-0.8397136034115269,2.3487868080206438,1.383585724723653
-0.8850410844604181,2.320484499456211,1.4410028969023
-0.9154348888556446,2.405157045504761,1.431479604866371
-0.8394008609545441,2.2823711075806337,1.3927452082292386
-0.9001196847302864,2.2292831471059724,1.50949447245379
-2.0449845186117703,-0.7348755402696124,-0.4318050061421755
-1.005861097389619,2.427519398887075,1.4709095515014659
-0.7948666108103458,2.375340574328342,1.3789063426862447
-1.0051516898098,2.2518566369413286,1.5077852465683088
-0.9006536682187278,2.393701336190465,1.4610137463537392
-0.9462252590327273,2.4452496882308505,1.4932508310273527
-0.9158848834509125,2.424192563638063,1.4675627599941048
-1.14150041019058,2.461062928960547,1.5300544714541078
-0.8700387287557545,2.3751083973141762,1.4042468359087539
-0.975719027878294,2.4200652810929704,1.457766235956434
-0.7501568769701815,2.3647692893178776,1.4128688839649444
-2.0295246557794893,-0.5223177013892877,-0.6193698625801191
-0.7784759934030745,2.1501510668016945,1.3731498689849884
-0.8097545897331051,2.3602001617259667,1.377960204818691
-0.7194427579810351,2.298354323088062,1.376232457044696
-0.7956445981001833,2.455527328200909,1.4108569741565395
-0.9457828961789851,2.433837068735722,1.4530804405064806
-0.9305059236113069,2.408884104401813,1.4380512626388868
-0.7348799110252355,2.3500714559725155,1.391238990780139
-0.598760103153832,2.308021337167233,1.2859569960034698
-0.794660626639206,2.2823287519716606,1.416653829811645
-0.8101968996049913,2.2895717333127235,1.4709363178772523
-2.211818664022476,-0.2879911326124809,-0.5077101899132276
-0.81050969504383,2.4380284816611053,1.4089711118339774
-0.7800015138666991,2.3928394208681456,1.3807922050088068
-0.9300101253214212,2.323600932462375,1.4396929505044027
-0.9314669667340475,2.5079383297738076,1.4775196897492513
-1.0055101763568117,2.292223812290557,1.5203073579243742
-0.9006612933375215,2.391069103840092,1.4635272262778125
-0.7801845696996023,2.4117068923675724,1.3883100006488762
-0.7032657498636976,2.1635444055677238,1.335241976142112
-0.8700844264866603,2.2772739553035684,1.4721334379908833
-0.8697182552162662,2.1472428334077955,1.5165042845656458
-1.954054999255561,-0.6655516064357027,-0.5843189052284182
-0.7497373828500885,2.335204841783085,1.3868396485335033
-0.7042573464434686,2.3341107494466,1.3319586004110802
-0.8395076655995111,2.327560902583788,1.3751282046285747
-0.7350629668581385,2.3689389274719432,1.3987567864202084
-0.8993798296571488,2.146190362470089,1.4835105252866505
-0.8854987571563356,2.4189288331475125,1.4267938094164174
-0.7647245412990209,2.367886456534237,1.3657630271412131
-0.794279205131225,2.1575620947766327,1.4559977165382603
-0.9160069383334664,2.464117893940472,1.4549727162415877
-0.7503018072091165,2.3967979225691693,1.4078192799846474
-2.0961015642310654,0.4898343206023232,-0.5590833271478505
-0.7639694359882964,2.2900581365990984,1.3347521201259267
-0.9294685763187743,2.2541111546251735,1.426253758825479
-0.9911103772278764,2.405534760171289,1.5104976126851277
-0.7803676255325053,2.4305743638670005,1.3958277962889458
-0.8698556729228516,2.3562409258147485,1.3967290402686847
-0.7035632420830928,2.2352245707084792,1.3210555327883804
-0.8548684548693309,2.231263132166679,1.4772120995158762
-1.0053347456427029,2.2707241084407563,1.5153030422083782
-0.9152518330227416,2.386289574005333,1.4239618092263013
-0.7794294643888775,2.3338785724324342,1.3572990936335898
-2.075119294140901,-0.21203264069781333,-0.7512109363817778
-1.9105811903104313,-0.08728656434044087,-0.7966434326537545
-0.8242077117117399,2.1464225394842544,1.4581700320641406
-2.04886708160598,0.05838543900836027,-0.5253925107687994
-1.937473581687417,-1.0915687109052397,-0.48129377878401514
-2.1269453632215596,0.5935423847841752,-0.5325234640560452
-2.121956992433974,-0.07442317840342226,-0.6383726654897693
-2.045511095531574,-0.22940579621271504,-0.700622817634269
-2.0303026960511827,-0.36008989960834903,-0.6402249536475136
-2.043909045725269,-0.8764873282943888,-0.45616990957594994
-2.198280940417532,0.20471620492020454,-0.669143914668132
-1.8631483486330005,-0.6143795006414573,-0.7226916492252298
-1.9251105700997349,-0.317131379097333,-0.697899521484783
-2.063000120786315,0.22179498118450733,-0.7223674385819197
-2.1204768915465113,-0.8456614759994299,-0.3008983561085874
-2.1059554150307456,-0.18773339207396003,-0.6743588306763565
-2.166933658413771,-0.07393897774763046,-0.6371691319635934
-2.1822488095572727,0.019893872742786065,-0.6623782770133225
-2.136860214971589,-0.1050831866950892,-0.6276911281919652
-2.0442752699775193,-0.6644151584902442,-0.5533464786884016
-2.0277702757883436,-0.8501211807613005,-0.5968051512507572
-2.136791588902446,-0.08139309554173524,-0.6503124475086248
-1.9562442361908308,-0.13911091742435266,-0.6880395816707835
-2.1999664228075226,0.13574940491516793,-0.443700617308494
-2.1221477263675266,0.023853108654003915,-0.6811471124633163
-1.9530789244453888,-0.4209220444849198,-0.8466378976548993
-2.1081902371104775,0.06653562812149313,-0.5979807446440017
-1.9997713017583392,-0.9203939437660589,-0.33930781906713237
-2.136791588902446,-0.08139309554173524,-0.6503124475086248
-2.0917462372489184,-0.1504833839410911,-0.6147308624965598
-1.9872250091648662,-0.5134985370681585,-0.33900703662278825
-2.031141790255081,-0.13687890872202033,-0.6937779278600117
-2.2118646332853933,0.03463479590731535,-0.710452915836758
-2.0122491934555575,-0.9549248057000267,-0.5866542416133171
-1.8952202950768997,-0.15507088974007488,-0.7931158824656762
-2.0152392334324576,-0.44849023876414557,-0.5914774089582665
-2.1237112068568194,-0.002997973745070077,-0.49591949388885104
-2.1529836816890713,-0.20822591743580346,-0.43927712382761464
-2.154982237672644,0.3019795324264917,-0.5530290758341228
-2.151687080357555,-0.2735029672997723,-0.5365329450595145
-2.104391325250109,-1.1043543606211577,-0.25232064006739024
-2.247498444011127,0.7106643685697114,-0.5377828842617552
-1.8770828565699569,-0.8132474188745712,-0.7077870117413849
-2.0289295123951305,-0.911801175395913,-0.43257980825958603
-1.9821986253697563,-0.9939657116986035,-0.5696357980694691
-1.9835791559898583,-0.8756021697803624,-0.4975374202104529
-1.9223798371436742,-0.8310207980375134,-0.6604237592590314
-1.9835640183387147,-0.6960004782743276,-0.6147765404511899
-2.01652837521348,-0.12420268183614305,-0.6617529505807203
-2.0303103211699765,-0.3627221319587217,-0.6377114737234404
-2.0164823993278302,-0.4570837413444857,-0.45240950933997864
-2.0475322487167844,-0.1578125449204883,-0.5296042865456863
-2.046395609311635,-0.5347447488559441,-0.4090591464417668
-2.0437718465688404,-0.7470660980793095,-0.5542182707469587
-2.0919061991752845,-0.46213853801257765,-0.3969299011607402
-2.122887422495096,-0.13917725043522627,-0.49674599768310734
-1.9705754688552115,-0.13643559525481286,-0.7602575936030972
-2.0914031069032055,-0.032032928174321365,-0.7278374590798582
-2.137187929511415,-0.47464745247477447,-0.3545936085265331
-2.136715284732654,-0.13711181994638005,-0.6226415242116682
-2.1222695626999246,-0.2746408836656194,-0.4759135507478633
-2.042864238882243,-0.7722497710069948,-0.6354987762437111
-2.046578665144538,-0.5158772773565165,-0.40154135080169734
-2.154036338823779,0.033578746537008784,-0.48185909802096116
-2.016429189064575,-0.1822798401782164,-0.6350217517387722
-1.9995962021808296,-0.42913709818853757,-0.674347900643689
-2.044686920428663,-0.970637801227111,-0.31200711771306405
-0.4763254030402508,-1.377492492018062,-0.9596667939117768
-0.4048227090130904,0.05373537445456457,-1.5120115720815792
-0.6115681434366237,-1.3096241896106764,-0.9652156768388339
-0.3701062301718635,-0.15723439090290392,-0.4567969485376041
-0.14814422146238954,0.22689743006772195,-0.3978490883891365
-0.17385493135378702,-0.04122451055582863,-0.6833117129015173
-0.1955008980474006,0.9136293927235687,-0.5827449701821398
-0.21933478894664307,-0.3170189549100968,-0.4502113512143916
-0.29896157234593973,0.6170117436977931,-0.5477709737809786
-0.029902266922345707,0.4197631908822839,-0.3438825054480284
-0.3637992980621023,1.2140547737082745,-0.40708704463351136
-0.3440374575883015,0.7268487576383904,-0.6063022156828064
-0.536007031846296,-1.3494853895327945,-1.006531485796491
-0.12564414874564198,-0.5767182838095871,-0.6875155681637664
0.06319326963068887,0.4880165500581403,-0.7283724848146689
-0.01501426813139037,0.40413821051901977,-0.32313422162884126
0.007996945831077875,-0.6230680444366318,-0.5237759589451445
-0.1105046733573328,-0.26961158387398565,-0.9015285741348557
-0.13402689611088187,0.77608259238908,-0.6578972729326542
-0.16124000606843922,0.37910585630687965,-0.6990315344566218
-0.0783191529108064,1.2328611442865594,-0.49623901302098167
0.1269173438845265,0.10146519422894373,-0.8849298334456849
-0.06179121713793013,0.9525005091811565,-0.4812309721834453
-0.3553603671538676,-1.660127858539867,-0.8921138300896883
0.024875855618616848,-1.1207653140469245,-0.40656438914700965
-0.23648071034659876,0.2936528022080814,-0.611465430014185
-0.19497461252780457,0.8593854121627145,-0.6043586326473394
-0.39664032706106456,-0.9044849141490842,-0.3453901502230558
-0.06592445395021665,-0.49926804564607363,-0.7126247137543195
-0.09743920378996174,-0.7194926071939337,-0.40547217948916336
-0.2795275523756769,-0.07567644233503289,-0.5795000702402209
0.18971852710051954,-0.21389129843058086,-0.9881832933178579
-0.3317807539406864,0.7773410603084686,-0.3454713131933969
-0.1658087767722196,0.853424876142941,-0.5136001233789591
-0.5975805047091955,-0.7128907983487357,-1.2419411405280065
-0.31375010021051425,0.1335889332114874,-0.25795730011813556
-0.376353315115349,0.9583540994881974,-0.5038850769119504
-0.08358875759623098,-0.2624355771356189,-0.5775485666901159
-0.14693157591038736,0.25572739621221086,-0.5466652142627648
-0.20265466868902995,-0.0524886555578176,-0.8023072440844589
-0.19189295853893684,0.21020040662601594,-0.5174850639986792
-0.11156488276078251,-0.14324559312555687,-0.8689891999148054
-0.06008271369145436,0.8037511244892898,-0.5689989723366564
-0.11226630097154808,-0.5289828031994918,-0.5453390324591052
0.015493588531872602,0.8614505681648349,-0.6747481789973611
-0.6279132684176809,-0.6686911794284831,-1.231967980053255
-0.4182102015123099,0.3228144563591541,-0.4283753743574805
-0.1931820473381032,0.4524469156456468,-0.5349548830834432
-0.3696945068706679,0.036181810959951925,-0.6255284410236183
-0.18865899423342453,-0.08894115323538297,-0.6723018380306099
-0.05420973640556033,0.2975526801052712,-0.8740018305219257
-0.16483247678915985,0.7493799844831455,-0.5514947950202591
-0.26989502870297183,0.8332104618368361,-0.5893551084299253
-0.16492407093293132,0.8613650301183234,-0.6137430503723363
-0.035637606522793006,-0.3028827839549015,-0.8725348776149116
-0.0440354451800522,0.798530483817906,-0.6794724549225842
-0.4764929039898948,-1.825096581291025,-0.6535430535281379
-0.26174893817507816,-0.17047411570443363,-0.818285569337636
-0.09033919309834346,0.8229974119705369,-0.5511570345165815
-0.08348972377016181,-0.08464472274112426,-0.7026338201440258
0.055002330510290576,-0.6002170851373599,-0.7579179413388778
0.10939785789100297,0.480606256293397,-0.857016242793775
-0.11392936497366571,0.11755113205629325,-0.7828855317592606
-0.5205496985707103,-0.027835669669336666,-0.47905216815501167
-0.02308345701490641,-0.2522847295057535,-0.6437225389922486
0.12749735624047356,-0.4778751022722629,-0.5742999435672035
-0.3178310884843905,1.1250452770819785,-0.45781292496634507
-0.7024671424494626,-1.3991845870087352,-0.8029535514972509
-0.2040275344539462,0.006976332779517754,-0.6931180542462485
0.0600508067507,0.8187448981240111,-0.6037174698716179
-0.0058768856693973415,-0.2983766854279892,-0.8524142113972352
-0.2326595456666574,0.09464182343991326,-0.8938130050276475
-0.19453985492466003,0.814575167351574,-0.6222133972925044
-0.21189908759160941,1.054145619991471,-0.5216692940191207
-0.45031268816777564,0.8331249237903244,-0.5283499798049007
-0.24382583888729406,1.0712203580997048,-0.32301531059082156
-0.17587606467080125,-0.00039665222924083096,-0.4924910358613007
-0.012680538057497458,0.5225075335004433,-0.6500111521421189
-0.536731954572982,-0.7688818527459363,-1.3024088337036361
-0.2538552528557234,0.6202549690441509,-0.5653008047475558
-0.32500003651355525,0.040856323225835926,-0.5997403705311944
-0.08315399999308644,-0.30724582194675915,-0.5954033313352808
-0.04651417834293188,0.8249962349617838,-0.43025299687892676
-0.1267415962969724,-1.8377010072782436,0.242087058182953
-0.2697806188074075,0.8214182921496938,-0.5940537307049688
-0.1791328381053746,0.18829690069557567,-0.2641266688850381
-0.3911040021634311,0.9290630832612519,-0.5104695615095559
0.10910816298143318,0.28828524808231776,-0.7020975678240887
-0.17004963425421424,1.389654232102295,-0.40324477245039214
-0.7948161723521694,-0.04039424315377709,-1.4172661508518716
0.2303399588164174,0.28237037161739154,-0.8413292770543678
-0.14790806795267497,0.6571710865398533,-0.7001912868205898
-0.05330943594662096,-0.22250951262301577,-0.6359345208684666
0.012862160933892515,1.1326704709691064,-0.5666798666713627
-0.28592710658137477,0.9359917461058831,-0.5433150235470451
-0.1007880482050101,0.3195554225414039,-0.7146075707041851
-0.28263951478049126,0.2655808351323286,-0.46489897499346294
0.18376910656746145,0.5633836211175581,-0.8494663800909807
0.038169482703917124,-0.568717577886514,-0.5799767707725254
-0.262038566857328,-0.46534643380097673,-0.5973597411958377
-0.46126961852217563,-1.3864840156158602,-0.9612114918361458
-0.15105808972413742,0.882715892369887,-0.5070156387813534
-0.12354738158347292,1.0439303674945888,-0.3460834888282749
-0.22812164111701702,0.8552530827646336,-0.26097575873855017
-0.1113741289590339,-0.27228727314862233,-0.8064126069896247
-0.06292777044756388,1.1961160102655084,-0.5159668131636189
0.0415855477402193,1.271439257295565,-0.5215602660058563
-0.019704582338655244,-0.552689529652804,-0.8132918549955159
-0.10486106035529694,0.7701220563693068,-0.567138763664274
-0.41666186529689225,0.18031897824074006,-0.5029645880084198
0.04540683825206863,0.8775807897450146,-0.6784942499923059
-0.6633184977706376,0.3529387694473,-1.3063209444479424
-0.5070771972775898,-2.0215875947612667,-0.46161432580079914
-0.5703317987143657,0.8063389804684609,-0.4983301045449828
-0.0003680555722009458,1.6442130160342419,0.07603438700777776
0.04898668691421564,1.2061552966685358,-0.11377071266634062
0.06546887197433028,0.9100012674608973,-0.0836817922843642
0.31557450679799987,1.6225471936944238,-0.0394170392948457
0.0927811084762048,1.3411970240979427,-0.07522276977334977
0.271024979925286,1.5653337862001564,-0.0469540751725499
0.2760361333510045,1.0488367539033268,-0.2527537308194508
0.3400729964209487,0.5240837807142951,-0.3539465887244027
0.13831456045077206,1.2969977722827872,-0.10809388546101864
-0.47753098640567904,-0.5320040917857317,-1.374424949925175
0.26651022888677034,0.38190372240760406,-0.4101017179109965
-0.019717363342796574,0.3922822491720976,-0.2594487458462571
0.15606286623542417,0.8942723708440492,-0.14540472066301546
0.15176097468942068,1.4607195229431542,-0.0479451069279183
-0.21298716266848788,1.863840650150395,0.23475803212861507
0.29209109320852034,0.9436970356968513,-0.2997335401573397
0.005832960767386826,1.0050774189911331,-0.17863094029957433
0.6286956044522334,0.2121618032267094,-0.5677535720549242
0.2420727733278305,1.4501493392479823,-0.08267643128796964
0.29248788416326454,0.6396024854087332,-0.14660373756906908
-0.8712542057174237,-0.251964108581783,-1.1199037272118413
0.3659131743862699,1.0830768150192949,-0.2696302905343373
0.48745784513287654,0.8056436183434299,-0.26768820991480646
0.09943976439805001,0.6548927483062649,-0.34868258618087555
0.5579238077815797,1.4379172526578783,-0.19436895977055824
0.09289551837176914,1.3294048544108004,-0.07992139204839316
0.5427383631303531,1.4534364812420726,-0.1830986797229991
0.1686854497532255,1.2659593151143977,-0.1306344455561371
0.457636123329132,0.7800796610135365,-0.26770103673989637
0.4363716046344275,1.5691463831437202,-0.10138754602505887
0.5123674738278996,1.4844749384104619,-0.1605581196278807
-0.5960166665923751,-1.239816789331169,-1.0707301319730664
0.6035716696517115,1.3819258311555802,-0.23193869773327064
0.42729564840633705,0.9549637504345201,-0.341023695464817
0.060236431158028694,1.5962867053220342,0.036591613547593126
0.31207434028208003,0.1021102562688247,-0.29460958568188955
0.06602557187358486,0.9996029191526372,-0.2011586735696028
0.20122259467085593,0.8646655677002835,-0.14752533451204977
0.28685111999167306,1.4837784073679652,-0.08453663996035211
-0.08199226103919383,0.6533947612707681,-0.17780894843928358
0.3074445090233626,0.6476675961988229,-0.14847677306654147
0.4095931860526947,1.2299107121358441,-0.22638372536630294
-0.44715219382968824,-0.9911258181226986,-1.1222489466214958
0.2259262855538632,1.5647227932041714,-0.031937724130045926
-0.08969592910875732,1.553370540419991,0.07035755980245591
0.22842042127716608,1.307653494024471,-0.13436768972599192
0.22995351387772842,1.1496384202167647,-0.19732922821157356
0.19425112344197623,1.7301919848059817,0.044167129900567106
-0.016743363137296897,1.7823708093647153,0.13617033871578824
0.5130310512221729,1.416080354225037,-0.18781012882313242
0.3928975307800185,1.4010865805903159,-0.153091631288171
0.4547147624032302,1.2281632711944002,-0.24233980086381568
0.17679338157349112,0.30038923076399715,-0.3800010834295371
-0.11510066661087674,-2.073743176128294,-0.6752065865954558
0.21520282682964623,1.120347403989819,-0.2039137128091793
0.15459834009941656,1.1682737147020268,-0.16447093934899462
0.11254294895000555,0.8539910080280586,-0.27443794082264494
0.20602040371592087,0.02834288586790517,-0.1245303846718292
-0.05422235846413389,0.9964013152050583,-0.16174155375959798
0.3379448928906678,0.8664797087576975,-0.34576079821513017
0.16454381153379602,1.6928358577889462,0.03945568080043376
0.1913764683309494,0.035903122546176613,-0.16630358820646102
0.4527469121995234,1.4309885898132466,-0.1615234977330692
-0.026482896759660552,1.2365827608409403,-0.07621380152871825
-0.6579790536274094,-0.6861903930733839,-1.2109558871628998
0.13570601483190484,1.56585924114963,-0.0009652975900292538
0.03139863445613753,1.4693100886827175,-0.003829364842870032
-0.04904323387479971,0.1993940719943952,-0.20501416226814134
0.15089145948313157,1.550340012565435,-0.01223557763758847
-0.03824359018996639,0.7726430945979381,-0.12418012600185308
0.45492070021524605,1.2069373657575446,-0.25079732095889373
-0.1868792100478645,0.449092129072451,-0.04905497931745471
0.20996285361279893,1.6604287756609328,0.01128318738780828
0.2249423604520098,1.6661354525135945,0.00847042743532723
0.10107216897942534,0.2439530273741035,-0.25949933479749604
-0.43369078764000013,-0.4221894942082749,-1.3245550253077791
0.18156750586016593,1.3887228366753845,0.016501117600219144
0.4088380807419699,1.3077390320709823,-0.19537281835101664
0.18719657868564388,0.6444659922512439,-0.10905965325653667
-0.053314624945628754,0.7763701534949905,-0.11760846822933728
0.13929848555262545,1.195585112973364,-0.14850203702639198
0.18593027252461053,1.038181032161643,-0.22647992655447746
0.14029775361031407,0.9558650845250357,-0.10152713399895484
0.24282787863855518,1.3723210193128434,-0.11368733830325613
0.3554185354531815,0.6151170864306584,-0.4510035237635573
0.37814684373193624,1.37179556436337,-0.15967611588577676
-0.5515659483728426,-1.7090686898419747,-0.7136835218562713
0.1363695922261781,1.497464656964205,-0.02821730678528098
0.3315150567599513,1.5291996451750907,-0.08169822635769118
0.2547412002766415,1.6940578437809162,0.009422978715425833
0.3323770130747667,1.3343956133169728,-0.048887122551835624
0.2230209047947741,0.20857945515345394,-0.45677884332596214
0.08126457779286281,0.7153656493417512,-0.045203284203761185
-0.1751871758003613,0.9406173591048312,-0.01147091211371619
0.24033374291525234,1.6293903184925438,-0.011257372707310073
0.1362247414600272,1.4064317183529387,0.045941673040956504
0.19191797759720472,0.027944130640253275,-0.21934707178865212
-0.10186892129928084,-0.17882087729418944,-1.7064062660174766
0.18821847043589754,0.8023376384187986,-0.3204523720553454
0.2133493865215037,1.3113805529215234,-0.1277960319534761
0.31983055491299367,1.183878481332733,-0.21420578792646006
0.07521593799723955,1.6019933821746954,0.03377885359511202
0.19666907420466276,1.3442490522370905,0.03287911671746619
0.3070630610244535,0.8134547773480363,-0.21422352106200174
0.14430963897834403,0.6790880806765344,-0.35430169267329276
0.20056654967712836,1.0792642180757308,-0.21519681968182844
0.06559081427044028,1.0444131639637777,-0.1833039089244379
0.31557450679799987,1.6225471936944238,-0.0394170392948457
-0.6869542945268136,-0.5631483933515619,-1.397554971119169
-0.6896392767701132,-0.033465580309145655,-1.4501116128893607
0.3373195404313426,0.7942084898667892,-0.23206545888207672
0.6351758946879161,1.9634391067615162,0.6474455471001692
0.6939498230891161,2.1041875110435844,0.6831807300406788
0.7984631412768993,2.1795107580736404,0.6775872771984415
0.61848023941524,2.1346149752159884,0.7207376411783012
0.7092267956567944,2.079234546709676,0.668151552173085
0.2572101628824877,2.1792541439341058,0.8606026630735154
0.7390485174605389,2.1047985040395694,0.6681643789981749
0.7085861002416339,2.145270696957672,0.694463836913328
0.7735381630033089,1.6492419381340597,0.47647341700149426
-0.35565796533697486,-1.4243655975823692,-1.0119117185187998
0.8892096975184538,2.1241303295673277,0.6250011881932253
1.0404692125737862,2.0302573260985213,0.5367312235478591
0.6787643784378895,2.119706739627779,0.6944510100882381
0.6940413510055677,2.0947537752938707,0.6794218322206442
0.5877890024052064,2.1986715075083763,0.7564343436435411
0.8139689336357063,2.1309734543654475,0.6531608547807608
0.5729467874406726,2.178814227031144,0.7536087568659701
0.6787643784378895,2.119706739627779,0.6944510100882381
0.7386137598573944,2.1496087488507096,0.6860191436433398
0.37690892572149765,2.2390581623799672,0.8437389301837188
-0.44530631903575135,-1.277087378301693,-1.1364467096982245
0.5629784340271804,1.656610517881653,0.5506218611715504
0.8008657490837507,1.9318751946436534,0.5789162094225301
0.6642425111809359,2.0668313840265484,0.6784692809405456
0.9072325075796763,1.8161652927420058,0.4972050757245898
0.5589512057033152,2.0716948908690593,0.716013365253078
0.6936065934024233,2.139564020105011,0.6972765968658092
0.919786524632923,2.0718659669620827,0.5940031080030289
0.723748662913748,2.1321099023109062,0.6841332813207776
0.8444313508546112,2.090501261447345,0.6268613968656078
0.5133033438331835,2.127686312371357,0.7535831032157903
-0.6790531099205732,0.4250604125297773,-1.272497277480175
0.3968767040073142,1.7306262408732276,0.6360662390393457
0.5126626484180232,2.1937224626193537,0.7798953879560333
0.5183144972589021,1.6111892800745273,0.5477834475688895
0.6479587315322916,2.1955554416073086,0.7348463348285214
0.7444944284894021,1.5434912269315992,0.44450995870610926
0.6511164446498676,1.870091558242183,0.6051643600373237
0.543331003448944,2.1320243642643946,0.745138409945802
0.5425758981382192,2.209852684199533,0.7761493169610885
0.48217734922000544,2.236553089474885,0.8071345703261952
0.5280540308812658,2.156977328598303,0.7601675878133961
-0.6721496952058845,-1.3460973607442686,-0.8739069052959682
0.64786720361584,2.2049891773570223,0.738605232648556
0.4524700373118253,2.1991969624578496,0.8024231212260619
0.2731507128444392,2.085906595414772,0.8183214760106697
0.6036151424715934,2.117116128676185,0.7188517788557389
0.6943845806922606,2.0593772662324437,0.665325965395514
0.427888288724928,1.6335516334568418,0.5872133942039843
0.21144789111679177,2.2470377351235458,0.9028710233112712
0.6633729959746468,2.1564518736488294,0.7141788102308754
0.8344858794202317,1.5659391183604252,0.42293477671617924
0.5788274560726803,1.5726967051120335,0.5120995719287396
-0.7343792792898315,-0.39235280929929783,-1.2429951983693746
0.8446678553691215,1.977252975526515,0.6743571102463486
0.6632585860790825,2.1682440433359718,0.7188774325059187
0.5728323775451084,2.190606396718286,0.7583073791410135
0.7439452609906931,1.6000936414298816,0.46706334562631746
0.7241834205168924,2.087299657499766,0.6662785166756126
0.573587482855833,2.1127780767831474,0.7272964721257271
0.452698857102954,2.175612623083565,0.793025876675975
0.5731527252526885,2.157588321594288,0.7451512367708921
0.5884525797994796,2.130276923322951,0.7291823344482894
0.7745220881051623,1.5478292788246364,0.43606526543612106
-0.6588716958538952,-0.21477162293745644,-1.4185331001543764
0.8297950737020934,2.0494180755332567,0.6155782899929586
0.4997654016780836,1.9733982974607036,0.6971932225027244
0.6345351992727558,2.0294752570095125,0.6737578318404123
0.5875830645931905,2.219897412945232,0.7648918637386193
0.48261210682315003,2.1917428446637444,0.7892798056810303
0.5149508463293102,1.9578790688765089,0.6859229424551654
0.572717967649544,2.2023985664054284,0.7630060014160569
0.9043951421696804,2.108611100983133,0.613730908145666
0.5127541763344747,2.1842887268696396,0.7761364901359987
0.40693658533725796,2.243396214273005,0.8352942369137306
-0.643983511626444,-0.5175402709800208,-1.2129647874532752
0.7392544552725547,2.0835725986027134,0.6597068589030968
0.7704948597812973,1.962913651812043,0.6014567695176486
0.5880178221963351,2.1750871681340915,0.7470370990934543
0.9049443096683892,2.0520086864848506,0.5911775212254577
0.4225567875916293,2.18306674087767,0.8061691922210066
0.5122278908148786,2.238532707430494,0.7977501526011982
0.6481875513234202,2.171971102233024,0.7254490902784345
0.5583105102881548,2.1377310411170556,0.7423256499933211
0.7093412055523587,2.0674423770225334,0.6634529298980416
0.5731527252526885,2.157588321594288,0.7451512367708921
-0.3110167449795097,-1.6329642005514757,-0.8431156975308501
0.5289235460875548,2.067356838976022,0.7244580585230661
0.7707236795724259,1.9393293124377584,0.5920595249675616
0.8446601706457398,2.06691692207306,0.617464152315521
0.6938354131935518,2.1159796807307263,0.6878793523157223
0.6929658979872628,2.2056001703530073,0.723588881606052
0.6784440307303092,2.1527248147517772,0.7076071524583595
0.6937210032979874,2.1277718504178686,0.6925779745907658
0.7696253445750082,2.052534141434324,0.6371662988079785
0.6055829926753002,1.9142908100573384,0.6380354757249924
0.9816037562561347,1.8989426575661672,0.5047549384273841
-0.5064674725515755,-1.3700383742239572,-0.9465234783667451
0.5731527252526885,2.157588321594288,0.7451512367708921
0.5885441077159311,2.1208431875732376,0.7254234366282548
0.40792051043911143,2.1419835549635815,0.7948860853483575
0.9809401788618614,1.967337241751592,0.5320069476226357
0.7388196976694102,2.1283828434138536,0.6775616235482618
0.6935150654859716,2.1489977558547246,0.7010354946858437
0.6485078990310004,2.138953027109026,0.7122929479083131
0.7092267956567944,2.079234546709676,0.668151552173085
0.740238380374408,1.9821599392932898,0.6192987073377235
0.6047134774690113,2.0039112996796193,0.6737450050153223
-0.5530995707919643,-0.7306431369505543,-1.1787792087475863
-0.5809843203629004,-0.38501887595363793,-1.6257951920881688
0.4980263712655054,2.152639276705265,0.7686122810833843
-0.5826613431698663,-1.7434999481651523,-0.5711752446839914
-0.43298902504717085,-0.5697190955387544,-1.3049679962684964
-0.6606716013849145,-0.25143599127825833,-1.2015926111541173
-0.4016562647804775,-1.9817031516474422,-0.5418875688225777
-0.7205438581608002,-0.28923469755230696,-1.185620304936999
-0.7624389694927093,-0.7841085376050175,-1.1965539325203307
-0.33963379073210925,-1.0990636126828386,-1.3326683668004777
-0.7166766977270133,-0.8518921287944574,-1.238822292758087
-0.6903102607330239,-0.30612255109612563,-1.2025225183020656
-0.4628019495085587,-2.4078090054909937,-0.13916769187127484
-0.400032339650323,-1.0723632074074867,-1.3016831134353712
-0.6138414421151192,-0.5249943887741256,-1.2261081029983067
-0.6880067132431698,-0.6905284449664214,-1.2025111938929118
-0.5807017538672244,-0.964464924233914,-1.283146738342941
-0.8698889981849613,-0.26278567432675876,-1.2595830137120343
-0.32746134088694767,-0.49298339951971276,-1.420429958227301
-0.3557190590055718,-1.3018516225457002,-1.0842138935671706
-0.8236156845145245,-0.4003328417663448,-1.3118373612496323
-0.585430837502167,-0.2582791160763781,-1.229752277741653
-0.44773214658104743,-0.5040817005184098,-1.3734723986450763
-0.611865556183235,-1.3610055963324783,-0.9001935363860313
-0.6728060249770877,-0.6905280778613243,-1.2254091491058292
-0.5208520876702438,-1.37553354751848,-1.0077478461477571
-0.4652212579313042,0.08043577972991636,-1.4810263187164727
-0.9152393877038935,-0.24770902499957723,-1.2276289783472238
-0.14502198517291004,-1.4054118538262355,-1.111194961929589
-0.7348523810371002,-0.02228440361798845,-1.4303966395718133
-0.642915299608477,-1.2258164957252238,-0.8717768685163595
-0.7640168591326261,-2.1186257202502334,-0.16800850881189514
-0.5083901680884002,-0.22845787253369612,-1.4748524333294475
-0.643411594603262,-0.37139849964480326,-1.3684722051727163
-0.5376091876163127,-0.5383217616343782,-1.3565958389301898
-0.5826238798490976,-0.7048256875586459,-1.243814176025479
-0.6868850989027196,-1.4213995672132012,-0.8525147731556647
-0.5975804119909476,-0.8564626321883859,-1.1495311260870493
-0.370248399058483,-1.5932272232338707,-0.9458656904949319
-0.4932047234371734,-0.24397710111789075,-1.4861227133770067
-0.4159800710080245,-1.6687416674711373,-0.8146405201953011
-0.6120714939952508,-1.3397796908956223,-0.8917360162909532
-0.3411588144908344,-1.6255100827573712,-0.8299723819858186
-0.7023989269897037,-0.7396763745655022,-1.2348192204810058
-0.5371205177403212,-1.3953719900651709,-0.8573870223497597
-0.4315619556091998,-1.8926498309917847,-0.6066621309238184
-0.5835545218376436,-0.441415567956964,-1.313410398369576
-0.3701645823563411,-1.471976488482854,-1.032920407514639
-0.6122319724947128,-0.8515346278604873,-1.1887908496976085
-0.6136279387888978,-0.4512918829636911,-1.2964855408723592
-0.6581689862103907,-1.8287849556300757,-0.4550437807538907
-0.415850410874873,-1.675269372457534,-0.8243661023184913
-0.5668278296485014,-1.4327281170822066,-0.862098471449893
-0.8107412535263777,-0.2802015525557307,-1.1621883181692025
-0.7330598158473985,-0.429222900135056,-1.360992890007917
-0.5532828584204872,-0.35284608085200153,-1.4022864492099096
-0.6903102607330239,-0.30612255109612563,-1.2025225183020656
-0.24989428661260507,-0.6712331013660815,-1.588133046522127
-0.5253755182706462,-0.24960301229030327,-1.2466416642816294
-0.34230226441874234,-2.5125912227634988,-0.13611605814868544
-0.4627790145475898,-2.4922084873367942,-0.08730169378859384
-0.6577349902214255,-0.6942551367583767,-1.2319808068783449
-0.3403350168836471,-1.78219962142462,-0.8175974551456522
-0.4155530312419215,-1.5726123107929995,-0.9223918193573497
-0.7469563041540989,-0.45084756079956373,-1.4642670972198175
-0.7795923835568187,-0.38117163260814063,-1.2232802250518273
-0.6444564544281445,-0.39359500902382577,-1.241949061042645
-1.773093061678684,-0.5782307289574825,-0.28262198456516846
-1.7733218748470805,-0.5649015205717445,-0.26662402469787044
-1.9464151285488127,-0.630430922933841,-0.3839607277269825
-1.998565983302191,-1.355677104456532,-0.1885782757421825
-1.990715325133183,-1.4240892943902392,-0.42153734644757485
-2.0507630258686422,-1.4198780348373947,-0.4137621551488829
-2.0732499810583636,-1.3617836378521366,-0.21188833726777334
-1.7944076299739173,-1.5841544338176876,0.0009262446444903928
-1.421653676887476,-0.7231834169707496,0.6090930493688728
-1.7726501425154542,-1.4510743514905113,0.23166771155970167
-1.9619815774759053,-1.136218289433044,0.003810730578267732
-1.9908068265587064,-1.4556760825947113,-0.39137558735869526
-1.8785903049683208,-0.5521413166781157,-0.23662038015755785
-1.0948420695506713,-1.0188593265683097,1.0234491925024052
-2.035531698050014,-1.624706489090282,-0.3080990083966578
-1.2306491349650925,-1.0432249082030365,1.1378906707846599
-1.7121526127530273,-1.2179428544629969,0.022791482202995532
-2.0356842004258864,-1.6773511360977356,-0.25782940991519177
-1.9597952683320206,-1.5117301660569111,-0.4666312934629015
-1.998482106995461,-1.3267225486024328,-0.21622655490698875
-2.013637018057853,-1.3519500455594795,-0.18200661796966672
-1.8485546559835069,-1.1092032368047593,0.11546078909499735
-2.0431079115470387,-1.3692377556462416,-0.22503165281280496
-2.06075734245119,-0.5425983560878949,-0.47122323867778715
-1.6369423162317944,-1.2865905636053394,0.03768931189780923
-1.1716949195768067,-1.0165383067580283,0.7503625252146348
-1.915731013329941,-1.47650964270613,0.08451041383990318
-2.1717964957649403,-1.4583315581367904,-0.2672730554551864
-1.667770864984701,-1.177618034722742,0.059222215141467485
-1.8847119491936375,-1.3453391360241216,-0.11207164789817822
-1.6972111520350004,-1.3484589112247563,0.11175470567741556
-1.4066130830024,-0.8297355841662105,0.6719817491475512
-1.602681471687678,-0.7390000542646918,0.7457629808927481
-1.4578158263705832,-0.8667572172028526,0.7998196251702361
-2.36808921221863,-0.8725415834781924,-0.9653929344010579
-1.260707328169687,-1.0068162345548322,1.1233857071648854
-1.8415963552635093,-1.1471672891100357,-0.04124473596178923
-2.0057863598888455,-1.4203622354931869,-0.414965688675059
-2.0137056441269956,-1.3756401367128337,-0.15938529865300702
-1.3824606525922714,-0.8853925116881147,0.7669613363076571
-1.7340701681015684,-1.4985959950449177,-0.09576046845177552
-2.1717278696957973,-1.4346414669834362,-0.289894374771846
-1.9684086635532791,-1.3578667575498917,-0.2067485511353607
-1.442813470665919,-0.8121333193448879,0.7630635641766902
-2.059124626601411,-1.4355292334817384,-0.07180636738548068
-1.9833275270696686,-0.7887385022180645,-0.5804822577048717
-1.8854288163239503,-1.4286868811424087,0.0185840198893323
-2.14108242975765,-1.442705476458235,-0.3567152049131248
-1.8847119491936375,-1.3453391360241216,-0.11207164789817822
-2.013759019958551,-1.3940657631654425,-0.14179093918449406
-1.8779977052568917,-1.3854935756329512,-0.24115153792230887
-1.7424928823711303,-1.3609678256869526,0.15409099831162237
-2.043916339707463,-1.391876110072083,-0.12362066379131566
-1.421714677837825,-0.7442412757737309,0.6292008887614593
-1.3675039946185132,-0.928603055840757,0.7980918773962407
-1.779214705904001,-1.371428548303488,-0.15807325230578878
-1.999748591970258,-0.6561189720012801,-0.5118661417696324
-1.9081931505997718,-1.3964650842914554,-0.2104138629087642
-1.8026883351731975,-1.337881216312078,-0.3117346697781378
-2.140876438963778,-1.545972429803462,-0.3123670024705132
-1.7425158107093672,-1.2868234748296994,0.10882571554615277
-1.9836169504472263,-1.4015198809595473,-0.15493425472952563
-1.5423973326650287,-0.7539082898529014,0.7194763498026849
-1.9987718615096186,-1.426747377916594,-0.1207143177922034
-1.779260344030319,-1.5615591692110133,-0.030780212368758404
-1.4669811579363674,-0.7514857255351822,0.6665102215475196
-1.9771136131819165,-1.1535490893389728,0.03049022774336989
-2.1411590650640417,-0.8742302026262683,-0.7144218940706422
-1.4728868611262456,-0.8630301583058002,0.8063912829427518
-1.7727112030703913,-1.3798360313965745,0.19236911309738694
-1.5575828501663072,-0.6255826203946961,0.6581387613609208
-1.6912646669917812,-0.9542217585593539,0.2628396171396916
-1.8092652143852148,-1.4246838212018293,-0.11568525799473584
-1.4669277821048123,-0.7330600990825736,0.6489158620790066
-1.2621211281107811,-0.9941759533757139,0.7897924718497296
-1.391481047296389,-0.8124047842602816,0.645302251982449
-1.794278055936282,-1.4573654359529813,-0.09460863660244528
-1.9751713078394282,-1.6132924011747651,-0.3595204387274538
-2.171713003576666,-0.8345794049469978,-0.677762823018243
-1.9686297919982938,-1.4342014957106988,-0.133857633337235
-1.998626931270684,-1.458776011167885,-0.11566471381190663
-1.2618923745469723,-0.915208982864534,0.7143880741275307
-1.367732748182322,-1.0075700263519374,0.8734962751184396
-2.1256529018322428,-1.4970548416930614,-0.36920825872449486
-1.2921031231092956,-0.8494039083154119,0.6973469864515323
-1.8849100896958282,-1.5881144039391,0.06549099052031816
-1.2921031231092956,-0.8494039083154119,0.6973469864515323
-1.8243895719905763,-1.521423436665757,-0.03871351821601728
-1.9536273833117745,-1.4616186457611053,-0.11780797179309127
-1.7072513252940216,-0.32289053076074903,-0.03623694338242842
-1.6518684737303777,-1.2328510900512066,-0.00349514888706767
-2.050587595154533,-1.4413777386871949,-0.4187664708648791
-1.7500258822055916,-1.5438296140774328,0.03735697758296249
-1.4578845054215817,-0.8084062604478355,0.769635221949206
-1.8402995883636928,-1.4688226136876652,0.026517325736591244
-1.260791204476417,-1.0357707904089317,1.1510339863296914
-1.9600671229719495,-1.3267038415388595,-0.07921335903559923
-1.1552100848800504,-1.032905646834199,1.0773841027572748
-2.050831486369485,-1.6999464007044098,-0.22612295290194317
-1.3825750293741754,-0.9248759969437045,0.8046635351687564
-1.9329000617500938,-0.48403960507430555,-0.3200304072416968
-1.5572624296086752,-0.7714071363927051,0.7175904874801226
-2.0661620003370182,-1.4370407881094494,-0.3585172984961163
-2.0507630258686422,-1.4198780348373947,-0.4137621551488829
-2.0654450139975298,-1.5382854007849978,-0.37036009057382496
-1.9683400374841362,-1.3341766663965378,-0.22936987045202034
-1.9756442903775204,-1.4278163532872916,-0.4281090042200906
-1.9984973572330482,-1.3319870133031781,-0.21119959505884228
-1.8330715932809771,-1.3912501193120916,0.24379054342818313
-2.03560794923795,-1.651028812594009,-0.2829642091559247
-1.4065520820520514,-0.8086777253632292,0.6518739097549646
-2.234247214916634,-0.5706666138640804,-0.5700711460476784
-2.1432337066672513,-0.6467253509813606,-0.6380211639061366
-1.3373849064272816,-0.7798717748692369,0.6868775565480496
-1.2757273122165682,-1.7669516567754142,1.1388653988515738
-1.8484195633996952,-2.1004894367819547,0.261738426774644
-1.7279477026574845,-1.977034418278669,0.5981794986230351
-1.9160613311472854,-2.197646514537108,0.10688028356515009
-1.4269590426606875,-1.8397851031511196,0.8541416334678713
-1.8859699282262863,-2.0360357485492715,0.46767042250419616
-1.7577084036426838,-2.0123059097712206,0.5978609783569924
-1.8782260150976569,-2.151554322376742,0.2765007860530412
-1.8560337899042452,-2.032519091895067,0.46958534237145394
-1.5795237245942735,-0.2270386817951234,0.10487932422521862
-1.78822421656134,-1.9594939503400866,0.6219526497890249
-1.712815666951473,-1.9597036183727403,0.5715000014579329
-1.6902649485883166,-1.8912906942288386,0.7586631617374914
-1.5098320256404614,-1.9064509534586747,0.7058325038987425
-1.9388457719336696,-2.0781270833996404,0.30116837340973873
-1.2306438879509287,-1.740839735514535,1.1090738617055826
-1.8630863542728522,-2.131591290120441,0.24730780896386567
-1.8104164417547524,-2.078529180821762,0.4288680934706123
-1.7353026221411945,-1.901609221387482,0.7733738193390425
-1.5998768656483107,-1.9268142093630165,0.731800614722763
-2.0232881446901,-0.44851608994012787,-0.29316786022696845
-1.3281912869226524,-1.8412396715109487,0.9488475942497491
-1.8107673098057027,-2.025274642133615,0.4322760095853933
-1.4651806364912732,-1.668548539129199,1.0634362570479032
-1.5923666815656419,-1.8441452969205725,0.915481513078544
-1.788392022156656,-1.9353620141399137,0.6244434855809478
-1.6672898202275033,-2.037300495503908,0.560944511645971
-1.335980950764043,-1.7415144917857137,1.155098110245344
-1.7126859869501254,-1.9969967163247762,0.5815765652863766
-1.8108283107560514,-2.0463325009365967,0.45238384897797984
-1.6450975950340911,-1.9182652650222318,0.7540290679643836
-1.9176688465179093,-0.5145308325219036,-0.3265794208820622
-1.7128690427830284,-1.9781292448253487,0.589094360926446
-1.803241875485447,-1.9373412649904258,0.6109299480930277
-1.826021400394268,-2.002680111737136,0.4463654629979785
-1.4939753784761682,-1.9877325338779215,0.6647967347318583
-1.4565214375753972,-1.8886596014423536,0.8412783577136125
-1.7806786161259331,-2.051154386380329,0.4367270535088749
-1.9163103038081009,-2.0149786239564844,0.49335849353744377
-1.569505989591321,-1.937342404554313,0.6960586239932223
-1.5919270213303978,-2.053303557638797,0.5255727428593187
-1.411331208664791,-1.9077374751846288,0.8291038241682851
-1.422447291910625,-0.06371866145178114,0.26982986760627536
-1.6973861390260663,-2.0140529836075665,0.5590069476465628
-1.667602562684486,-1.9708847950638975,0.5517850281403854
-1.0051068190355315,-1.4316836362220189,1.7869086194415156
-1.8407110732465368,-2.031423531138193,0.4328745696422089
-1.8103630659231966,-2.0601035543691535,0.4112737340020992
-1.7280697575400383,-1.9371090879762602,0.5855894548705181
-1.4567044934083004,-1.869792129942926,0.848796153353682
-1.8781726392661013,-2.1331286959241336,0.258906426584528
-1.5544807055484204,-1.9568628575536013,0.704567845765146
-1.7804269342238874,-2.0463317667264027,0.40658793855214576
-2.158716610424213,-0.6108016121991426,-0.6079337506262535
-1.6295994410395418,-1.9489245391037044,0.7189146948363537
-1.599663309340233,-1.9351527514609534,0.7142288993864003
-1.569549031062853,-1.7656452884219993,1.0674785985532265
-1.585515185490611,-1.8369195542226944,0.741158984421094
-1.9761090318827441,-2.1934352549842635,0.11465547486384187
-1.5320139164738498,-1.835363441355428,0.8665735626718211
-1.3208870406519997,-1.7373448536316483,1.1409860127006082
-1.5770973407394897,-1.861475362616307,0.8963650998178123
-1.6822998540328162,-2.0125155778038737,0.5474083300259003
-1.682688847677735,-1.9724222008675902,0.5633836457610478
-1.5474672005789927,-0.42497835169504394,0.008711919066320004
-1.7355951918602939,-2.02504246511945,0.4069355163628837
-1.6069294300169177,-2.025886407588391,0.5095230813151747
-1.9083680846089814,-2.1441002045826374,0.2896441015980728
-1.3734730172587821,-1.853748585973145,0.991183886883956
-0.7347788955735941,-1.2198488594005914,2.068513537055298
-1.6599626986004699,-1.9255089805734893,0.74554249032461
-2.0363931709053937,-2.1785270193960535,0.14094210595390505
-1.7657372613716185,-2.0175883473253453,0.42007883190791534
-1.8934801123089544,-2.1187046609917157,0.2839895241484153
-1.5925039866857835,-1.8094844313189091,0.9079184291741735
-1.9002638642139191,0.2720202377779476,0.42836083679001363
-1.7426144935306407,-2.008136271617155,0.5837488808122567
-1.7430263625319402,-1.9759395917319893,0.6072646363196241
-1.7730998059741223,-1.9447953827845306,0.597786632547996
-1.4714448262281632,-1.7397257965505886,1.215839429799201
-1.8785921333861952,-2.1035642483893406,0.28493566201596887
-1.4641051636047717,-1.8101603271539748,1.039071353614129
-1.5695136147101145,-1.9399746369046857,0.6985721039172954
-1.660145754433373,-1.9066415090740616,0.7530602859646796
-1.9236069315826918,-2.1059860784968656,0.29210587984530023
-1.6751127467671543,-2.0535537075063415,0.3681041297846046
-1.6558551917329125,-0.11461362663861195,0.18223300004630866
-1.2850195615606146,-1.5089376048295293,1.404624248953668
-1.7955742201674867,-2.068927031333076,0.43829439556539457
-1.6827117230341164,-1.9803188979187083,0.5709240855332678
-1.6148792743348304,-1.8993970593126102,0.7157509531786191
-1.8336203766612302,-1.9294453021495017,0.6491854187466418
-1.7806328654131718,-2.035360992278093,0.4216461739644351
-1.8334601961847081,-1.9562094707000475,0.6492080628787923
-1.5556602208568029,-1.664611812199493,1.1204605631515112
-1.5620186808650336,-1.8625701891629867,0.887279962121223
-1.320925166245968,-1.7505060153835112,1.1535534123209745
-1.9162730590374881,-0.6378850407279457,-0.3971040432720141
-1.8781726392661013,-2.1331286959241336,0.258906426584528
-1.3813923611015204,-1.716730308295874,1.187357839051107
-1.517164063145059,-1.833384190504916,0.880087100159741
-1.2606029016293503,-1.7522530892198578,1.1146993816105448
-1.8179190007186268,-2.158565860913834,0.24267371519075814
-1.5848134560114415,-1.9331735006104416,0.7277424368743205
-1.4562849992882065,-1.899356577477719,0.8227669179222411
-1.7578609656231439,-1.972654377881756,0.5887241389835572
-1.803089320127719,-1.9667376658913438,0.6134660721492515
-1.7203765176244672,-1.8733076470332433,0.7617525575862297
-1.6452434127191133,-0.5120490793057194,-0.1355163885222158
-2.014590820180256,-0.6554659905014195,-0.5278931591816258
-1.472172146927675,-1.8286039264599625,0.8738566067854188
-1.8193982737645902,-2.6692189368861308,0.7302888204609779
-1.8345150592330142,-2.6812852720913143,0.7519413577779336
-1.510723998971016,-2.4708004131659376,1.1649275379455988
-1.2996199918828144,-2.390933653481822,1.453481143063817
-1.2694702972526961,-2.3957555389255547,1.4378243475947121
-1.3224578151234865,-2.279584717808417,1.6587628770597078
-1.3224300238895417,-2.456546298641476,1.2923698623478501
-1.8420987852623891,-2.6027859978029353,0.9497343536784504
-1.540942319670277,-2.4896686188755597,1.2032056527313633
-2.1402361541580013,-0.9761904587615798,-0.7479236368778513
-1.2619677382888215,-2.3157188588334825,1.6240187258745664
-1.8947915731368699,-2.6637448041527327,0.7757145089439237
-1.3975411342618698,-2.445975747841207,1.3042032314949843
-1.6160381798050174,-2.473833603374546,1.2100120620303514
-1.706510139051753,-2.4672646440944663,1.2645228882098858
-1.3674219401069256,-2.4613265626864296,1.2986003557221726
-1.4202187704032876,-2.3716461117068937,1.5161083249402367
-1.1865668137977476,-2.3185607592165085,1.5760795574675477
-1.766880923226951,-2.576505295697988,0.9027122655942895
-1.5635742050989332,-2.3995455886390107,1.400029866632176
-1.7571372416109496,-0.6970792057417098,-0.3101279855245271
-1.5333558843996724,-2.3806773829293886,1.3617517518464113
-1.6989492883787594,-2.553660615433963,1.0742703320815892
-1.3824853497437946,-2.454967271439005,1.302658533570615
-1.7818146462397397,-2.6176942333911453,0.923447722588387
-1.4429906768160468,-2.4240975951146844,1.342429644603903
-1.73653291590361,-2.6051853189289487,0.8811114299541799
-1.5557616659011613,-2.491374071313127,1.1862389108643612
-1.8194668998337324,-2.6929090280394843,0.7529101397776379
-1.5783935513298182,-2.401251041076578,1.383063124765174
-1.4578405235221064,-2.436331976953743,1.335516822433194
-2.065964078384984,-0.8558461975724384,-0.7539035423825827
-1.4879749679146372,-2.4262456268092656,1.3461466580541526
-1.5181905793726684,-2.2576233222843376,1.7407638678554813
-1.3297163106813772,-2.367686141585481,1.4515435790644087
-1.616068680280192,-2.4843625327760357,1.2200659817266442
-1.8044236563120148,-2.519674506103478,1.1127314967169797
-1.6537209338741852,-2.559577327424375,1.0495283989158948
-1.2468890784143656,-2.316813685380163,1.6149335881779774
-1.4127009612018258,-2.2863449669140765,1.697275743371944
-1.2621431756256625,-2.283964023995136,1.6224223262733515
-1.6536828082802169,-2.546416165672511,1.0369609992955284
-2.186924052693699,-0.9836819906828316,-1.035093344165662
-1.751626826015653,-2.609354957083015,0.8952235274989159
-1.5708022001816495,-2.4771180830145836,1.1827566489405836
-1.9400046774038568,-2.652563627461576,0.795429482261471
-1.9400199276414443,-2.6578280921623203,0.8004564421096174
-1.3676709193904737,-2.26840354111726,1.6784778503772553
-1.5416211737930656,-2.3855179754366933,1.2090817605059168
-1.6236017397192408,-2.5749281422695973,1.0439255231430833
-1.6235712392440667,-2.5643992128681066,1.03387160344679
-1.67632994394646,-2.4615576001367074,1.2388121730444874
-1.623525488531305,-2.5486058187658713,1.0187907239023501
-2.1204770571148113,-0.589283201285769,-0.4659162390388677
-1.6536675580426297,-2.5411517009717666,1.0319340394473817
-1.6536828082802169,-2.546416165672511,1.0369609992955284
-1.4578557737596936,-2.441596441654488,1.3405437822813406
-1.706634909798269,-2.6045746930380616,0.8889930341245931
-1.284564207364739,-2.3999251770796204,1.4519364451394479
-1.638642273999729,-2.5606721539710544,1.0404432612193057
-1.6162212422606528,-2.4447110008865707,1.2109291423532091
-1.6612589091907979,-2.46528465903376,1.2322405152719715
-2.0680907646506177,-2.708048301077973,0.6668353260098897
-1.5032748158386962,-2.409189359526475,1.3687162756939661
-1.5548172041851391,-0.5344114326880338,-0.1749463351573106
-1.6162441176170332,-2.4526076979376894,1.2184695821254294
-1.254795881260746,-2.3620214532366957,1.449741485481417
-1.0813490502668335,-2.162256079328197,1.9200093674113128
-1.69910185035922,-2.514009083544498,1.065133492708154
-1.3676278779189417,-2.4401006572495736,1.3070578758172506
-1.7063908463922852,-2.6126394367230534,0.8679681144091482
-1.7214618811479476,-2.608912377826001,0.8745397721816641
-1.2920869324437652,-2.3003680439882603,1.6296216016473781
-1.5557692910199554,-2.4940063036635003,1.1887523907884345
-1.79683993028264,-2.598173780391858,0.9149385008164632
-1.3930908358836522,1.0167098711138207,1.1617159039455114
-1.3599270062618447,-2.3839221149447303,1.4873082139261
-1.480421742360437,-2.5152738304991344,1.1584075818499289
-1.706456763220198,-2.4488390176418573,1.2469285287413727
-1.8196548781669315,-2.478928147667334,1.1126797950401335
-1.4956529642153538,-2.4745274720629897,1.1583558801730829
-1.329967999206155,-2.3622536302508617,1.4750819787039269
-1.714012698015628,-2.547301324186538,1.0783285099300313
-1.676551131996064,-2.4455961594005973,1.2522966529877122
-2.0077608749152067,-2.707163142563947,0.6254678153753865
-1.4125816685423576,-2.4317197595426636,1.3007209695712068
-2.1032578388092324,-0.9816832985585521,-0.9303625212321864
-1.1865668137977476,-2.3185607592165085,1.5760795574675477
-1.5266187651065453,-2.4129351254871003,1.2251314220500609
-1.653919246567407,-2.5357191896371463,1.0554724390869
-1.5557692910199554,-2.4940063036635003,1.1887523907884345
-1.5635589548613456,-2.3942811239382653,1.3950029067840295
-1.3674295652257193,-2.463958795036803,1.301113835646246
-1.2317799180647349,-2.3073795825253516,1.5957945307850947
-1.5858884851748989,-2.478655488818277,1.194355266561246
-1.7970687434510368,-2.584844572006119,0.9309364606837609
-1.4580159608589476,-2.4045771421153956,1.333920422831979
-1.9909036279802497,-0.7076069955793131,-0.3852027417284283
-1.7290837327712905,-2.543574265289486,1.0849001677025472
-1.4955232775912741,-2.5220757010035726,1.1750331593187378
-1.6385965232869675,-2.544878759868819,1.025362381674866
-1.3827065377933974,-2.439005830702894,1.3161430135138397
-1.2318485441338773,-2.3310696736787055,1.6184158501017545
-1.4053079227468794,-2.338353871064854,1.5029133077183592
-1.0210420358878032,-2.1692676178652883,1.8861822965490296
-1.6388024610989833,-2.523652854431963,1.033819901769944
-1.5861020481057084,-2.460061815731794,1.205326266580398
-1.8497996569194861,-2.658964540107779,0.7694840155696008
-2.30225509433003,-0.6300887486203781,-0.7098936979770335
-1.7151352461612897,-0.37045673255471084,-0.20236877053399718
-1.5484269191553346,-2.376950324032336,1.3683234096189272
-1.5752780317832196,0.18526338506141474,0.4270280550403785
-1.8622226158992863,-0.7031864733475085,-0.28764213662428395
-1.8963385312801888,-0.2724774871019352,-0.12010096114902656
-1.601754082004385,-0.3489799430401158,-0.08223854779003896
-1.8677905553197753,-0.14297438989131542,-0.05017489881589034
-1.8356653986126206,-0.32747909962642824,-0.16236290797423725
-2.014633861651788,-0.4837688743691057,-0.15647318462162152
-1.8204723089744046,-0.37113148882588953,-0.1563445219942362
-1.6361570945643509,-0.7590923568032945,-0.38621700321202085
-2.142272663544511,-0.7457795763533552,-0.6774895910165011
-2.054170069274562,-0.357969187510139,-0.25404059751479713
-2.012493303220665,-0.8750741450952089,-0.6118343291183511
-2.0043451528322627,-1.0151665001696712,-0.8306069564700111
-1.9118290601559444,-0.23918598067008973,-0.08750006794507006
-1.8416806223114268,-0.5710691166398953,-0.40303866051244447
-2.338043560010393,-0.7267242115925924,-0.5895219159175724
-2.0430243663769088,-0.8275266503648205,-0.582715697838172
-1.8786513059186696,-0.5731991754810969,-0.21651254076497153
-1.7319425954655685,-0.010253315167093421,0.23856175615195413
-1.597279576024935,0.04999291543068427,0.22391222315782316
-2.0577064074876525,-0.8638929684040516,-0.5921193558008037
-2.0244474938833306,-0.33585885776945085,-0.24115467762838802
-1.7327739585869615,0.05150781225286518,0.28810674709076234
-1.9717623311276429,-0.27753228377002714,-0.06462135296978802
-1.6832999035728808,-0.5626900927070672,-0.2784509804324599
-1.7355884552633083,0.36210544853365667,0.3904914244224075
-1.895766481802367,-0.3314383355376463,-0.14359407252424355
-1.9537880075113399,-0.7477607009779488,-0.5600785421783929
-1.6330604165865048,-0.0440103151911572,0.3417705252932111
-1.5421002841686768,-0.1384946787610461,0.29141486690326573
-1.705504676385382,-0.4892441466663918,-0.1167701972043725
-2.0443515211654555,-0.6907374819939707,-0.5282116794476686
-1.7731540626290332,-0.5992885877604637,-0.26251414517258215
-1.6254793997983594,-0.3100000997140855,-0.21236156562287017
-1.81930533466238,-0.48115648864619387,-0.21087118451689005
-2.1863416688558543,-0.8525200965336204,-0.7047608404493878
-2.1573436983001733,-0.7420525174563029,-0.6709179332439853
-1.655267892017504,-0.16831001037357787,0.1537129288229451
-1.9794174454492461,-0.3281725629611805,-0.25335185530586596
-2.1528996994186294,-0.3433534573984469,-0.3613139579170414
-1.9083689720550694,-0.7699126521174157,-0.5948517509082296
-1.6504577748474218,0.18239897569687644,0.4548820281869611
-1.9863403298165057,-0.46453785913859047,-0.46555282488501026
-1.5951668088277575,-0.16435077446235996,0.13494409337295138
-2.0336939925146154,-0.06205141172133012,0.009523292929266527
-1.7607144687168146,-0.3112854818761522,-0.17421892125352212
-1.7606992184792274,-0.30602101717540686,-0.17924588110166875
-1.8737218960891198,-0.3678649820392297,-0.31189821520169253
-1.5949837529948545,-0.18321824596178748,0.12742629773288194
-1.7603483504282769,-0.35927555586355364,-0.1826537972164498
-1.8272273877463479,-0.5316287212034726,-0.3710363273653035
-1.883044645908341,-0.12037985949483543,-0.036085445403305105
-1.8865199831710822,-0.605245781585767,-0.39427204308189817
-1.8193205848999672,-0.48642095334693924,-0.20584422466874347
-2.2829966573967124,-1.0654092180668362,-0.8884349310161375
-2.076583482517577,-0.4610429772557037,-0.4336406738899849
-1.9301847445999198,-0.7468152140015702,-0.44254556809807877
-1.8800013426863291,-0.4340515731728187,-0.1610687979194595
-1.695853934947312,0.2124476238874612,0.48211479714457794
-2.0669834065941117,-0.6006144517574218,-0.33138746554685616
-1.8046309186704297,-0.44742240295733543,-0.198954046630185
-1.9403568700012068,-0.5482828910641412,-0.5213056650659907
-1.8886098750118792,-0.3830053946416049,-0.3128443530692462
-1.4822051321682146,-0.12356466840151842,0.2877042668655614
-0.09369450525166706,-0.7972790801948116,-0.7793316803358595
-0.4042728563466994,-0.8785281695015318,-0.9492674464058247
-0.23162939963807053,-0.719091741954071,-0.4806512486154647
-0.6129255404137969,-1.5833140591946282,-0.6432298413808001
-0.2834905716475474,-1.6140320899970453,-0.5705637823519514
-0.4256868348839306,-1.8602256991175399,-1.0340496169404731
-0.13977671411555945,-1.3322955351712524,-0.31466282806088697
-0.2921724416949076,-1.3372013486714927,-0.01906838829471505
-0.370858435052901,-1.7627852873094978,-0.7711901578379128
-0.15653312889394624,-1.3707448787449643,-0.07821330824735723
-0.4196713937147639,-1.5725295680176505,-0.4583753788171183
-0.3135792653273168,-1.5881523457503322,-0.5750148262754329
0.15896660703127274,-0.6631389123914032,-0.6155444162338936
-0.7086959544902108,-1.9656858436899878,-1.1762360454023295
-0.35034403509682166,-1.3788348427167643,-0.20499732738070156
-0.295243947631018,-1.7842208607790075,-0.8301003262640831
0.14478081455619024,-1.4821373095912296,-0.17445774476064707
0.038261520570732184,-1.3677963997543028,-0.07548058916729684
-0.5159986335223404,-1.849655515422368,-0.9993182925804218
-0.45595568828202254,-1.3409532607502552,-0.15429710069804758
-0.18309056775705432,-1.588650292206481,-0.3267399772885815
-0.1691026442521505,-1.432887533452037,-0.3196346823376721
-0.17903828752377324,-1.5084910468272383,-0.5890529723876584
-0.0650321525093491,-0.628292497728602,-0.7471078168638224
0.19502291755183693,-1.249162299135206,0.26923040675488363
-0.04185819739886813,-1.7897135972549607,-0.6542664728950547
-0.0361479199270143,-1.361183616444863,-0.13647020542183658
-0.5850561440178736,-1.589503326713078,-0.39137450834424303
-0.06442154033724762,-1.3509308296565146,-0.3475211169234659
0.12977074763721694,-1.4060767369484637,-0.2209975029667735
-0.35564249654923186,-1.7575204555036557,-0.7991150728989765
-0.3655475996092878,-1.8841258254086444,-1.0389829907419883
-0.49997133763000684,-1.398502761512272,-0.21896485555108064
0.057893452844011054,-1.6496522266240405,-0.4146204797534244
-0.2779789909873715,-0.5668463740640257,-0.4296649631059789
-0.12337847158949466,-1.5548528103475254,-0.32293278168621653
-0.6213280910848571,-1.8169326463775346,-0.9756096699163677
-0.34062483762512474,-1.7796731408533164,-0.788092371202979
-0.4612389259877734,-1.6733538848822156,-0.7798446673333139
-0.1938346921709572,-1.604851112099152,-0.5475530008547684
-0.018895680367813958,-1.4490379687647748,-0.3448751761010056
-0.6146490460304895,-1.6386516234172555,-0.40078457971941966
0.16339069613364765,-1.6757416389034074,-0.46062208416103495
-0.5707707812754305,-1.423379685191018,-0.4228884925772911
-0.48611587765458664,-1.854309354232225,-0.986409728561862
0.024807010999318386,-0.8060360825782462,-0.60176667529832
0.04259357180629198,-1.5813203043985182,-0.42505443869966664
0.011452326955526617,-1.4777179919957357,-0.3664760117411154
0.034247299704099156,-1.3322431734962183,0.10825785313930156
-0.5092891211064581,-1.609569908117866,-0.46755069866582294
-0.1680958173029882,-1.567424019664528,-0.3411804124064204
-0.4018700197705147,-1.6657106798931123,-0.7223373130025514
0.2601984111434703,-1.3763568872648622,0.014381608826608055
-0.5311840781735672,-1.8341362868381734,-0.9880480125328627
-0.6121094010390631,-1.6913601752695175,-0.6613450112026167
0.05484276594784398,-1.5271800985216324,-0.1440740609703854
-0.24321498989442142,-0.8826470559705669,-0.7624807742711529
-0.47089993915091766,-1.849044522426383,-1.0143346436229257
-0.5965426077299073,-1.7188396201747294,-0.7058792730128838
0.024715946674106527,-1.5144615160267823,-0.13595770527350046
0.024418474322907217,-1.4735467438516663,-0.13034200267559884
0.08490855778030447,-1.519936015865278,-0.15848543854352887
0.2704925277166411,-1.3206102872617964,0.2580763568861059
-0.2586593375798356,-1.5001456696920037,-0.31591426499290726
-0.40417325958841066,-1.5724234491334839,-0.5132918978967815
-0.22315305679334257,-1.6105146991326467,-0.6144447729105277
-0.24538836730076038,-1.2944139532047436,-0.26396260137823296
-0.05357359420713628,0.24590362107482355,0.25168060782923696
-0.4050732421562143,-1.5446075438554256,-0.43452487232410264
-0.5065511567990777,-1.6963917287459036,-0.7274544550028138
-0.4710267230376849,-1.3372262018532028,-0.14772544292553183
-0.4097967845071502,-1.4667082585026983,-0.20185282596060156
-0.28365073225587345,-1.618033314412139,-0.5507842805324681
-0.22831133025649505,-1.5288256929229642,-0.33751510063301676
-0.3494592431620173,-1.504211391592485,-0.21933095525033303
-0.40379953604927515,-1.5870158978048734,-0.5440423997354161
0.024921857995194405,-1.4946668975094526,-0.1708180866374232
-0.3111234635289603,-1.7210911083994247,-0.7749234020077678
-0.03237306529560873,-0.8951743486398359,-0.8636208224598086
-0.5763971824405542,-1.822955110147016,-0.9683330392153153
-0.4157588498447614,-1.73597876314998,-0.7951214235524696
0.17003914799459297,-1.3644177115049687,0.03184691129124945
-0.6819859536466423,-1.7874319621179355,-0.91857253698767
-0.29926333588237913,-1.5140510847122457,-0.5505755770326622
-0.5256720869040077,-1.422768692195033,-0.43790484361979515
-0.048038548048770065,-1.5787525695335334,-0.3507641107006489
-0.5060706484831713,-1.7254085794548075,-0.7603900991924183
-0.47635567834253745,-1.7366958750301313,-0.7251885534303022
-0.26209903136638546,-1.317069902676219,-0.04259396110914303
-0.21896097268925957,-0.47518323742113633,-0.38855183861206904
-0.26857969750021105,-1.6217603733091914,-0.5573559383049839
-0.41938917160115197,-1.618708804893512,-0.4589641215668733
-0.17505705135730815,-1.7508014606916777,-0.8824131832675575
-0.3435153970266257,-1.6019241333930831,-0.5703290308254794
-0.38555574626942785,-1.7736506770838354,-0.7953690019040318
-0.1932292461033807,-1.1787578085122281,0.2955857325995592
0.16008828759904298,-1.4965613445236472,-0.19954084232453417
-0.34940589382139,-1.4447652411856908,-0.2633281759876909
-0.25861358686707386,-1.4843522755897676,-0.33099514453734696
-0.26836616106032973,-1.5993335224414895,-0.5947297995929802
-0.17383939633872397,-0.47693067836257974,-0.4045079141095818
-0.5520007059759872,-1.6642584450308342,-0.6958287572111064
-0.5255576770084434,-1.4345608618821752,-0.44260346589483845
-0.5968782387887347,-1.639810354808744,-0.7206997473806718
-0.22845620751357387,-1.5788381075800448,-0.2897589820756243
0.0694179825454249,-1.414858592513608,-0.17208955256005073
-0.13875463692880988,-1.461567556682998,-0.34123551797778184
-0.20879897526350882,-1.5642728002968824,-0.5761700620192786
-0.20773110762760563,-1.7392822136376707,-0.5782193395773461
-0.6367728493796551,-1.7986131388090927,-0.9382875103052173
-0.3640421709739078,-1.485848427099779,-0.2746112828603399
0.2354582678918984,-0.8228383980755533,-0.6796740172884109
-0.32379463858462293,-0.5174884093271944,-0.36980224339971024
-0.07835608801059611,-1.48826796195835,-0.37222077134288845
-0.4200142127920733,-2.1729711802461025,-0.03503516232489275
-0.3141432724542291,-2.1726325172426724,-0.13819012983998286
-0.2844054600708745,-2.124747460824147,-0.14353260043614285
0.29479740213450195,-1.9537885312280479,0.11396594163187836
-0.47759082175519685,-2.3579650045728853,-0.19259121470341517
-0.20279074860375212,-1.9150270228372437,0.41126200569524496
-0.2815148410647857,-2.3947926471812986,-0.3018895029587415
-0.25410322995122364,-2.1282003542031576,-0.17645541780065765
-0.20103958564460936,-2.4057267997426415,-0.665117217650577
-0.32740747194693814,-1.052820103857071,-1.0441475492989765
-0.18407408224952412,-2.1230557541869364,0.12291252394388695
0.038200956720694866,-2.0656929038013487,0.38027446116122976
-0.47778148283869737,-2.3724951583894693,-0.1627577931876385
-0.5680934073090153,-2.1670774859119146,-0.2534400598546005
-0.021877363699114683,-1.887418215856159,0.2792906964464128
-0.21809051043229524,-2.0312874584055565,0.5196409224588044
-0.40481348478959944,-2.2345015990722836,-0.01832882563454245
-0.2816522190349787,-2.247325340705624,-0.3820604553524353
0.046974394420898395,-2.4134881668078934,-0.13537553881277387
-0.06738016287567158,-2.0685580473760807,0.45392434473364657
-0.21655836488240818,-0.7228188008511234,-0.4872229063879805
-0.19951890677164194,-2.00218493673303,0.09422753038292507
0.249721702328636,-2.131095184966751,0.2402547286119642
-0.43237771748820975,-2.369146181264042,-0.21230618802096254
-0.22959231710016403,-2.0223163827283033,0.11775310319735305
0.06339829583148048,-1.979286295506616,0.6132876719229239
-0.25996314017529754,-2.093829235445379,0.2063008164645837
-0.027203389775727022,-1.8636383213546759,0.6115169270535362
-0.47766719877504105,-2.1894398392942294,-0.29287000648969524
0.08709013345683411,-2.1783506446467378,0.009321306313646032
0.18921634214272354,-2.0489498536996984,0.24702226305919597
-0.2561939363880558,-0.6445788556677846,-0.9069157118049845
0.5378742040682124,-1.7522504989800787,0.8147427983630099
-0.036948398454777036,-1.8836911569591066,0.2858623542189286
0.033080749246922427,-1.8785465569428854,0.5852302959634731
-0.2297676617187575,-2.1341333817296073,0.20856671803709498
-0.34477334956834593,-2.333641269872419,0.03581590084574
0.3648418663011087,-2.045930776396546,0.47431407670038794
0.25948180892243744,-1.8699098719250065,0.4090658893025669
-0.06369639906040586,-2.2699536890654044,0.1661798364516489
0.053500844381145884,-2.1442799570154176,0.3973091354246832
0.5978914970467449,-1.910562521774064,0.9094315412015682
0.15710054466455667,0.22674287164008816,0.1728335413841373
-0.4174440010981525,-2.3177021125823383,-0.23964236033227104
-0.38724099024106684,-2.2118021926765437,-0.33229995312479
-0.13398486702840862,-2.262042879108832,-0.1137369410465154
-0.2541031372329757,-2.2717721880428074,-0.0840454033597004
0.16862853413143225,-1.9026563512666435,0.5298442738308656
0.3947855833828192,-1.967995970472143,0.427510509423094
-0.6980710695972687,-2.226087984717365,-0.5183016114585048
-0.16399734263390167,-2.15856515641566,-0.17632636079678607
0.15281480116990817,-2.372402778263223,-0.26148016321762685
-0.4289706467205919,-1.8986046246370478,0.5475390711440814
-0.03759754020749835,-0.5486509964817253,-0.5038005804509452
-0.31156550186883475,-2.2121799073430717,-0.41131796094354667
-0.02205264871312015,-2.0915313937543805,0.42951074914105575
-0.08871076181107253,-2.252166196997008,-0.15355975375664907
-0.5926194511884859,-2.46281827988135,-0.4238087452946622
0.11392976131989431,-1.9553488131183498,0.224255656019059
0.1989765414547728,-1.9313363744976042,0.5082434381907559
-0.3117942885463035,-2.2398712229115194,-0.36891713980740376
-0.29970524839034557,-2.199987372438274,-0.06155654494142799
-0.4118662864967627,-2.346914518418441,-0.5954069905789122
0.15948612176450244,-2.0429270228251197,0.21684767714522635
-0.25969708223628807,-0.7300648606025781,-0.7001596802121722
0.023046045658302653,-2.090920400758395,0.41449439809855176
-0.3298396331782888,-2.282197201190715,0.008479728534431163
-0.13934145318478328,-2.1564957351119216,0.1691367714020002
-0.2595436659234003,-2.0926282900145323,0.1604694350815093
0.0173507998738803,-2.175766594245716,-0.3261524346907826
-0.07358631811019488,-2.288743284384184,-0.14472219441162196
-0.021549324645420944,-2.0203553685152493,0.32962822732433034
0.14361432370360153,-2.1207368719348145,0.36192113591842545
-0.0935106546909246,-2.0467622703198107,0.005236362089416476
0.12877204251174793,-2.038042842526582,0.2930883959687423
0.14223544772091015,0.2092440251002845,0.170947679061575
0.14381260990589576,-2.103574485767858,0.3295742344785757
0.0019213845349174863,-2.295754455816178,-0.201447220486822
-0.018452887036492175,-2.1270341025154207,0.04400092899685144
-0.16402790271366416,-2.0767979069202323,-0.22567887895539335
0.12872626530805817,-2.0128157126746324,0.28176641424433735
0.008043577367194932,-1.9712070718110712,0.3390382986995069
-0.2693344253152121,-2.128474519721199,-0.15010425820865866
0.12885601815945769,-2.1629152515006798,0.3644508465621042
0.1441633653704025,-1.982491797650715,0.21395415797120398
-0.22402206867199997,-2.3002841646398937,-0.07708087951214575
-0.05115836434171129,-0.7005805774549503,-0.5592507367090022
-0.15384819603605734,-2.0092591372300244,0.022714491379148327
-0.4926924232133537,-2.2622155651918585,-0.24197279040671824
-0.3267279122181129,-2.4348871254328732,-0.24917095305513817
0.27412577742106875,-1.9287457635460101,0.48384266942325505
-0.08158183474788078,-1.9185834653647413,0.2729700209199744
0.15236479332917643,-2.332856998152828,-0.23859843872431552
-0.14926940511029244,-2.332018326022214,-0.03678784539994706
-0.19357499440893025,-2.202448988419092,-0.19076339202010917
-0.48083216973486453,-2.250023030287061,0.10778862559540045
0.2393136341086112,-1.9685385677862202,0.8044736863042311
0.1889816445884596,0.04004777460142146,0.08827116725844608
-0.07911072310734917,-2.1385539422100077,0.1274409231943942
0.10249670655307591,-2.117535135070125,-0.074839891532039
0.008638462465005617,-1.9607404372643855,0.26840045564880277
-0.6647943706557273,-2.4296109846452434,-0.7636324717792697
0.4253776011302878,-1.922699689479725,0.33207903152984986
-0.4873282119381854,-2.3651304768383965,-0.527359982779307
-0.0736320423320286,-2.3455572024406055,-0.10323845359833732
-0.04345197305864362,-2.1450026697004643,-0.2543627597907485
-0.05230912812000923,-2.0722851062731333,0.44735268696113073
0.05318046355990575,-2.0599862269486873,0.3774617012087487
-0.7502049262477644,-0.8890597612570736,-0.8115358651847349
-0.3033313431899511,-0.8611053636168906,-0.7584871249246459
0.17461053235172017,-2.0282284552695633,0.1926816599041975
0.43094350467269416,-2.3235720784562366,1.3992857816685125
-0.03494979251563445,-2.6565550170922423,0.5469961938399186
-0.09833799426600634,-2.5376002798542334,0.8614236031815339
0.025624200362152717,-2.7252653881944875,0.5242080553932383
0.08584733843445312,-2.761231482585678,0.5180292636957615
-0.17378469596076965,-2.5095312496192577,0.8980407898641476
-0.19524489542473417,-2.7789078731507053,0.35968871135194297
0.5595911094350889,-2.5920425029125345,0.8353648718198713
-0.21026255434884122,-2.756755187801044,0.3486660096559455
-0.11334931950405865,-0.5130648193876454,-0.4392520652947231
0.11306838118276244,-2.6527411772637715,0.7657067848105789
0.2582238232670572,-2.55035135346161,0.98220724438773
-0.08321358367878853,-2.522901712298677,0.837257585940505
-0.09476866683723284,-2.6861832279022293,0.5519748559057353
-0.04442013797254622,-2.8279706318083715,0.2892735113517417
-0.4635338350808387,-2.855350799909151,0.22753997186677452
0.13755638556378105,-2.5034782478973034,1.0344521689947532
0.2734245181558711,-2.56060611734506,0.9659100044920242
-0.18011285971872282,-2.761577073244777,0.3330092141868409
-0.05317064071178099,-2.564574850647626,0.8567895094084262
0.14247688957061244,-0.5131889493737871,-0.5507098422508396
0.05572051916071566,-2.748512900090828,0.5261456193926465
0.5244280252216288,-2.4657743275905872,1.0867959363263053
-0.19507710969761452,-2.7722744163852386,0.3373957296083863
0.21855034112115174,-2.6328193993011517,0.691728563665059
-0.30739827529869745,-2.9744784417232317,-0.14367163762355817
0.34343835601539524,-2.468429803132666,1.2108984682298143
0.007159249023630259,-2.5636896921336003,0.8154219987739234
-0.19519151959317887,-2.7604822466980963,0.3420943518834297
0.007555854541878683,-2.5806405747424184,0.7837317724802799
0.29807268314521557,-2.407341963563497,1.214875886856715
-0.03653470924776702,0.03935124355892493,0.16429264692597473
-0.15551803744727336,-2.678014200858555,0.6325730326061011
0.9799280726697378,-2.212501878523945,1.721465299791143
-0.0045178691491720374,-2.7178112704003823,0.53735137093827
-0.029402512162099173,-2.798847662215301,0.267292636461683
0.28836589277838187,-2.5578054712557146,0.9690639288426984
-0.10346576063125246,-2.4556374752316072,1.1349000710799624
0.3540752440265487,-2.654570759687481,0.6372822659874602
0.37873869236714064,-2.5473177961479054,0.9142247650900608
0.022344693674856995,-2.579208920717795,0.8041517187263642
-0.17041366135702243,-2.6650214528456635,0.6143382287109871
-0.4721560287242489,-0.506436002071331,-0.5612155369108177
0.4488593150034356,-2.4695658839730266,1.1570280864768805
0.28854130362429525,-2.5485397821398763,0.9442574671750689
-0.2856711039587083,-2.756545519768391,0.3991186579870377
0.4939961349688264,-2.455793729225179,1.1294443358140098
-0.32105534973084343,-2.655336427664518,0.6904370637055414
-0.17079504312861157,-2.601785581581914,0.614598633887639
0.12778090290048452,-2.575080536857411,0.745254377125284
0.09138696055553475,-2.8548807051163765,0.20783560965554287
-0.14997841532619177,-2.7716634233892536,0.32237937856588234
0.2583992341129705,-2.541085664345771,0.9574007827201004
-0.18641629537108345,-0.730272918645228,-0.5003662219330121
0.040626575935012475,-2.701406883302161,0.5072541403513262
-0.25547565861582827,-2.7455740111098867,0.36838098297349287
-0.23092662017080062,-2.626528877883169,0.650022104351137
-0.1346785607794007,-2.79897482166059,0.3064104762432798
0.4638998161702635,-2.4325462173288375,1.1275067718146017
0.010720951333610066,-2.7149048725319678,0.5084867314221978
0.12800975580527324,-2.6499405311744266,0.768860709161253
0.05248676318618171,-2.5866630385118996,0.7910084031813327
-0.3125947008467464,-2.8649300733112275,0.1194225730054737
-0.02934910321688385,-2.8316976907054237,0.2827018535792259
-0.3894306413821657,-0.8586708890242996,-0.9464418596282538
0.06096269542152596,-2.8422678744005965,0.2479705292191745
-0.0045178691491720374,-2.7178112704003823,0.53735137093827
0.16126351316311394,-2.758808918267959,0.46506313544059624
-0.027950426244614492,-2.4702715453017756,1.0822622803979005
-0.12520055709003533,-2.676202629536821,0.5946232553934397
-0.3427367703580711,-2.8574759555171227,0.1325658885505053
-0.2403435897961569,-2.77951886614669,0.37470506239444695
-0.004632279044736388,-2.7060191007132404,0.5420499932133133
-0.029280444034081213,-2.8592832544948026,0.293084110848622
0.15777806866380242,-2.5915265453544105,0.7534643188688002
-0.5210887180166619,-1.0674377728152677,-1.180657150555511
-0.02307434840414599,-2.5468018385897815,0.8323242121389898
-0.08298476388765988,-2.5464860516729613,0.8278603413904182
0.23327817930378109,-2.652445604079509,0.7322563493037293
0.3236509788925399,-2.641957928971701,0.6774171855510916
0.11288531210439551,-2.6133634437872515,0.760023149816226
-0.13383664993370575,-2.4245990180632186,1.1574406311750807
-0.2826204170625413,-2.879017647870798,0.1285722392039988
-0.2555900353977326,-2.7850574963654764,0.40608318183459235
-0.18869554361717789,-2.5428234902612967,0.9112358070860248
0.13771654617210718,-2.4994770234822097,1.0146726671752702
0.23328447987617576,-0.5987871740198507,-0.5904001940625863
0.010492164656141369,-2.742596188100416,0.5508875525583405
-0.08059762127210605,-2.651839250532676,0.617569508388687
-0.20038032002243378,-2.6483016459357196,0.6026750825883891
0.33888983248898197,-2.690327186046018,0.6815561226210753
-0.11030496629394626,-2.63791972260698,0.5798544827024975
0.4035241757220906,-2.4492247699451006,1.1839551619935447
0.5695420029442989,-2.5111745248365884,1.0997562020217109
-0.0530104801034549,-2.5605736262325327,0.8370100075889432
0.36366765761147835,-2.5435907372508533,0.9207964228625766
0.5093569904659665,-2.4620472686935346,1.0933675940988212
-0.25926994975193723,-0.7775073377640912,-0.715500964933264
-0.08957986640797799,-2.7983638286646055,0.2913941252007758
-0.37297796641371295,-2.884240858277863,0.17838444310848975
0.17305504123148063,-2.6164795096883187,0.7384351410012063
-0.04978438236137448,-2.6737800652191015,0.5416571271382746
0.07731799725389338,-2.472776618206858,1.0456579205403767
-0.06840186256669738,-2.523828492211482,0.8567378077315805
-0.3126480766783017,-2.883355699763836,0.137016932473987
-0.1801204848375165,-2.764209305595149,0.33552269411091395
-0.21539794583288085,-2.6774246155287904,0.6246559574784477
0.4337653717777324,-2.4224598671843602,1.13813660743556
-0.21366023996670158,-0.8056393970640664,-0.7669061645444544
-0.3279337574665341,-0.9985761232962168,-1.0225338868337768
0.26670734750753516,-2.752048302057202,0.403652313915443
0.17336144233408834,0.10037724799675662,0.11739621195117021
-0.08347422186875868,-0.46907523560514336,-0.4568335979381461
-0.2037755280380328,-0.49070246600533096,-0.39982211865962836
-0.48017719762372,-0.8032904605179869,-0.8938557706230374
-0.06535250021692932,-0.5952744226046037,-0.7339516744937008
-0.26389188133356256,-0.4691607736516549,-0.3958284693131215
-0.44944780852879035,-0.895206355012697,-0.9157170114397992
-0.05042612776463548,-0.7965607254297536,-0.5761204886348577
0.2627121978497576,0.18886128967357904,0.12213331470148335
-0.19973329092121878,-0.7119550210667894,-0.7132901689321138
-0.1531091290680274,-0.871991334228883,-0.7887545785361262
-0.008172423922002292,-0.506136156543014,-0.4720975273322121
-0.09265720431825812,-0.8802661130516263,-0.8373341913697455
-0.14082208389080544,-0.5648469584321996,-0.6963947633560784
-0.3596089195784211,-0.8331069316944062,-0.9464290328031638
-0.4129776083731724,-0.5993389942385505,-0.39683232789357975
0.04151004994614973,-0.7860123654571428,-0.8206218356433368
-0.5235368615825647,-0.9831424327585337,-0.950258478161193
-0.2782078107785002,-0.5432620346897412,-0.42026771855589207
0.03740178182554686,0.1669388531942265,0.1896972742739339
-0.34360733555246076,-0.9566722763534905,-0.9758144826725398
-0.36382142002461637,-0.8249712225918252,-0.7237429737395047
-0.31314491833355573,-0.9971444692715934,-1.0021139405876929
-0.0351034044841955,-0.8057202956614259,-0.6062305460468913
-0.37490877412521223,-0.8057955334230694,-0.9304601304805612
-0.1580742903363458,-0.52826826105502,-0.4549862160908536
0.025440081295685087,-0.874704465176615,-0.6255654801144896
-0.13993707037955883,-0.8480254675674841,-0.5874809508345322
-0.5667976139508026,-0.9812285551732195,-1.1559831497862683
0.38643818901263266,-0.16641906486796562,-0.060121922269840755
0.06416773744277718,-0.6366420743216014,-0.3336489087156566
-0.28984677686640653,-0.725242975158846,-0.6845028847430675
0.007066396560779881,-0.5032297586746,-0.5009621668482843
-0.4914424401724908,-0.9998638496584815,-1.1888414386488473
-0.07999616104360241,-0.827557194094267,-0.5996717150994654
-0.38207304987696766,-0.49342184639221887,-0.5865496167207824
-0.4488986410300815,-0.9518087695109796,-0.9382703983600075
0.00769446991736672,0.1295827261771908,0.18498582517380052
0.022559566861013194,0.14708157271699446,0.1868716874963629
-0.3066034662030915,-0.5238493105646231,-0.6241065278584048
0.03784916148726495,-0.5767200267167013,-0.5404177671335588
-0.1532845730276006,-0.82998136840199,-0.7969516934545522
0.21802537910236655,0.145798485803882,0.12023462555383109
-0.19945872041732826,-0.719745966338838,-0.7377682930266402
-0.5844235439354785,-0.9300574091246502,-0.8838241006824087
-0.27486727002719563,-0.7195362983061846,-0.6873156446955485
-0.27623257690063807,-0.5548877677330123,-0.6466470879535231
-0.24100849173682906,-0.6600980842519791,-0.9181859918525438
0.16361142059201098,-0.9738439104412682,-0.9361566363090447
-0.1552295412521946,-0.6295144837205721,-0.7170751147788145
-0.12578892666174096,-0.7805576632948644,-0.5407487198482054
-0.05257704704670925,-0.5543576733343869,-0.5009878204984641
0.5806226104236653,-0.03562985128508501,-0.07413441473188642
0.2049348166089846,-0.7521484090176991,-0.6662702965667273
-0.3340225801999847,-0.7970488313245033,-0.7227904224594061
-0.30431526829180444,-0.7596927043074677,-0.7180789733592727
0.008095857421684546,-0.44130219461077036,-0.6730979230320641
-0.4187565715187567,-0.9592628873050845,-0.951413713905039
-0.4412588539021994,-0.5917184398005746,-0.6053697594711359
-0.3496427824543559,-0.7367193579291681,-0.6936653777666819
-0.017691010939401095,-0.8793182925776976,-0.8410157338627546
-0.3581292028094142,-1.0095476319547207,-0.9917962118202323
-0.32958125996266074,-0.8287688798013687,-0.954873726073152
-0.3033313431899511,-0.8611053636168906,-0.7584871249246459
2.357344985153456,-0.6518217924105836,-0.23129350806038945
2.115041448128102,-0.47190871924889444,-0.07822103649469406
2.3331393434002754,-0.48844332934649376,-0.02648597270452427
2.3433498603846066,-1.466545166782372,0.18656045721429204
2.229381587491725,-1.3491989345213926,0.40354593001000005
2.4034738255534656,-1.4649443648085825,0.16685189730928962
1.9814848523949193,-1.3605867156911153,0.3508583149397319
2.1922962831412898,-1.3938980687504214,0.2663729017645802
2.212540948998258,-1.0639533849072587,0.41898269757014545
2.33393297829162,-1.1786734778311017,0.33257935500970665
1.9210176575393674,-1.3268110086034781,0.38466274166986447
2.0866388659978634,-1.351299618909055,0.3189525773572515
2.46944223359551,-0.5903814436053904,-0.11288290185241819
2.221294253696971,-1.283430489673104,0.3002158089699826
2.418544860309128,-1.4686714237056349,0.16028023953677384
2.350170993982039,-1.3026806675370048,0.2780817500317483
2.252763477996842,-1.4276737758380584,0.2325684750344476
2.1171241651958805,-1.3941302457645868,0.2917133949870897
2.041768991417569,-1.3754949512793246,0.32457168384966867
2.176744726824257,-1.3406438971673715,0.29267877309227824
2.0412655878770862,-1.3236094046558988,0.34524562185985963
2.5543443469638794,-1.5187239913411057,0.09455724839907093
2.454661430190709,-1.2249989865695199,0.27342802164451957
2.4700905077703403,-0.5819994445831892,-0.18791367373721304
1.9969371894493868,-1.3044880739893596,0.26481766818402974
2.0571603738808117,-1.4122400853003754,0.30484388370703136
2.3584208951402688,-1.4702722256794243,0.17998879944177623
2.283065721361957,-1.4516369311941624,0.21284708830435523
2.2669878795253284,-1.3441387790502581,0.26076662209725293
2.2674912830658114,-1.396024325673684,0.240092684087062
2.349987938149136,-1.2838131960375772,0.28559954567181767
2.2525804221639394,-1.4088063043386307,0.240086270674517
2.2958027942481065,-1.2148037284735134,0.3021273249427247
2.7501076249336998,-1.5506667194407877,0.015703768541426372
2.026285624069367,-0.6217120432988564,-0.1073909750752329
2.5540011172771866,-1.483347482279679,0.10865311522420111
2.297633352577136,-1.4034784434677887,0.2269493685420304
2.063317930083971,-1.1799810018695833,0.4236171857197393
2.5069803366602827,-1.2858500245316749,0.20260632048743416
2.417698227081952,-1.3814093680207822,0.19505004437209497
2.205056238006552,-1.1594232999672007,0.35471341394794104
2.1913123580394362,-1.292485409440998,0.3067810533299534
2.3049578897150518,-1.2914994908458477,0.2977967233492957
2.162337269462868,-1.405311422455744,0.27199842166954236
2.025851323434731,-1.2845058366974198,0.36591314645750567
1.9376746706449794,-0.7112478217031917,-0.19091774753037555
2.297976582263829,-1.4388549525292156,0.2128535017169002
2.614628485986529,-1.5336322269293152,0.06827061730900774
1.9506792054893214,-1.2847380137115854,0.39125363968001514
2.207550373729855,-1.416492599146901,0.252283448351995
2.4854670770963074,-1.3008476885490496,0.2330326969042363
2.408784748529449,-1.1454232256929382,0.3203950041573186
1.6952953658911245,-1.3062816342091186,0.4691417414324712
2.1172843390496707,-1.4106392833265857,0.28513532380202894
2.4488471036742427,-1.4926345790617388,0.1405588528066815
2.2580744009728253,-1.1081526367224142,0.38611158188247646
2.331468958925036,-0.3162776519142173,0.04211391251110929
2.4160507245858254,-1.2116021245259345,0.26271020513271987
2.252763477996842,-1.4276737758380584,0.2325684750344476
2.1022133042940085,-1.4069122244295333,0.2917069815745448
1.973334170499255,-1.3023479708335013,0.5086860409577079
2.2371890397006964,-1.3720611703175802,0.25981407081715435
1.921582015671075,-1.2858527795040977,0.29767595704660865
1.9967770155955966,-1.2879790364273607,0.2713957393690905
2.252260074456359,-1.3757882292146326,0.25324241304463857
2.3887840930966084,-1.401391605312722,0.09395456609861905
2.0704008503074443,-1.2272924292031522,0.37345018233520993
2.042180410073093,-0.7103427239433328,-0.14779271322806112
2.583479609394238,-1.4224070158883588,0.1227618088744213
2.297313004869556,-1.3704603683437908,0.2401055109121519
2.1470831788743023,-1.382716892059264,0.2860878750821276
2.086318518290283,-1.318281543785057,0.332108719727373
2.508971068843102,-1.4910337770879494,0.1208502929016791
2.373148700209238,-1.43862277551505,0.18751300849439062
2.3584208951402688,-1.4702722256794243,0.17998879944177623
2.086799039851653,-1.3678086564710545,0.3123745061721907
2.327775422088461,-1.4109325612618935,0.2138060529969988
2.28805629663036,-1.0990977169545197,0.3795463375225057
2.374406752091938,-0.8607326038639107,-0.3196211934186603
1.8753240317110096,-1.2661027192263232,0.42411192854259416
2.132195199951543,-1.3978573046616392,0.2851417372145739
2.2378526170949695,-1.440455754503005,0.23256206162190263
2.5235387000582814,-1.442875289361576,0.13495257313935427
2.538769908667734,-1.4631113858206273,0.1218028441817777
2.072231408636474,-1.415967144197428,0.2982722259345155
2.0871422695383464,-1.403185165532481,0.2982786393470605
2.2676514569196016,-1.4125333632356831,0.2335146129020012
2.1022133042940085,-1.4069122244295333,0.2917069815745448
2.5381063312734606,-1.3947168016352025,0.1490548533770294
1.8619915703994174,-0.7340126013641289,-0.09618482915312326
2.8623650472295443,-1.5057354081975936,0.12753630356433682
2.6207860421896885,-1.3013731434985234,0.18704391932171566
2.327775422088461,-1.4109325612618935,0.2138060529969988
2.1164605878016074,-1.3257356615791618,0.31896540418234137
2.086478692144073,-1.3347905813470562,0.32553064854231223
2.176401497137564,-1.3052673881059447,0.30677463991740844
2.49390003408744,-1.487306718190897,0.1274219506741949
2.4935568044007472,-1.4519302091294701,0.1415178174993251
2.5243624513063447,-1.5277789111089999,0.10112249275904177
2.614468312132739,-1.5171231893673163,0.07484868849406857
2.3198759849945296,-0.6710325515062887,-0.09415254687769418
2.524248171862481,-1.2959751934161399,0.459946095651876
2.2958027942481065,-1.2148037284735134,0.3021273249427247
2.373331756042141,-1.4574902470144777,0.1799952128543212
2.3884027907978034,-1.46121730591153,0.17342355508180543
2.3433498603846066,-1.466545166782372,0.18656045721429204
2.636520654339624,-1.3734947865810003,0.1532202523539482
2.0400986069423297,-1.2033292738470485,0.39317156906530226
2.2829055475081668,-1.4351278936321632,0.21942515948941602
2.6212284911389463,-1.446102465844755,0.2326828279245895
2.252420248310149,-1.3922972667766316,0.2466643418595778
1.868591575551835,-0.6464828402795687,0.06822738146245856
2.254509630200582,-0.8248925676027189,-0.34301842757833745
2.282722491675264,-1.4162604221327355,0.2269429551294854
2.116041398327186,-1.7679072395175048,0.648627544205498
1.9473541238767411,-1.611980839390352,0.9590736611990761
2.160659690346414,-1.9023614916293583,0.7721582824279783
2.070645238227296,-1.7378585913269198,0.6758603131631147
2.3183132727421487,-1.8874788285767492,0.8567580484932719
2.1012907112791037,-1.7971982557444504,0.6420430596078922
2.544699141784664,-1.9764027871565335,0.7450270395354134
2.1285268886522695,-1.689723621278979,0.867057625558765
2.4771514202153235,-1.9806297284674588,0.6341534692051467
2.0885018445054087,-0.06796999456710322,0.22243839327205633
1.9650794682094965,-1.889286235029104,0.8434939666455533
2.5441269730976668,-1.7328495809269862,0.6497072752008284
2.5380991366322463,-2.0639325482410937,0.5806148289198317
2.296893815395134,-1.8126319462821336,0.5697676509353085
2.3424272673697013,-1.8568311980972887,0.5368965352476396
2.477654823755807,-2.032515275090885,0.6134795311949558
2.5534217539489745,-1.9090100226560225,0.44489332643241847
2.3035930398101168,-1.8344549984823793,0.7939146369788943
2.2520010588357273,-1.8344688447149744,0.5763264818827343
2.3582077739295633,-1.7136581610489057,0.8553183999876454
2.0186383457141854,-0.6153588450646681,0.029762812932552188
1.9650794682094965,-1.889286235029104,0.8434939666455533
2.356926371856718,-1.9861897663524664,0.6726308645601428
2.4477643368055477,-1.8664115728146566,0.49747300202508965
1.7541535083583861,-1.6595903544888193,0.8138651263859464
1.649159668609233,-1.6853864888328784,0.839192792783366
2.2366096763724848,-1.797723710693924,0.5960542820253716
2.2800838694360697,-1.8142562659343553,0.766571242998286
2.070988467913989,-1.7732351003883466,0.6617644463379845
2.7408741761693403,-1.8662049683360913,0.5304456437778106
2.3489358638148436,-1.9444600590568515,0.823880519393058
2.556710729011908,-0.2872799136225793,-0.022630873696315147
2.613545719117834,-1.9074092206822333,0.42518476652741594
2.342106919662121,-1.8238131229732908,0.550052677617761
2.356994898584881,-1.8086727103709153,0.5509988154853146
2.3270358849064587,-1.8200860640762384,0.5566243353902768
2.650104737948673,-1.8084661058923501,0.5839714572380356
2.3725693368810266,-1.8642853158913935,0.5237532197026079
2.161414676447963,-1.7955974537706612,0.6223344997028898
2.2218589893244025,-1.8270147269208696,0.589469797427766
1.8901360508460405,-1.7285103936237178,0.7406243396081741
1.619017599097908,-1.6779323710387732,0.8523361083283976
2.1745018359026878,-0.40191333308968,-0.07067758720444474
2.281571198078406,-1.9675544718672042,0.7054891534227218
1.905367259455493,-1.7487464900827692,0.7274746106505975
2.0407549896953885,-1.9409396046383642,0.7974795354128529
2.2218589893244025,-1.8270147269208696,0.589469797427766
2.71032035024316,-2.0008913974621105,0.6793168752228003
2.4177824411480136,-1.8754664925825508,0.5040382463850606
2.650287793781576,-1.8273335773917778,0.5764536615979662
2.2968024066878585,-1.9877905683262556,0.6923394244651453
2.2280776921780148,-1.7993106664351182,0.8333509970265339
2.2209438293690633,-1.917269727217568,0.7458716513379152
2.059023352388357,-0.12891046095842343,0.20832969962183623
2.4605930568173244,-1.8236044636375575,0.7018072165532266
2.628555799282271,-2.003980055302092,0.48492595536796523
2.52311951058386,-1.8850468672999188,0.46461471316251074
2.3872590693378832,-1.9278380753872546,0.5966505509132787
2.2670720935913895,-1.8381959036120266,0.5697548241102185
2.281982954493262,-1.8254139249470804,0.5697612375227634
2.341763689975428,-1.788436613911864,0.5641485444428913
2.265493356241777,-1.8600563197233004,0.7534086872156196
2.387228615221833,-2.01015292170857,0.6529094778300506
1.905115676894427,-1.9073960745648926,0.856624455365495
2.289573741629415,-0.6470693961501848,-0.07443116014760186
2.115858342494283,-1.7490397680180771,0.6561453398455673
2.4620803854596613,-1.9769026695704064,0.6407251269776625
2.267278161855106,-1.6394102610431653,0.9154222846329311
2.4177824411480136,-1.8754664925825508,0.5040382463850606
2.6203058981240415,-1.836388497159672,0.5830189059579368
2.161414676447963,-1.7955974537706612,0.6223344997028898
2.424321491709206,-1.8807805072207975,0.7347633036137072
2.402299649977495,-2.0138799806056227,0.6463378200575347
2.2342071877748095,-1.7346805050577732,0.813538225511085
2.5508590914975087,-1.829457779457873,0.6689553411031925
2.1951660687298014,-0.2143395376553208,0.12851084165900312
2.0853959252753778,-1.708567575099974,0.6824447977607205
2.1768060589112057,-1.8323425877917117,0.6026066995602525
2.2059642033206766,-1.738384046276393,0.6298715355805942
2.372248989173446,-1.8312672407673956,0.5369093620727294
2.1613232677406873,-1.9707560758147835,0.7449062732327266
2.3874801977828985,-1.851503337226447,0.5237596331151528
2.5074765455595514,-2.0069513177609912,0.6134923580200458
2.635376932879704,-1.8401155560567244,0.576447248185421
2.3559195647757516,-1.882418673105615,0.7139787405805247
2.100878954864248,-1.9393388026645746,0.7777709755078506
2.261086753373887,-0.7350043725807305,-0.17766649250774705
2.37199740661238,-1.9899168252495187,0.666059206787627
2.9151265880848714,-1.9984594361852803,0.2871735398920393
2.6585986495310308,-1.9020813598113913,0.4120478643949294
2.161163093886897,-1.9542470382527841,0.7514843444177874
1.8747217864036851,-1.6894068256652386,0.7612918642058201
2.2517494762746613,-1.9931184291970978,0.7054763265976318
2.2131363771600925,-1.8944074914213807,0.8896035105307608
2.3876403716366887,-1.8680123747884458,0.5171815619300921
2.2817313719321963,-1.9840635094292034,0.6989110822376611
2.2214472329095467,-1.9691552738409939,0.7251977133277243
2.2412029242448517,-0.31042433609390196,0.07496578796114332
2.402208002851868,-1.8198538870620729,0.5312838421677671
2.408899655129913,-1.9263502195210627,0.8107500306731162
2.266660337176534,-1.980336450532151,0.7054827400101769
2.1747468000002232,-1.8046758912169876,0.8059947762208358
2.6132941365567683,-2.0660588051643565,0.5543346112423136
2.4931376149263254,-1.8941017870678127,0.47117995752248165
2.20662778071495,-1.8067786304618183,0.6026195263853424
2.5835638234602993,-1.9164641404501273,0.43175001088738685
2.327356232614039,-1.8531041392002363,0.5434681930201553
2.5080484758281973,-1.8813198084028664,0.4711863709350265
2.358839892555462,-0.7307018490732351,-0.3410940847805054
2.5212958091367126,-0.5041447252838844,-0.22840378715736875
2.161163093886897,-1.9542470382527841,0.7514843444177874
2.723942705146282,-2.648314436769618,1.2427164174651677
2.1294349996664987,-2.494297249336192,1.287431484170064
2.325175448639062,-2.6059225914068174,1.2623234513051182
2.1062132830151716,-2.432331445581526,1.451830867960556
1.9184176840899685,-2.521801038748402,1.4331801399779838
2.558458702466947,-2.504659727237508,1.2169789359239829
2.431176042487326,-2.6018565024012386,1.1428421863496265
2.476045970049476,-2.659702217939341,1.1900288023948995
2.0841990664022543,-2.5627986866159786,1.36089190448031
2.4987376698796586,-0.5105735057146427,-0.09125641256212862
2.099270101157917,-2.566525745513031,1.3543202467077944
2.8899985453760144,-2.5227658031039546,1.0337378974803773
2.400690796271164,-2.641066923454079,1.2228870912574785
1.752476127923892,-2.4642943533188264,1.5120464466607182
2.6033744271009827,-2.6184979655931993,1.2952896796452942
2.4008509701249543,-2.6575759610160774,1.2163090200724176
2.5061880395608007,-2.667156335733446,1.176885486849868
2.738876395045411,-2.5558498441337285,1.1889773838850144
2.235092416809925,-2.5368956991775584,1.234851808577393
2.3707089006136295,-2.6501218432219726,1.2294523356174492
2.4913139134791775,-0.5131996450517787,-0.22183854279739793
2.26548611524144,-2.4574861494093665,1.1387636555379428
2.280724902610562,-2.4033040965982195,1.0768954394358148
2.5214420771675097,-2.6077098182215535,1.1099903108995928
2.56663235243724,-2.698573608883654,1.1440207845747439
2.573415360440705,-2.54787027139015,1.2481094770125665
2.3019537319877355,-2.543956787652151,1.4267228350956098
2.0090268954749897,-2.480989815721772,1.3334266751651298
2.280724902610562,-2.4033040965982195,1.0768954394358148
2.385619761515502,-2.6373398645570267,1.2294587490299942
2.099704732929154,-2.41648850154179,1.2110518910356167
2.1897865176817364,-0.13243660014767297,0.21969972840120025
2.476045970049476,-2.659702217939341,1.1900288023948995
2.3402464833947243,-2.6096496503038695,1.2557517935326024
2.385802764366549,-2.5741662881480822,1.1691352308522347
2.2868826972320733,-2.5402297287550986,1.4332944928681257
2.196639491549146,-2.45469379896384,1.4124009213254611
2.4677579432972783,-2.5052718215487846,1.300689152605238
2.4460640743919413,-2.6687571377072348,1.1965940467548704
2.521259074316463,-2.6708833946304984,1.170313829077352
2.3111570623924367,-2.408630897717384,1.5269870422273355
2.4460869033891983,-2.589074523736292,1.1428485997621718
2.4201079566799653,-0.8470227439708679,-0.4077888674359418
2.4008737991222113,-2.577893347045135,1.162563573079719
2.4917193891898353,-2.4554829211569533,0.9848922306205936
2.5884863951963673,-2.551597330287203,1.2415378192400506
1.9636536173542125,-2.4532996014686157,1.359719719667738
2.392562943372756,-2.503145564625522,1.3269693702827559
2.4913000076561853,-2.6002557004274487,1.1231336264446243
2.4530987113155955,-2.4311901326514342,1.2177379016982743
2.204607170593763,-2.576106120230398,1.3148967134852445
2.611868285701484,-2.630072171603868,1.070560364264498
2.099270101157917,-2.566525745513031,1.3543202467077944
2.2909084751776314,-0.709440415250837,-0.17765366568265714
1.9709933517478597,-2.254015136237559,1.3727343920891675
2.5063710424118475,-2.6039827593245017,1.1165619686721084
2.498151641728793,-2.425862271780592,1.2046009995657878
2.039420593906504,-2.4015802659535805,1.2373385221256796
1.9788848259636649,-2.4735356979276673,1.3465699907101614
1.9485597536012933,-2.529255156542507,1.4200368244329524
2.114341135913579,-2.5702528044100834,1.3477485889352785
2.2801225182258653,-2.61125045227766,1.2754603534376048
2.717182526140074,-2.7193351602921796,1.0848822780346468
2.001135421259185,-2.2614692540316637,1.359591076544136
2.366767052496426,-0.7799612563595247,-0.23118589255542701
1.888458617429691,-2.451173344545353,1.385999937345256
1.7980324088957165,-2.4288109911630387,1.425429883980351
2.0843820692533015,-2.499625110207034,1.3005683863025508
2.3320958014990603,-2.551410905446256,1.4135795195505783
2.2868826972320733,-2.5402297287550986,1.4332944928681257
2.114363964910836,-2.49057019043914,1.29400314194258
1.7981925827495067,-2.4453200287250376,1.41885181279529
2.0692882055003823,-2.5755806652809246,1.3608854910677652
2.3253356224928523,-2.622431628968817,1.2557453801200573
1.9485597536012933,-2.529255156542507,1.4200368244329524
2.3502011103387574,-0.6973541407998209,-0.11481365806279523
2.5518357755990246,-2.5283002684533624,1.0139021578601428
2.551561317681578,-2.6948465499866017,1.1505924423472598
2.596614248094775,-2.6895186891157605,1.1374555402147732
2.4913000076561853,-2.6002557004274487,1.1231336264446243
2.28690552622933,-2.4605471147841556,1.3795490458754274
2.317207769594445,-2.4845102701402597,1.3598276591453349
2.437593044788697,-2.577500317725623,1.367577915142968
2.159988871951803,-2.4313967371299996,1.1847652599455534
2.702713875769108,-2.507661745715687,0.8928890218053724
2.31026458773719,-2.6187045700717646,1.2623170378925732
2.3142903656827483,-0.7879152565675027,-0.3486311206582098
2.1746252749362287,-2.585161039998293,1.3214619578452156
2.581985423870019,-2.461336236977269,0.9520403551705596
2.913105977963684,-2.7677869259538603,0.9994507269919415
2.241669592965086,-2.529048552063941,1.4530094661856732
2.3174593985146346,-2.3976466025779626,1.2768828216509165
2.476228972900523,-2.596528641530397,1.1297052842171402
2.769758193797965,-2.4515492577813363,1.0244365301458307
2.241852595816133,-2.4658749756549976,1.3926859480079141
2.099270101157917,-2.566525745513031,1.3543202467077944
2.4310158686335357,-2.5853474648392396,1.1494202575346877
2.222689597454348,-0.7196909216465351,-0.21255673967312044
2.2805571499971022,-2.4612132083064187,1.1321919977654271
2.279962344372075,-2.59474141471566,1.2820384246226653
2.6271909493773364,-2.546935562938624,0.9810438689975638
2.20552990268604,-2.401177839674957,1.1031756571133329
2.2505828330992372,-2.3958499788041148,1.0900387549808463
2.1748082777872755,-2.521987463589349,1.261138439667456
2.566655181434497,-2.618890994912711,1.0902753375820453
2.20520197621879,-2.442577913821157,1.1650502866280061
2.355477692004177,-2.629885746762922,1.2426020645750258
2.4828289780529404,-2.5089988804458367,1.294117494832722
2.2860956808042587,-0.28858743766106104,0.06840695701371742
2.6226238348963236,-0.8823628978181863,-0.2800897207185134
2.355660694855224,-2.5667121703539775,1.1822785463972665
2.44992209972404,-0.8958769359111719,-0.35905755346630003
2.436462798674189,-0.29048151757015833,0.016786246113689667
2.329697051365434,-0.9014369737961793,-0.32058015811130386
2.229953180001039,-0.7005557447473999,-0.07539653825279036
2.829316509402377,-0.49115614214037245,-0.1954247319921028
2.6367185233098023,-0.7102591481356183,-0.2949717140702079
2.415762797056761,0.29342028993429164,0.2545301198183406
1.9497634693562989,-0.4827966180047437,-0.026606739007211222
2.777717047006359,-0.29430093469471574,-0.04317299591197639
2.1909000254468967,-0.5424295603575822,-0.1317532633674639
2.057571792536335,-0.7470878579643835,-0.1675205133706984
2.04812153516272,0.22694535819356426,0.22058568654788613
2.516806243899107,-0.8232554104148213,-0.22093197394078137
1.89739118705517,-0.44037120649519784,0.0618093216183872
2.344104508726823,-0.836769448507807,-0.29989980668856797
1.8364634711891734,0.3475187669377229,0.339840904558359
1.9825598484447164,-0.7638290725405482,-0.14875809133324963
2.1009772204534056,-0.5719527535986937,-0.11299725474256019
1.9263815788511818,-0.4043217766880779,0.14437071596834142
2.264767870582872,-0.4077666489099953,-0.10352946265447875
1.7523526888903516,-0.28104664641021354,0.11990690161105823
2.3136192095288055,-0.7939388216522753,-0.2726606243184061
2.1152016219818917,-0.4884177568108935,-0.08479910767975479
2.0555810603535156,-0.5419041054081088,-0.08576448578494333
2.431243421479915,-0.2250876176245096,0.10139706167082609
2.4252130544303765,-0.6806129262236564,-0.13357608010024402
2.0724826534382075,-0.7343058792994368,-0.16751409995815345
2.103916108947764,-0.10707356252558234,0.20177086867441035
2.253998647900429,-0.8474251702494906,-0.2736260024235947
2.185731579595575,-0.7163690780954685,-0.1448082036451681
1.9787385579328676,-0.3699706049899979,0.008175892653199804
2.3362817532984086,-0.7371306295039932,-0.2039467101852652
2.31541399906752,-0.21113793370774173,0.0890937218489983
2.455683050408951,-0.6466669698715618,-0.20859402515994896
2.264928044436662,-0.4242756864719945,-0.11010753383953953
2.0554208864997254,-0.5253950678461097,-0.07918641459988257
2.3581687364015194,-0.7367254141580077,-0.26512358844070194
2.470613911861749,0.07070216245267115,0.015905330907252976
2.0082170500499186,-0.30903013859867773,0.02228458630341992
2.58602904727517,-0.20983040966926014,-0.001944108861034318
2.479743821527784,-0.8703129785812785,-0.3590447266412101
2.6380456780983486,-0.847048316506468,-0.34947573246071123
1.85333748496327,-0.6238883098830889,0.08231683487504377
2.2819898113751442,-0.6331864979253217,-0.19843521919781046
2.169165637437906,-0.6337619625357647,-0.028435969152536295
2.440787492726522,-0.7362255317441345,-0.16082167588295077
2.2158889523263428,-0.800599779097199,-0.11017275650065644
2.216056704939803,-0.7426906673890006,-0.16546931483026908
2.4117971009305106,-0.7722749615512545,-0.24338307023290504
2.124799166398095,-0.7098428415294596,-0.043490800670309956
1.837785928646237,-0.5706341383000393,0.10862270620274177
2.5052408492791964,-0.3990050070774089,-0.18142397781947975
2.6759876210589755,-0.9517828193669579,-0.45763242005403687
1.967328639835264,-0.7435929760814969,-0.13560836237567314
2.042683813613576,-0.7622282705667589,-0.1684666512382521
2.357184811299666,-0.6353127548485845,-0.2247154368753287
2.34392145289392,-0.8179019770083792,-0.2923820110484985
2.310644552244132,-0.4873424097865775,-0.15049644516727786
1.7553273461750245,-0.5876430582759116,-0.002257277540070101
2.696839607050475,-0.0017127585651140382,-0.08924760686554468
2.162085110724118,-0.6717646109343274,-0.1731139662129358
1.9068690237393817,-0.635399119723662,-0.1505224227900923
1.7228741967733,-0.3419871128015337,0.1057982079608381
2.115544851668585,-0.5237942658723201,-0.09889497450488499
-1.6916158661793312,-0.38821067044388524,-0.06378823260608793
-2.0376652406536864,-0.2872969350675345,-0.462517153007433
-1.4578010728378954,-0.09235792836112472,0.29973901653124857
-1.8834873465214144,0.41404444041616106,-0.33255153606020504
-2.079413507586255,0.2750056958432929,-0.6034590800330644
-1.8835177873920013,0.31121933211775255,-0.263091178509011
-1.8168520414727278,0.08170580001375115,0.20689167966465394
-1.8762974174280784,0.3861595941429537,-0.04330448089334562
-1.8307868739235518,0.3853393002194122,-0.10163873339485069
-1.800705805362576,0.3568273236223263,-0.09467420954729583
-1.921261602016106,0.296713928161859,-0.4628734400857817
-1.8458731589168014,0.38380189441571944,-0.09004011577418826
-1.79690723126154,-0.29105098470445645,-0.08565058614845633
-1.9895107230078108,0.25850982051981425,-0.113119816891537
-1.8156090875047792,0.4184634942275772,-0.14339911010439257
-1.9439316130387299,0.3736757966465449,-0.2534818265646028
-1.9215971072430256,0.18089570474546182,-0.3522803234265566
-1.845865533798008,0.3864341267660921,-0.09255359569826159
-1.8986803235731873,0.28335960281033307,-0.2263577616476156
-1.6958567567749856,0.199294340458201,0.013563541736422954
-1.830924185666425,0.4302552968096224,-0.11580253261643225
-1.5905016815011985,0.31068302375630324,0.3716571509017696
-1.717660213496367,0.3888401866508207,-0.4199206511023185
-1.864510866792429,-0.38530203169629257,-0.2464754136611057
-1.6958033809434307,0.21771996691080964,-0.004030817732090139
-1.8306419966664733,0.435351714876493,-0.14939485195224333
-1.8009346185309731,0.37015653200806437,-0.07867624967999783
-1.91365229138912,0.413601861159148,-0.31186778074295346
-1.8310156870919487,0.3986685086051504,-0.08564077352755263
-1.575209518300521,0.383290703020058,0.2921945753311282
-2.0789711910916364,0.3353789932679892,-0.6898344777744145
-1.4995722151268451,0.4620480054985845,0.16633752927783715
-1.612251702786436,0.4263583175046138,-0.02001496355058394
-1.973806803392278,0.47325804670369276,-0.3283103083621365
-2.052804841873903,-0.3995561462207542,-0.3739177380633567
-1.6808924736824344,0.15871602865593137,0.04218060290093327
-1.8155252111980495,0.4474180500816765,-0.17104738926919882
-2.0720328909184897,0.22063047943248384,-0.3176425851131364
-2.019057973648646,0.37898188274606887,-0.23662149756932174
-1.6505113162472773,0.4203516239579286,0.30745850472519404
-2.0038725621110784,0.41473830910460635,-0.28089535420293693
-1.9059846294484277,0.2717609638279505,-0.47790261795337563
-1.6427292775246802,0.31799421188232135,0.10372146865367277
-1.7327742301189728,0.47196818278326896,0.017477419085102593
-1.6728865972735922,0.3201838649756808,0.12189174404685099
-2.1731623854387982,-0.39123150057153183,-0.807467446627748
-1.7029981663097424,0.33816691217127626,0.12498113989558934
-1.8762315006001657,0.22235917506175795,-0.42226489522557
-1.8014607517277335,0.1885324998323506,0.09475386508105965
-1.8759999781905392,0.39652047691056946,-0.0819237600773033
-1.973618825059079,0.2592771663315418,-0.6880799636246323
-1.476650515579443,0.3796536256792788,-0.0665924838828596
-1.9511977337154147,0.28294214051910777,-0.4581876446358282
-1.7403072895580225,0.38140257328970656,-0.15866303949845847
-1.5900899250863432,0.45282357067642703,0.23592923500181154
-1.6348710472187353,0.33425530220735844,-0.1845568045134827
-1.917813723774988,-0.5645432471789842,-0.2788233023246695
-1.9891703019033278,0.18946976605203444,-0.5825655084903998
-1.695998924790835,0.33677243603567003,0.4176587553093801
-1.409443326621234,0.24473241155481829,0.2843397375365019
-1.6053515878118454,0.39074482081416284,0.30533789087615976
-1.876556611862474,0.20436751533336514,0.10156027438004743
-1.9289013535136779,0.0770008868661616,-0.5444187418774155
-1.680305339535325,0.36139791963462636,-0.15135735125271052
-2.1245350508231304,0.225477481842004,-0.5544994279494954
-1.5444955648796743,0.5732540115039028,0.09054026548059929
-1.8908727598575672,0.468685576917311,-0.14070258033069324
-1.6906550416067465,-0.14884557319384759,-0.3210802651844224
-1.9059083782604913,0.29808328733167727,-0.5030374171941084
-2.1394230827277463,0.29237811714800027,-0.6082512883547387
-1.8383504934423638,0.3765409402212772,-0.32713171013701947
-1.9442289926716816,0.27101873498201096,-0.155456109525744
-1.9361724496725141,0.2634216875198194,-0.4496784228639041
-1.6876679371196848,0.5162319320838124,-0.026455273150319536
-1.567442789420099,0.3679650051406233,0.03407806125285254
-1.552325944347087,0.2877351614488889,0.07183196179079787
-1.906396385863283,0.1296204169078268,-0.3421747020534174
-1.8832737835906055,0.3954507673296777,-0.34352253607935634
-2.188515549589825,-0.4848970386382681,-0.7078970316645202
-1.54441925408715,0.5072801561107118,0.1248119040947672
-1.9811721102178672,0.44060154891832914,-0.5597473252753099
-1.6275210502353203,0.45394351418889467,-0.007499265607063356
-1.9060608806363635,0.24543864032422397,-0.4527678187126425
-1.7029752909533618,0.34606360922239415,0.11744070012336941
-1.537430287323678,0.2234667584932652,0.12307034227196793
-1.8531774647920423,0.3722032554333369,-0.34158497207994826
-1.9817516192461835,0.24055189029000681,-0.3687228510457394
-1.6127473951126092,0.3475593936273085,0.08395479365927945
-1.5976687352381533,0.3464645670806287,0.07486965596269039
-2.278659628728435,-0.36514208829216505,-0.7614658422201375
-1.5153295105739335,0.2288741528620973,0.3991223802169498
-1.7710136774646634,0.2863676760531522,-0.018928647426903793
-2.0339613153954357,0.5329142322482376,-0.34475283598131934
-2.169877841714197,0.2842068874737439,-0.5514617337776031
-1.8086201803458946,0.22694627550704874,-0.20454710978209295
-1.9887329012862733,0.43470134136090793,-0.31008833129211244
-1.5744088808271905,0.6596750998091876,0.028279183303432064
-1.9664670215597113,0.21823115830647105,-0.3862655088374066
-1.7862067141210238,0.24797901734424205,0.027858689130784733
-1.8382513668980467,0.4107599607761219,-0.35980694914997224
-2.210842370662148,-0.3817808932837305,-0.5522055768717389
-2.0415476910614525,0.33162681740514893,-0.4438924972414663
-1.906020105405754,0.5383864912075548,-0.16840256117234534
-2.056733102599019,0.2958703910466114,-0.3996186406078511
-1.6879881921090172,0.4056781733681605,0.07911088366075905
-2.2303220486269253,0.1515420648072097,-0.41298558642709954
-1.4545878644236667,0.37189985829624733,0.22202695368248873
-1.4616759577314558,0.6214942353588492,0.256443754518241
-1.7036158605366143,0.2172522706880085,0.2691665758906255
-1.8607383750696238,0.5508954056697515,-0.21073885380655238
-1.438937320639689,0.5682224580275174,0.024430821680402434
-1.6175465686313246,-0.7564989008044954,0.7438771185701857
-2.1803495456863167,-0.26815232296069275,-0.680968968924142
-1.989480222532637,0.2690387499213049,-0.12317373658783017
-1.352772109211932,1.2206627498338027,0.48563862203050384
-1.7296067724175064,0.920432575338405,-0.04515376421921743
-1.639208414722065,1.1673279816860673,0.22240286600264464
-1.5717114116451103,1.0401354179788505,0.5372292881621218
-1.7222415251965042,1.0453852520206866,0.12687681483905527
-1.692023144892656,0.9719572788333906,0.1480051379081917
-1.6996248304008477,0.8577015781864743,-0.005514001358709832
-1.8955483418290462,0.9984495227450735,0.020511111829094562
-1.473775078633056,1.192738155935898,0.6220738020279072
-2.0307448999593567,-0.5948004238383349,-0.44163739551357284
-1.5866451942624873,1.0912426591826105,0.4985583073013182
-1.5716504702993492,1.1534894556787494,0.45771501091463457
-1.45092963027359,1.0840214526128658,0.41427858810794327
-1.3081233233402616,1.1069925581119864,0.5925147252394795
-1.7522691583213368,1.0000266761734633,0.16172436937788837
-1.3381128308711256,1.0747951440166266,0.614794880157946
-1.6768072924845026,1.1105388134903367,0.034270923723382286
-1.7223864024535833,0.995372837363606,0.17463293339644784
-1.6246863885195433,0.9740801935621833,0.3968017627634062
-1.5186858277849395,1.0294219375104943,0.24431692122185897
-2.0689815784592294,-0.6852065992308197,-0.062297929155113826
-1.3304833541289889,1.012089263830484,0.4019210047129896
-1.375490580188548,1.094340713981703,0.3537720200805579
-1.7521929667379885,1.118645178574108,0.07718313228225442
-1.8576597095524512,1.1552635202549655,0.11313081699357179
-1.8126753588492726,1.0651153730526284,0.16882024139822335
-1.5865487769594002,0.9379711695029057,0.10954397327280098
-1.4057241511253966,1.070208043571336,0.39707709471446917
-1.4810183835579471,1.2021973757564972,0.3504211063295608
-1.737236249159643,0.9831384555245477,0.16772011122573904
-1.4884370662150919,1.1511152515185246,0.13657844888490028
-2.151168300747577,-0.5149715380048351,-0.43682025189083906
-1.4356450921917059,1.1539968995262477,0.3373294924613751
-1.3606940497094566,0.9958532904712347,0.43768563957468076
-1.797345010450039,1.0585880351713284,0.13619670406211634
-1.6847112735032093,1.0784843290630632,0.3376300764349772
-1.691962143942307,0.993015137636372,0.12789729851560533
-1.5114959582961913,1.0938332701342044,0.4741575385338174
-1.917786370717076,0.9456619460695334,-0.21029828748256799
-1.5036376683856583,1.017798181562324,0.24528570322156307
-1.5109545152572559,1.1884255881137458,0.3551069017795142
-1.722043212503282,1.021527114233458,0.1209327746680505
-1.7293644774718238,-0.4024501543094376,0.21409495646658114
-1.5117094616224136,1.0201307643237703,0.5445349764078697
-1.578969966807589,1.0443301730987038,0.2706035523119222
-1.270394758953744,1.1162334973671348,0.7973239466643967
-1.5488278972962644,1.0368760553045993,0.25746023676689056
-1.8424742384102963,1.098723767716585,0.12826339821485747
-1.2325290616381175,1.3574469767228263,0.8380776537461927
-1.7374498120904522,1.0017321286110312,0.1786911112448904
-1.2404205016604672,1.143166446761749,0.7800707515940766
-1.7600435719251406,1.1050163205994434,0.36294792552533633
-1.4883504210625444,1.2752641387102557,0.5246757025905596
-1.6991946763311427,-0.4945696740396835,-0.22484781164520914
-1.4738818302961663,1.1558869030306809,0.6572625209649332
-1.7525284719649081,1.002826955157711,0.18777624894147943
-1.4210010640884867,1.0028648290083262,0.47151271043696386
-1.9176414934599972,0.995674360726614,-0.2580544060399606
-1.631434001118261,1.0623383372600874,0.021179309855196612
-1.6847188390174153,0.983555917815773,0.3995499942139515
-1.2099504924364288,1.156602141136751,0.7182542371687942
-1.5637388641618486,1.1881761724563953,0.15184237827896627
-1.1800829272016746,1.0543876587292302,0.7955961988904012
-1.7672868172454443,1.0221793615231245,0.150701667681891
-1.6381147561081384,-0.14053141385150442,-0.09679082196842963
-1.4363161622501333,1.0146566315903716,0.4991092879249243
-1.428023240568363,1.0886587869897324,0.12696909694049202
-1.5795037847277311,0.9523700874695356,0.387140709142152
-1.8953195882652378,1.077416493256253,-0.05489328589310438
-1.5490490257412795,0.9605413171437919,0.3303511545650162
-1.5711498620956117,1.0474301016718779,-0.005107321234866564
-1.4056708348984288,1.1809298489208622,0.3200762973910551
-1.7369617448830719,1.0778988201379636,0.07723483395910032
-1.4438846380419206,1.0984203705794955,0.6918753239772945
-1.578809839312923,1.0996070524565298,0.217820473906383
-2.392414258137927,-0.7719765376886814,-0.5934176657542239
-1.4809649481218041,1.128326823312188,0.3922331847159485
-1.5183960732707824,1.1294467668246555,0.14880468410707368
-1.5110383915639862,1.1594710322596464,0.3827551809443206
-1.4357519034594048,1.2094418255179487,0.3131117735435004
-1.413452814016438,1.1909910820995517,0.5832197713174776
-1.0824389983404192,0.8271788782406495,0.6790202927103084
-1.3608084860959488,1.0486659841125627,0.4159814005808794
-1.7071247397280807,1.05745158722587,0.10522427752209973
-1.473609975656238,0.9708605785126293,0.26984458653763094
-1.533474792749826,1.2228377722682535,0.09848338394876183
-1.9320841210573196,-0.28443179149280223,-0.53616703657985
-1.209965802278604,1.2436338553329234,0.6638747591620399
-1.8578808379974658,1.0789287820941584,0.18602173479169742
-1.307559004944945,1.2094815731426456,0.4659236487129565
-1.6697621810436571,0.9403453736631305,0.43068053530253503
-1.714555903776995,1.0962993296247845,0.3121541127960512
-1.616606970163995,0.9743798431511099,0.09503900965302635
-1.631418750880674,1.0676028019608328,0.016152350007050013
-1.6616828818972849,1.1252373810458927,0.010104906482353411
-1.8126296081365108,1.0809087671548643,0.15373936185378365
-1.164950951100251,1.164014637532077,0.7095102638703981
-1.7744888491591049,-0.45487652075144025,-0.2120973621752166
-1.5186324519533845,1.047847563963103,0.2267225617533459
-1.661515069679237,1.0908503138571735,0.014214786007641774
-1.6164517585468927,1.2145150003931127,0.4011085061871248
-1.6015816861210945,0.9548593901518214,0.1035482314249503
-1.4209324976239324,1.1188510990585983,0.3894849532654034
-1.7672334414138888,1.040604987975733,0.13310730821337796
-1.6918553922791961,1.029866390541589,0.09270857957857923
-1.6767843575235335,1.0261393316445366,0.08613692180606343
-1.7830212969407395,0.8891983848346733,0.31653964099388276
-1.7520785303514963,1.06583248493278,0.09888737127605593
-2.2332253364118446,-0.39228470571943314,-0.7946652954809097
-1.8716447108129801,-0.15150104873592685,-0.1969777332809136
-1.6541345126160607,1.1287712763432827,0.2406248430726687
-0.9732428052746843,1.8984550900581496,1.0502291424135481
-1.2367574112374145,1.7627259420911088,0.5540633732249928
-1.2371207076982789,1.8238692995077705,1.0310495045960753
-1.3198411883021803,1.8098480962076686,0.8324707765454807
-1.4405009081684148,1.7157816002826982,0.9746122356693875
-1.1544258116919883,1.6425032955222048,0.8808295774033252
-0.9730749930566365,1.8640680228694306,1.0543390219388369
-1.2742467684909238,1.8379823581382266,0.7464882448791692
-1.176699256932756,1.764045067329351,1.0189266727275939
-1.8191376946353643,-0.24891015013270593,-0.37837990323909315
-1.161427319451818,2.108542738673455,1.2439371940898356
-1.3422698451600505,1.6912547107728124,0.6644983753356507
-1.1689450690486918,1.9309454149837204,1.122176213513029
-1.462601744522747,1.8026703848107841,0.6391537598695048
-1.297079675854032,1.7644730159274549,0.5929174039354222
-1.304426963596217,1.8322753141804682,0.7721989600445673
-1.1689984448802473,1.9125197885311118,1.1397705729815422
-1.1240141537816568,1.9146678202256926,1.1360535595312928
-1.5909547705318727,1.7473537578282612,0.5391249631055879
-1.3723585388398198,1.717134455019526,0.6600473314121693
-1.9471704060505695,-0.28596919729649506,-0.5245684189591875
-1.0785978805484715,1.7870664067600475,0.6921355332482018
-1.3572036277774275,1.7423619519765725,0.6258273944748474
-1.1090574958078987,1.8714572760730503,1.1671841006198764
-1.1994329781469595,1.6324585667765057,0.8920870306257945
-1.334637659176684,1.8160393408212192,0.8079635949062586
-1.078556986108686,1.8954218998495425,1.0953136664983005
-0.9806996135257972,1.8342118040683144,0.8489538845892546
-1.229117540530667,1.79784662559297,0.7544215507264282
-0.7850250813811464,1.8863868810788849,1.2028062660565326
-1.2143210696561626,1.7916553809794196,0.7789287323656501
-2.0296773237236616,-0.3185840736830801,-0.7341181470289335
-1.470307532057408,1.9313501203901182,0.8177559967002932
-0.9582098961129899,1.8815668694092338,1.0562248842613993
-0.8598616874769037,1.99171779649257,1.1241543579370281
-1.0261082616401886,1.9644454498843316,1.290358430948272
-1.0939254601018875,1.8887880759789792,1.1405046034547743
-1.0184253494619087,1.8278690172538798,1.1192966338897037
-1.4101682702918372,1.866429470144828,0.8392254841676225
-1.4549798928994038,1.7373322722742688,0.42879336434862164
-1.3197954375894185,1.825641490309905,0.817389897001041
-0.9358878717090546,1.7787166441450375,1.378198880118057
-1.9853689589564738,-0.36321421093711653,-0.15779635222109492
-1.3195742495398153,1.8096800495737941,0.8039054170578163
-1.3721145350384236,1.801365890231451,0.5796159738418238
-1.395303113743603,1.7916321377877134,0.900517784345086
-1.6509643456733636,1.7647261791329685,0.5343327547839134
-1.5002616232355332,1.724823357812072,0.4711296569828287
-1.184179000144838,1.7842012631853148,0.7657854168206186
-1.1313947108448337,1.8767468577395836,0.909643502466266
-1.1013670181154132,1.829809254689889,0.9342023857823339
-1.2895694917713636,1.847141928369899,0.7765983022912029
-1.297140676804381,1.7434151571244738,0.6130252433280086
-1.7521897597161387,-0.47332726416983667,0.05801063559876058
-0.9278237631956815,1.8660480079301363,1.0220566490009226
-1.3951811118429045,1.833747855393676,0.8603021055599132
-1.2818027032863537,1.7395200515935465,0.5778882260678283
-1.2892491771774437,1.8653995081886336,0.7304385833350255
-0.8829538488789953,1.8287125543691274,1.0560418344117732
-1.1462064319569247,1.8776736376523886,0.8901632806751906
-1.4026150447376369,1.7774012664549586,0.6514864079633993
-1.131631089527436,1.795147654878031,0.9875613801125381
-1.3496858185759657,1.8276630967693892,0.8069948129065546
-0.9881842130108552,1.9469300989115377,1.014071641476818
-2.060238834373223,-0.3636065562625538,-0.6421398735147715
-1.138599830571169,1.8070710604151279,0.6848298450024539
-1.1537776169899419,1.773946866406963,0.7265902217119958
-1.0788849258213997,1.874532087680436,1.1439868653785517
-1.3044955896653592,1.8085852230271142,0.794820279361227
-1.0939330852206814,1.8861558436286063,1.1430180833788475
-1.0939712108146495,1.872994681876743,1.1555854829992136
-1.3045565906157082,1.7875273642241332,0.8149281187538134
-0.8224686879218938,1.9774366912282386,1.38015025816627
-1.3723204728504395,1.822591795668307,0.5880734939369019
-1.327203726281952,1.8723859297599366,1.0167792925027725
-2.1734139547544005,-0.5703913470307478,-0.6651161712784285
-1.455254456780562,1.7348680865577706,0.4598722037603595
-1.2667697941246598,1.722631830944631,0.583883967915679
-1.4174953919188702,1.7546379552144094,0.6546275054889836
-1.2293463536990634,1.8111758339787083,0.7704195105937262
-1.1315651726995228,1.631347235796835,0.6086009657803141
-1.0864103601416553,1.7865987105372465,0.9653329268709175
-0.9579963927867687,1.9552693752196686,0.9858474463873467
-0.8453702213541449,1.8802372578641133,1.2492007365391826
-1.3421707186157334,1.7254737313276574,0.6318231363226979
-1.4552468316617688,1.7375003189081433,0.4573587238362862
-1.3916259841580556,-0.7701210200204444,0.6336519326849407
-1.4325893020309137,1.750468317060344,0.6687396030337194
-1.0865372779199172,1.9293412708154607,1.364401180595728
-1.4248378233880792,1.729878154480164,0.41565004880359
-1.4776880295159962,1.801132979007091,0.6507523774901673
-1.0259127177927843,1.8453929807594716,0.8686688579068019
-0.8755579819736431,1.7796018026590643,1.3368313694835545
-0.9733723726895879,1.7614109612048963,1.1523647389776954
-1.1914652869366738,1.8730614202413096,0.9249591335371777
-1.2746128337976057,1.8039313842172569,0.8077288433797868
-1.169123215626763,1.7752097395875173,0.7642407188962494
-1.9996725659552097,-0.28112219488697493,-0.7614252617955466
-1.1988992198314057,1.8167148313025918,0.7161434359406638
-1.1311326879600327,2.061437088989886,1.2399307179182395
-1.0181279698289576,1.9305260789184135,1.021270916850845
-1.3573305455556894,1.8851045122547871,1.0248956481996578
-1.1464123697689406,1.8988995430892446,0.8986208007702687
-1.3198564385397673,1.8045836315069235,0.8374977363936272
-0.8676387507173491,1.8169207517870822,1.0284452569238127
-1.4028285480638583,1.7036987606445237,0.7218638458374519
-1.2594655478540075,1.8265266488239311,0.7760223863665379
-1.4328486156744848,1.7532685960445913,0.6947914825973105
-1.9771065973544666,-0.2074448060423284,-0.5792890613641349
-2.293329241429265,-0.4093972250599113,-1.2444477154390712
-1.2893178032465862,1.8417094170352792,0.753059902651685
-1.9548836994948482,-0.34451405186136946,-0.22463982649452405
-2.0451753651317666,-0.4622620264068968,-0.586791613508313
-1.969629563383614,-0.41509151213284223,-0.6824869004727244
-2.2342090363408107,-0.6395465000205887,-0.5298328231303552
-2.0904418452303095,-0.4695064761683482,-0.5494822807222526
-2.045106798667212,-0.3462757563566249,-0.6688193706798736
-2.1584497312664364,-0.5186734799360995,-0.6959055479688188
-1.7818084052719327,-0.47173962443456796,-0.45861525863283
-1.8798716560622495,-0.48159980211340137,-0.14439151877380457
-2.0077899906955503,-0.4791753640216005,-0.32828223335499834
-2.090983228664656,-0.6563949730448072,-0.3710252061130485
-1.9854707947420205,-0.5849237417265107,-0.48146020822370655
-2.3160830691540313,-0.4536860913262427,-0.948001384898185
-1.940209230521042,-0.3928210140808825,-0.15991696607012923
-1.818992757773697,-0.2911939143725434,-0.3667295839415849
-1.767031981303404,-0.4829294136585224,0.04858433350397838
-2.1889959320738233,-0.6507276767117458,-0.5495477964479025
-2.1808833040018705,-0.45240858748677915,-0.5050253742390112
-1.8949961262540551,-0.40400219077203964,-0.17963193938767658
-2.074959054059791,-0.33109298814527693,-0.6917818543947265
-2.098277259784462,-0.38557469054534943,-0.32815088518221813
-1.909688554706678,-0.5484502034878217,-0.5956669349794893
-1.8201975861476776,-0.6147904468345061,-0.029006193792904825
-2.1049943719080053,-0.2867876174459547,-0.713827257786721
-2.098318094619659,-0.5862263625317623,-0.671922580577416
-1.9173028408158153,-0.3881836797040157,-0.4472264572375803
-1.9470102785559031,-0.23069231793866907,-0.5773514973647268
-2.0755614980490753,-0.4467431649277993,-0.5526233782478369
-2.2935808703494547,-0.49626089262220907,-1.1615028779446521
-1.909510527337783,-0.2081221702977829,-0.35654431607251147
-2.014606288967999,-0.32231113258013255,-0.7406898048014494
-1.6009837794379291,-0.3395027503661377,-0.17108213719116164
-1.533784215598514,-0.4770561968409707,0.18236356415227334
-2.346408141516403,-0.5094055499410817,-0.8745345511753942
-1.8124461075048428,-0.6353806094146861,-0.282095748023034
-2.2786138184110856,-0.441644873086847,-0.7171402839096763
-1.8490918454180776,-0.36314073381383427,-0.7844126808114585
-1.9019877426541691,-0.3999754822860607,-0.47482303472554077
-2.0079348679526294,-0.529187778678681,-0.28052611479760575
-1.9018734254768523,-0.268195818133553,-0.5719316714415412
-1.8946529363037539,-0.37784791390218775,-0.2333320981160741
-2.1353880703395194,-0.36619716721414786,-0.6177391047472707
-2.1580455999703747,-0.3791651653663484,-0.8291199839447037
-1.9023004321292956,-0.4156008297544222,-0.43117679569343653
-2.158518357335579,-0.5423635710894534,-0.6732842286521592
-2.0753174942476793,-0.36251172971587403,-0.6330547358181824
-1.5271203600973504,-0.77886125418681,0.7044471719350911
-2.2870467014723705,-0.7505177210274656,-0.6560965493074893
-2.052987904329538,-0.3704335437327802,-0.3730006577404985
-1.7818819472186394,-0.3105714377037449,-0.07714136437653235
-2.158518357335579,-0.5423635710894534,-0.6732842286521592
-1.6615499882513551,-0.5142832906386346,0.0076096889445144
-2.112878246416149,-0.40613973615974147,-0.8337540777178113
-1.9552192643263555,-0.3680360963808488,-0.1734531476901999
-2.3171125197957587,-0.7167412797296341,-0.6680880330031908
-1.9181339191597324,-0.7673931847915539,-0.1138507076586902
-1.2922331342472428,-0.29935426093605383,0.35723465676252786
-1.7512746858563155,-0.24975556102203514,-0.1842005174351342
-1.9776327305512262,-0.38906883821804217,-0.4058589466030774
-2.301012034398369,-0.45741315022329515,-0.9545730426707008
-1.9774039173828297,-0.4023980466037802,-0.4218569064703755
-1.992352950237794,-0.3565552701007651,-0.4555009274830325
-1.9996725659552097,-0.28112219488697493,-0.7614252617955466
-1.8649150576930793,-0.4325141673691258,-0.17266741554012183
-0.6428015519861121,-0.21209556655772258,-1.536547022512524
0.15402921697205144,-0.12567532144469606,-0.6557321284913232
-0.262908207895525,-0.18087845539631373,-0.687063802932521
-0.3733402275910359,0.19318282390122715,-0.33498375109172945
-0.26671443360628294,0.5053881445342822,-0.7199768076761317
0.06456620162292492,0.32600025183534065,-0.7715545214807674
-0.33481379349721024,0.0010883918994179797,-0.9270103346821517
0.05907236332826501,0.3841672135255434,-0.4434381703989325
0.014324391307688996,0.5559145635894329,-0.5770454724498563
-0.1923734006275232,0.1366659474494561,-0.41854226663696237
-0.39978350822239545,0.35318021831733254,-0.8390362244620232
0.17428398898986905,0.5624491962314987,-0.27914487330265575
-0.12772636910852123,-0.4236315814348772,-0.5623963508547092
-0.001585472742592061,0.37264737383095675,-0.35999817620138985
-0.1737865798429426,0.22230858876546034,-0.8819861951470442
0.04416145606726876,0.4431711517804216,-0.489649591031956
0.07972873780411088,0.35385998114276035,-0.8082879383421628
-0.4184389219624587,0.19257183090524213,-0.3199674000492254
-0.2036084274785951,0.3915921202179491,-1.0074126129991472
0.0438869186770383,0.399686442109738,-0.4321678903513734
-0.6115709409288856,0.02905556855184482,-0.4196239503710671
-0.28872380056895636,0.2926139355011169,-1.2357754992681285
-0.5602540550910687,0.27283732808576244,-1.0345408218684253
-0.35085561344285404,-0.478405656394357,-0.7296692807749678
-0.14687057496003836,0.276785255015192,-0.5667730536553511
0.45939075498409315,0.06258120407675918,0.0056908566434916395
-0.6106712100248978,0.39093464083855123,-0.7492181579977721
-0.3855054195939502,-0.02685031490394124,-0.518198816958804
-0.16675684555138806,0.6242236097283463,-0.48878833462958005
0.265221146710336,0.6138951004386884,-0.42097082167854927
-0.2036084274785951,0.3915921202179491,-1.0074126129991472
0.15466449693511336,0.241727562329734,-0.7359084079667664
-0.16155272865722578,0.4147561637812504,-0.6883888720105735
-0.1884229828273684,0.3760728916337544,-1.0186828930467065
-0.43622261545340485,-0.6642475086734867,-0.87508732954953
0.23465966255170195,0.527852093905029,-0.3025896868955424
-0.5607420626938605,0.10437445766191204,-0.8736781067277342
-0.031727542253916795,0.38010149162506157,-0.3468548606563583
-0.4367418086990535,0.03242182095898568,-1.2894682073085084
-0.6207973819253813,0.09569835387583721,-0.8567887201877579
-0.056139361674319106,0.35971219564778417,-0.7067421972533777
-0.5651988517189276,0.46924936406006457,-0.8543914487338115
-0.21856505233869314,0.3835270094278592,-1.0055395775016747
-0.09835518799035452,0.281271272726657,-0.9729828598364123
-0.44880215303245846,0.174966865481272,-0.2669367432921243
0.3485419555915217,-0.5585387620398558,-0.3421770467525809
-0.3995623135500604,0.3269636465926753,-0.8459199890880366
-0.046569790332110395,0.41151986609056174,-0.3826840240199853
0.049662886367062474,0.43891207738332394,-0.8532829986239201
-0.08641105820513541,0.3224183634855539,-0.6508697229991
0.6088042591944035,0.6506448739088914,-0.3015725316633733
-0.3845828133335815,0.3429254544338831,-0.855333464357729
-0.3191022487628835,0.2184688504336692,-1.1447143060768248
-0.35408995524409004,0.40527836981418863,-0.9510932798240761
0.08916099078071439,0.4608387791642941,-0.5049942796475632
-0.10104746118956122,0.47618266635384804,-0.7875664208987622
-0.31998153252734124,-0.23316546855268608,-0.9841066690310358
-0.18830857293180403,0.3642807219466122,-1.0233815153217498
-0.20677342492934656,0.37202945317930264,-0.6331568421828967
0.2041439291058296,0.4576024814736055,-0.19928943165697532
-0.011749803350703542,0.11552558005911172,-0.48800491535706503
-0.26413657030264054,0.3222689205942334,-0.9006946243387386
-0.31929281050540426,0.05011173178888803,-1.0158701548028803
-0.04607415761052481,0.5826149688647848,-0.5460602190847498
0.00371014557709373,0.1947667160883329,-0.5897604726712631
0.32945878380401344,0.11166027827046296,-0.33365801235975323
-0.011292263109426078,0.22218386613873922,-0.605810134215407
-0.19400325938045232,-0.40137911221613953,-1.304144426542135
-0.44510329792517334,0.22495883221780807,-0.7181253790353376
-0.10624388673760995,0.5857310347658522,-0.52447221026973
0.1950623984800731,0.5229820265119464,-0.6512067434450025
-0.5048003028007138,0.4425489587847127,-0.8853767020989181
-0.2488215317455822,0.4027732969091063,-0.9876976396815998
-0.01092625740733203,0.348531018956627,-0.7264571705709251
-0.42987976079363843,0.2738764203282089,-0.7749666352893191
-0.053042924065390386,0.2530334616476123,-0.9923694955808564
0.19432276195709142,0.2676554885257981,-0.40739919080989256
-0.6805707042161779,0.38951746682447946,-1.064912397182718
-0.13925870936522453,-0.3739137802163824,-0.9872338270059234
0.09409063651196611,0.10533531366105037,-0.5811059631758618
-0.1614916945932168,0.38453836764149946,-0.6754931348171036
-0.4703158541598863,0.08201210427959763,-0.9131080533628289
0.10449897092147362,0.4466885426448207,-0.5335305815905322
-0.42992557773372014,0.3606343361114373,-0.8258929089169916
-0.10194719209354901,0.11430359406714168,-0.4579722132720571
-0.15828091331604366,0.3686187738396496,-1.031826208591738
-0.19183970853928942,0.42347352186100684,-0.6604930144942054
-0.23410884445956023,0.22405566260180662,-0.8431321644366147
0.0741357067378138,0.48035923216358256,-0.5135035014194871
-0.29991232531226464,-0.41487893697143213,-1.1884220594066783
0.40544684244219625,0.31150026886613186,-0.5751351349204158
0.06399428459974318,0.1798584805001233,-0.6160471037613261
-0.046508822495421424,0.48385337983627513,-0.43579543999862785
-0.2492714137544061,0.24747158823711918,-0.8394023241612752
-0.21948769171272173,0.06502689503276718,-0.7014085066888057
-0.5149112906909299,0.2551284464082082,-1.0639813773091626
0.2047006290050842,0.5472041331653457,-0.31676631294221386
0.008784736072947118,0.7008394410628639,-0.29985539499569397
-0.11324315366764999,0.24562059814718887,-0.9607275670695434
-0.21893109115444706,0.3084555115527037,-0.9178961177322127
0.0835044299260343,-0.291659893246594,-0.7983245904883146
-0.34229073582960984,0.4476887008587371,-0.6142276010154273
0.14973488431752158,0.5459553728902458,-0.6267931478524118
-0.21911409400549403,0.2452819351437598,-0.8575725995544534
0.013630439270149217,0.4189327295909851,-0.41432595253129834
-0.05684846460846633,0.06363893212039455,-0.4399849877285051
-0.38463618916513687,0.32449982798127436,-0.8377391048892159
-0.288609390673392,0.28082176581397467,-1.2404741215431718
-0.4481768601777213,0.33953426326909786,-0.44003852048007863
-0.09169142628723399,0.505563485928923,-0.4261343863773736
0.07962961125979376,0.3196409605879156,-0.77561269932921
-0.1995885991006357,-0.37479893873040876,-0.9458663163714205
-0.30462071014386116,-0.1881433530783096,-1.0531869873322808
-0.4215640553939403,0.11682166990988269,-1.3642321606041066
0.009519175693986257,1.0511856904494064,-0.3797033368980337
0.2750447751895853,0.8502183821945307,-0.018411355130879114
-0.11093469245574833,1.0692099919386833,-0.33182869699295076
-0.05105471784282094,0.9660690967234545,-0.25790446869318523
-0.48899482842401243,0.7891681492742025,-0.9717963017737742
-0.030268683233823458,0.9292341593542749,-0.6324798187596054
0.0544120580853011,0.8781751000998651,-0.2608485768184465
0.024704620345212973,1.0356664618652116,-0.3909736169455929
0.029901045893261716,0.9261180934532075,-0.654067827574625
-0.2338031876537932,-0.49504051789836845,-0.39137742538964015
-0.08067821304885925,1.0499637044574361,-0.3496706348130257
-0.020653328065193006,0.9455595689565561,-0.29049894848459673
-0.30143289894018166,0.984529049814076,-0.5188886011293644
0.20013179207398382,1.1240744628868715,-0.1973420550366635
-0.4490925596006383,0.899327510682192,-0.7237184421872453
0.07674164692364682,1.2527787227914144,0.1163803813764153
-0.5947208915047778,0.8388419009278539,-0.9163974528160769
0.12055607421836458,0.8801714006966086,-0.7028950187598066
0.4986162101866287,1.1602132433610892,-0.06292741397898353
-0.16645697147426575,0.7219813052581826,-0.35936076768762976
-0.3002020798264223,-0.5149037662855931,-1.0929098222918932
-0.37373738582232646,0.88069221619693,-0.7565767310498245
-0.12612013710697503,1.084729220522878,-0.3205584169453915
0.16022952325060993,1.0139151014788823,-0.44541991462319164
-0.3625024583122345,0.7795930082566335,-0.26671711444580787
-0.4643924141474293,0.9266389089535289,-0.7077495398646428
-0.12080930166336197,0.9633886824237314,-0.5883512498494671
-0.025704909469822953,1.156396006968373,-0.10816443299901338
-0.32875310134646807,0.8930953788800572,-0.7668944598172851
-0.06086063475397212,0.7813865684763924,-0.4710411876942494
0.2106314941741721,0.7880020141398839,-0.6597084654735857
-0.20075527538972027,-0.7262548333946938,-0.5943074645742619
-0.41363965464570057,0.7705328547889404,-1.0046545906363533
-0.4371866216367073,1.0298647495746898,-0.45504505890167884
0.20496990326605224,0.7882598641218879,-0.2762955560621385
0.4064252858646311,0.7460779534645996,-0.7354144343931014
-0.3016617187313103,1.0081133891883602,-0.5094913565792776
-0.2413775797086609,0.9932051536001507,-0.5357779876693407
-0.056075798772276364,1.1874344641367622,-0.08562387290389503
-0.22328629230468608,0.7539257273137354,-0.7368349913564902
0.009519175693986257,1.0511856904494064,-0.3797033368980337
-0.24767205547665158,0.7749877185012237,0.05625375544019015
-0.7631410102402825,-0.20586343475558774,-1.4933710048824846
0.40830441154821884,1.1707834270562614,-0.028196089618932146
-0.6548906206318629,0.8419579668289212,-0.894809444001057
0.4383320711639792,1.1751214789492987,-0.036640782888920344
-0.18679315718809936,0.9653936062420818,-0.1660843097275903
-0.2417130518219205,0.8261112752410213,-0.39218129442405986
-0.11093469245574833,1.0692099919386833,-0.33182869699295076
0.16522776193734431,0.7333773820717245,-0.5771564940542061
-0.26824014253268985,0.854602803917563,-0.802578335457435
0.13984765305133437,1.138982698475081,-0.1710554239466003
0.235111972777377,0.7808057463277831,-0.2894388716071701
-0.3304509010008578,-0.5443009013967056,-1.0445777878098355
0.10942345414464553,1.049044219305397,-0.06491335121085674
0.07967792392424926,1.1420987643761484,-0.14946741513158057
0.13984765305133437,1.138982698475081,-0.1710554239466003
-0.15108859019931203,0.8721869629683962,-0.49696171908506037
-0.21123551019733616,0.985751035806046,-0.5489213032143723
-0.020508483921774123,1.046847638556369,-0.37125864362804556
-0.2630437169846413,0.7450544355055586,-1.0656725460864678
-0.30143289894018166,0.984529049814076,-0.5188886011293644
-0.1862898662340601,1.0878452864239454,-0.2989704081303718
-0.06608762700451513,0.9829573173723704,-0.26390021054103596
0.10740539950092379,-0.49890581968701725,-0.23703052239232822
0.1657691784853517,0.8689902240054515,-0.722609992077354
-0.012406215620977308,0.7135390724421438,-0.8241395778966679
-0.22325585805683154,0.8670059666006904,-0.8128960642248956
-0.31698438240716237,0.9249767805231149,-0.41997486131234324
-0.24156817456484153,0.8761236898981019,-0.4399374129814523
0.20530544160663178,0.8528024325955527,-0.35388509613530744
-0.27204578241674576,0.8190352392185416,-0.34920455736325173
0.22074248206438812,0.9754225265163882,-0.4811037902633416
-0.14107676196707303,1.0766641097327883,-0.3186853814479192
-0.1055094471165709,0.9360772841523947,-0.6043201521720698
0.672246455716693,-0.22299405644885836,-0.11430394104965125
-0.3286386914509037,0.8813032091929149,-0.7715930820923285
-0.31356765669524134,0.8775761502958626,-0.7781647398648441
-0.3320249166876502,0.9392327688216581,-0.4234571232361204
-0.28331117728835226,0.8583298628146154,-0.7960066776849192
-0.13632252708173465,0.7118949551137052,-0.3699906033085882
-0.33180378824263507,1.015567506982465,-0.49634804103424596
-0.09043841236090853,0.9323502252553423,-0.6108918099445855
0.13702578594629627,1.2378704872032047,0.09009375028635214
-0.20832204232579438,0.7646230704541979,-0.7412215067780361
-0.09088836059705234,0.8795998264688195,-0.5286036475963732
-0.2757520685847319,-0.5839046184419169,-0.6795827321431279
0.024704620345212973,1.0356664618652116,-0.3909736169455929
-0.15102755613530297,0.8419691668286453,-0.4840659818915905
0.3020369981467662,0.9822930268907214,0.23866341053402532
0.17504896219974267,0.8720487200767996,-0.3360431583152325
-0.020508483921774123,1.046847638556369,-0.37125864362804556
0.45328869602407723,1.1831865897393885,-0.038513818386392736
0.1753005580062723,1.01018804258183,-0.4519915723957074
0.1753005580062723,1.01018804258183,-0.4519915723957074
-0.056075798772276364,1.1874344641367622,-0.08562387290389503
-0.16602240593034906,0.9745698591148887,-0.5686362765319197
-0.21451478971287927,-0.26978381023354375,-1.0200543537423532
-0.32321344611172637,0.748170501406626,-1.044084537271448
-0.46427800425186494,0.9148467392663865,-0.7124481621396863
-0.49478611257894367,0.8472293591853358,-0.6116613868251926
0.014776701533363856,0.8088682160121867,-0.5638946571614842
-0.045576096672088146,0.8513620153897749,-0.5479902833408172
-0.16602240593034906,0.9745698591148887,-0.5686362765319197
-0.23877677482131773,0.7154313168257557,-0.6580290909320552
0.2507701416801485,0.9797605784094255,-0.4895484835333298
0.15069814372968932,0.8727172829025038,-0.7160383343048382
-0.6095631064693113,0.8189846204506218,-0.9192230395936478
0.033163526180141206,-0.1472402569900785,-0.5381367258583944
-0.7429998967230269,-0.48415918673552827,-0.4607804616506985
-0.2562197946731946,0.9733478731229187,-0.5386035744469119
0.36156559835482455,1.5311792631306997,-0.09108264408268808
0.09005815296177322,1.6218506626519276,0.036604440372683004
0.45822849571215646,1.6882554212152465,0.4910836053172485
0.17743367459958057,1.7219604373720214,0.2677209125206276
0.17072416218369826,1.481874830067519,-0.26404668139397147
0.06514307570099184,1.4277340315500544,-0.15739322123549845
0.33119470905237114,1.5622177202990892,-0.06854208398756972
0.3764078133193582,1.5510365436079319,-0.0882570573051171
0.23794663341335873,1.683467862409527,0.23203703688047755
-0.03673596801113864,-0.14865743100415021,-0.8538309650433399
0.12042904226422665,1.5908122054835383,0.014063880277564634
-0.04535234004805936,1.6318098533511145,0.08635211577523837
0.2827479150381702,1.6326974486837107,0.28204282629077615
0.2982307724360082,1.6685596268213174,0.20575040579041437
0.37618668487434304,1.4747018054471248,-0.015366139506991403
0.9256745769390858,1.6569480306185476,0.2069308567989134
0.3532040760150445,1.774991929332254,0.44725660760442676
0.08723628585673511,1.720738451380051,0.2977536146056355
0.30128145933217504,1.5460874987189093,-0.0647960129926249
-0.040041504604446186,1.5104693152519681,-0.1814407171288372
-0.02134461203882417,-0.14438204107101538,-0.8999616264548221
0.5695093980379308,1.6014725666743743,0.08746056588513007
-0.04535234004805936,1.6318098533511145,0.08635211577523837
0.1955553962514098,1.5957612503725607,-0.009397164034927566
0.2764502252644635,1.432201078413868,-0.3194455303516689
0.8256025789886267,1.5499047351116255,-0.019558993972595
0.14752042487938455,1.7058302157918415,0.2714669835155723
0.4518773969932343,1.5206090794355278,-0.12581396844273943
0.5188710484317662,1.7457864511518202,0.37966699438179646
0.042023181589747965,1.7319196280712084,0.3174685879231829
0.13530182393125478,1.5186471054767965,0.07284270053095464
-0.2905409408313701,-0.5340606175238081,-0.7330062549752682
0.34321505691186666,1.680962789504445,0.1954326770229538
-0.2210083315679589,1.5669861917037393,-0.09788220158360422
0.11737835536805981,1.7132843335859462,0.28461029906060387
0.6297935370605802,1.5865643310861646,0.06117393479506692
0.4940398143640547,1.6319000308467786,0.12501747702275248
-0.28160513357480693,1.5252485558694022,-0.0015464701925917731
-0.018489777224030095,1.7704122030337028,0.35315246356333285
0.011766702182858902,1.7511659155524555,0.3353105257432579
0.0804123635452884,1.4924450137626915,-0.2293153570339201
0.12573987770783981,1.4694716673843917,-0.2537289526265109
-0.47152301803247004,-0.4828082057727822,-0.6444207795818886
-0.0402703243955749,1.5340536546262529,-0.17204347257875033
-0.11551108827832236,1.5408967794243729,-0.14388380599121475
0.08029795364972406,1.5042371834498336,-0.2246167347588767
0.22264677886656767,1.7107792606808643,0.24800593920308017
-0.2059372968122965,1.563259132806687,-0.10445385935612002
0.11055443305661314,1.4849908959685867,-0.24245867257895168
-0.1304677131384204,1.5328316686342827,-0.14201077049374242
0.48190505660899474,1.524947131328565,-0.13425866171272766
0.4037280157256448,1.6424702145419505,0.15974880138280378
0.1256254678122755,1.4812638370715343,-0.2490303303514675
0.06908159649515005,-0.16674439445332978,-0.9393915730899168
0.4516028927166639,1.4258487148221115,-0.0353286911761008
0.23794663341335873,1.683467862409527,0.23203703688047755
0.47885436971282797,1.6474192594309733,0.13628775707031168
-0.0003680555722009458,1.6442130160342419,0.07603438700777776
0.09005815296177322,1.6218506626519276,0.036604440372683004
0.1558819472191646,1.4620175495902872,-0.2668722681715425
0.13233498022815782,1.7213494443760362,0.28273726356313156
0.5338276732918643,1.75385156194191,0.37779395888432404
0.014718295648368655,1.5431991119524706,0.1304429225592275
0.060030493346012855,1.6175126107588902,0.04504913364267123
-0.5684986446013205,-0.593978925394412,-1.2225450818529884
0.6244827016169672,1.707904869185311,0.32896676769914246
0.31635249408783744,1.5423604398218569,-0.0713676707651407
-0.0002536456766366253,1.6324208463471,0.0713357647327344
0.16564214653121376,1.5796310287923812,-0.005651093039982747
0.12031463236866231,1.6026043751706807,0.01876250255260805
0.406549882830683,1.543582425813827,-0.1014003728501487
0.5238616288860471,1.5138921543370218,0.21744031828879926
-0.07018357411577092,1.5179234330460731,-0.1682974015838056
-0.23607936632362125,1.570713250600792,-0.09131054381108844
0.34321505691186666,1.680962789504445,0.1954326770229538
-0.22403861034232636,-0.30579808657408536,-1.3591934065201854
-0.018489777224030095,1.7704122030337028,0.35315246356333285
-0.025084879744348167,1.5185344260420583,-0.18331375262630953
0.2259262855538632,1.5647227932041714,-0.031937724130045926
0.12042904226422665,1.5908122054835383,0.014063880277564634
-0.14565315778964708,1.5483508972184774,-0.1307404904461832
-0.13058212303398473,1.5446238383214252,-0.13731214821869897
0.135500077019889,1.587085146586486,0.007492222505048844
0.28304532778478153,1.6840788554055124,0.2170206858379736
0.2259262855538632,1.5647227932041714,-0.031937724130045926
0.09017256285733762,1.6100584929647854,0.03190581809763962
-0.7802327345899153,-0.8484022937645587,-0.8537307438166012
0.2559539451696236,1.569060845097209,-0.0403824174000341
0.27091057002972163,1.5771259558872985,-0.042255452897506526
0.2829309178892172,1.6958710250926545,0.221719308113017
-0.0634740616998885,1.7580090403505753,0.36347019233079336
0.20098064159058734,1.4626285425862722,-0.28188861921404645
0.07521593799723955,1.6019933821746954,0.03377885359511202
0.2516189911967518,1.318314658108826,-0.5740950477107128
0.19566980614697413,1.5839690806854185,-0.014095786309970923
-0.07560881945494842,1.6510561408323619,0.10419405359531336
0.5035560098747078,1.6652820748369472,0.4666700097246578
-0.5716560500469382,-0.5596337051399533,-0.8838063675468668
-0.1358929584775979,1.6659643764205716,0.13048068468537657
0.32825843205176863,1.672897678714355,0.19730571252042622
0.06545573868519039,1.4843799029726013,-0.22744232153644775
-0.0002536456766366253,1.6324208463471,0.0713357647327344
0.4888433888160058,1.7414483992587826,0.3881116876517846
0.2829309178892172,1.6958710250926545,0.221719308113017
0.5491275278386553,1.726540163670573,0.3618250565617214
0.14058209267237348,1.4893289478616238,-0.25090336584893985
-0.05511253936010854,1.5141963741490205,-0.17486905935632138
0.12031463236866231,1.6026043751706807,0.01876250255260805
-0.5683842347057562,-0.6057710950815541,-1.2272437041280315
-0.47892644937223233,-0.9111513020184647,-0.9804652769918735
0.03508484938273695,1.5154183601409907,-0.20490176144132932
-0.06705341525471685,-0.20174465726861684,-0.7828776112446226
-0.03706381500560463,-0.3131190770129069,-0.712747751722132
-0.30069771254800787,-0.6859988690598163,-0.9295336272271287
-0.09404560509823741,-0.3850949569075396,-1.0069488003234708
-0.3383777915694011,-0.1504509912239095,-0.6495068917948986
-0.30487999729650433,-0.2263635980482478,-1.0007322464998447
-0.6009516982585107,-0.31127745139721513,-1.1166557469879153
-0.5564096706726824,-0.45154376503570226,-0.9811916401591246
-0.7523635898578077,-0.4648965837182437,-0.8527025928340698
0.09868221634480748,-0.25853569923842923,-0.8400849671978566
-0.34518636430228067,-0.5273069289687203,-1.0825920935244324
-0.5682088900871627,-0.4939540960802507,-1.3180573189677736
-0.5257719022124522,-0.3904540899410484,-1.0917039975968084
-0.034241848559586285,-0.5658338305692269,-0.8748861961969161
-0.14273643602749447,-0.34757100879211134,-0.6089361090608356
-0.54569626528411,-0.10745255192248973,-0.9681483023646146
-0.2597126437422791,-0.25333816884164106,-1.0053663402729522
-0.35985330087554096,-0.33279590055918484,-1.2422384483138575
-0.35978470792005834,-0.25783015446309887,-1.2978633442165732
-0.22984507850752478,-0.3555526512491617,-0.9280243785513455
-0.12395892104575343,-0.2986738686022549,-1.069209882500638
-0.3269121733882388,-0.5495858140179954,-1.4429833451475094
0.14376569359230296,-0.3144648258859216,-0.8170707818061578
-0.24535074503442375,-0.501862836323351,-0.7781843651066517
-0.13928158472160534,-0.38181047726750034,-0.9796933872337035
-0.4563528567324906,-0.4523162441149902,-0.6836676763673573
0.17334353742655942,-0.5679797925503357,-0.6112130063837093
-0.17041498590342133,-0.6139952551363774,-0.7058048347312552
-0.19403375985562682,-0.41190804161763006,-1.2940905068458415
-0.6611825276769245,-0.1753922794709325,-1.173970628538477
-0.38044101616858406,-0.3300742319657799,-0.8670064231012309
-0.5008644500704642,-0.19896969118954808,-0.8951928560645532
-0.24437472982883976,-0.16493709547565022,-1.0999097953880337
-0.25982698741052346,-0.34409730903996316,-0.9346605648257971
-0.27497427335412206,-0.36669257364663727,-0.9029541078125483
-0.586803302876877,-0.6335046246893598,-0.8190963339475621
-0.2258152299075809,-0.9703838791536475,-0.740549007625051
-0.43572698273181926,-0.4931524058992637,-1.0384635246142944
0.09836199446913517,-0.42036511289681305,-0.701515233800722
-0.6322604771725799,-0.6040035733246635,-0.7849571562317813
-0.19436163996375283,-0.5250940326836547,-1.1860108701106902
-0.4713629236514638,-0.3762556714722243,-0.7302074345734837
-0.25440180829866604,-0.37467870694078764,-1.2731591731770284
-0.6159922325389985,-0.2970214630986722,-1.1201380089116928
-0.3208203287083,-0.4714353721509468,-0.7406274539690293
-0.36571314487229484,-0.40097609168687,-0.7934750608765043
0.2293843907503633,-0.1443106159299581,-0.6885904173539023
-0.5861017919478634,-0.3913392484550748,-1.0503364869623053
-0.31988237286936416,-0.2502221029405737,-0.9837783314579326
-0.3154637425519253,-0.5769825161478573,-1.0235011664175448
-0.3198748139778905,-0.14503856070473675,-1.0522989645541183
0.0034103377272913455,-0.005542289326967979,-0.6531808864411011
-0.2607267845418312,-0.6034250714412053,-0.6710735103712039
-0.33915555368635086,-0.41893869096192105,-0.39313193953942227
-0.5863229535065386,-0.41639833167315005,-1.010449145750236
-0.22142258833105588,-0.527031803705003,-1.5194750462171027
-0.012972217460874532,-0.4545591946940135,-0.21429068172797822
-0.2703115730079673,-0.7117728615274602,-0.9571011471703937
-0.3540664609473471,-0.35993475270704267,-0.4393433601724456
-0.647217102032678,-0.6120686841147531,-0.7830841207343089
0.5067930197398528,-0.17136172740072167,-0.0840881891150172
-0.45616982076778356,-0.4404183226487783,-0.7109876179590602
-0.1097648080650179,-0.5538319928494313,-0.8197349255907809
-0.3058941380960566,-0.576450500647812,-0.6664394165980964
2.387692502394629,0.07837787751089158,-0.7413472771741291
2.3274083633719793,0.09328611309910119,-0.7150606460840657
1.9037266138412485,-0.3867118195661626,0.026938314690648512
2.1268398697884563,0.6204999680587571,-0.4388650306745985
2.4289700367059033,0.6928588860631449,-0.24530466361239264
2.3596655701295997,0.6356148081255318,-0.3796057578318144
2.0665557307658067,0.6354082036469666,-0.4125783995845353
2.3981184953903787,0.5534129079118137,-0.5571548705798828
1.9075345274597286,0.747426575037104,-0.18245602465634053
2.1486710835503264,0.6877936326842655,-0.2876025490165933
2.601511598024397,0.7228819617181296,-0.1597587596795451
2.0665557307658067,0.6354082036469666,-0.4125783995845353
2.319097507622525,0.16803389551871464,-0.550654848881029
2.1034579792833394,0.6989748093754228,-0.2678875756990459
1.915845383209183,0.6726787926174906,-0.34686182185937736
2.329523500618275,0.6430689259196367,-0.36646244228678276
1.967818666482378,0.7325183394488943,-0.20874265574640374
2.4651628134192363,0.609525395846165,-0.42560736223942497
2.585731091464535,0.5797089246697458,-0.4781806244195513
2.1419109045441185,0.6167729091617047,-0.44543668844711426
2.1788131530616512,0.6803395148901608,-0.3007458645616249
2.1720529740554433,0.6093187913675998,-0.4585800039921459
2.292621252100742,0.5795023201911805,-0.5111532661722722
2.2821952591049923,0.10446728979025843,-0.6953456727665184
2.4440410714615655,0.6891318271660926,-0.2518763213849084
2.0966978002771315,0.6279540858528617,-0.4257217151295669
2.5344672799955394,0.666769473783778,-0.2913062680200032
2.1486710835503264,0.6877936326842655,-0.2876025490165933
2.3076922868564043,0.5757752612941281,-0.5177249239447881
1.7417531451474428,0.7884242229046805,-0.11016778915866685
2.4199497091522493,0.6207065725373223,-0.40589238892187757
2.428260564901703,0.5459587901177089,-0.5702981861249143
2.4289700367059033,0.6928588860631449,-0.24530466361239264
2.563846837627502,0.3960921209524069,-0.053101591157705026
2.2058869454774777,-0.2059264595210622,-0.3483023933947771
2.0966978002771315,0.6279540858528617,-0.4257217151295669
2.284310396351288,0.6542501026107939,-0.3467474689692354
2.1268398697884563,0.6204999680587571,-0.4388650306745985
2.4433315996573657,0.5422317312206565,-0.5768698438974301
2.4573122424255396,0.16209544622031324,-0.22401387252746432
2.292621252100742,0.5795023201911805,-0.5111532661722722
2.3529053911233917,0.5645940846029709,-0.5374398972623354
2.3596655701295997,0.6356148081255318,-0.3796057578318144
2.247408147833755,0.5906834968823378,-0.4914382928547248
2.006271591743157,0.6503164392351762,-0.3862917684944721
2.2068400853266805,0.12310258427552047,-0.6624873839039395
2.344594535373937,0.6393418670225842,-0.3730341000592986
1.674708827118585,0.7323117349703291,-0.24171529749912465
2.4138990019502407,0.6965859449601973,-0.23873300583987683
2.27755021734508,0.583229379088233,-0.5045816083997564
2.1034579792833394,0.6989748093754228,-0.2678875756990459
2.5555890219532102,0.5871630424638506,-0.4650373088745197
1.8254191746752089,0.6950411459998052,-0.30743187522428256
2.1486710835503264,0.6877936326842655,-0.2876025490165933
1.9979607359937028,0.7250642216547896,-0.22188597129143534
1.922605562215391,0.7436995161400516,-0.18902768242885634
2.6439000932408887,0.015017876261000776,-0.8530654593068973
2.1419109045441185,0.6167729091617047,-0.44543668844711426
2.292621252100742,0.5795023201911805,-0.5111532661722722
2.1326469089454605,0.362491647784735,0.03315409926508474
2.1336000487946643,0.691520691581318,-0.28103089124407754
2.374736604885262,0.6318877492284795,-0.3861774156043302
2.338543828171929,0.7152212394454592,-0.20587471697729784
2.27755021734508,0.583229379088233,-0.5045816083997564
2.087296552540188,0.3262926421691843,0.09811171121595154
2.8653205728159117,0.4378740821031892,-0.7608762615278724
2.4350207439079115,0.6169795136402699,-0.4124640466943934
2.4185440437101535,0.21782385566222284,-0.4294970702066388
2.263188654393617,0.7338565339307213,-0.17301642811471893
1.8623214231927416,0.7586077517282612,-0.1627410513387932
2.563899877702665,0.5124152600442373,-0.6294431060775565
2.4440410714615655,0.6891318271660926,-0.2518763213849084
2.29938143110695,0.6505230437137415,-0.3533191267417512
2.006271591743157,0.6503164392351762,-0.3862917684944721
2.8509590098644493,0.5885012369456776,-0.4293110812428349
2.27755021734508,0.583229379088233,-0.5045816083997564
2.1426203763483183,0.7636730051071405,-0.12044316593459252
2.4350207439079115,0.6169795136402699,-0.4124640466943934
2.52404128699979,0.191734443382856,-0.4754986746142494
2.351814999135903,0.18818485849968006,-0.17801226811985382
2.2172660783224303,0.5981376146764426,-0.4782949773096932
2.202195043566768,0.601864673573495,-0.47172331953717744
2.1419109045441185,0.6167729091617047,-0.44543668844711426
2.0823362373256686,0.7785812406953502,-0.09415653484452935
1.9376765969710534,0.7399724572429992,-0.19559934020137212
2.238144152235097,0.33640223550536824,-0.012847505142525788
2.3520590029372994,0.27241629371160525,-0.25844362569019924
2.5395648473483443,0.26186105756432015,-0.14428066059284161
1.7869662494144298,0.7772430462135232,-0.12988276247621422
2.243742333844213,0.18666919000397666,-0.51779656001845
2.27755021734508,0.583229379088233,-0.5045816083997564
2.0733159097720146,0.7064289271695277,-0.2547442601540143
2.0966978002771315,0.6279540858528617,-0.4257217151295669
2.118529014039002,0.6952477504783704,-0.2744592334715617
2.04317384026069,0.7138830449636323,-0.2416009446089827
2.1336000487946643,0.691520691581318,-0.28103089124407754
2.8961721141314363,0.5773200602545204,-0.44902605456038225
2.27755021734508,0.583229379088233,-0.5045816083997564
2.1720529740554433,0.6093187913675998,-0.4585800039921459
2.293330723904942,0.7264024161366165,-0.18615974365975052
2.161626981059693,0.13428376096667768,-0.642772410586392
1.9761295222318325,0.657770557029281,-0.37314845294944055
2.3435041433864483,0.2629326409192934,-0.013606470916816996
2.0281028055050276,0.7176101038606849,-0.2350292868364669
2.5103759176862233,0.5983442191550079,-0.4453223355569723
2.0665557307658067,0.6354082036469666,-0.4125783995845353
2.1788131530616512,0.6803395148901608,-0.3007458645616249
2.27755021734508,0.583229379088233,-0.5045816083997564
2.5254469524418854,0.5946171602579555,-0.45189399332948815
2.0213426264988197,0.6465893803381237,-0.39286342626698795
2.2692393615956252,0.6579771615078464,-0.3401758111967196
2.101342842037044,0.14919199655488727,-0.6164857794963289
2.2972662938606545,0.10074023089320602,-0.7019173305390342
1.8321793536814168,0.7660618695223661,-0.14959773579376162
2.2429232799276324,1.0529365486183129,-0.30725229967302375
2.272905175585167,1.061991468386207,-0.31381754403299456
1.948262763820593,1.198498450081922,-0.017985004792186815
2.8532343209645346,1.1217750122042138,-0.08729094863061251
2.400393806490464,1.0866866831703497,-0.21513473796766064
1.9565736195700474,1.1237506676623086,-0.18239080199522367
2.4539177665069056,1.000757724059579,-0.3992555084882448
2.4757489802687758,1.0680513886850878,-0.24799302683023963
2.1893993199111907,1.1388655077290835,-0.12313152915243958
2.062889916776265,0.2313938967686055,-0.4389366667482605
2.56688466060695,1.1925891312482095,0.03757054904718758
2.355180702223477,1.0978678598615068,-0.19541976465011326
2.318278453705944,1.0343012541330507,-0.3401105885356027
2.1675681061493206,1.071571843103575,-0.2743940108104448
2.2579943146832946,1.0492094897212605,-0.31382395744553954
2.2276920713181796,1.0731726450773644,-0.2941025707154472
2.2736146473893672,1.208891564331643,0.011175978479527122
2.439556203555443,1.1513848789020678,-0.06769032820320736
2.340109667467815,1.1015949187585594,-0.1888481068775975
2.838003112355082,1.1420111086632654,-0.07414121967303597
2.3341685423781873,0.16430683662166223,-0.5572265066535448
1.9564134457162574,1.1402597052243075,-0.1758127308101629
1.9028894856998158,1.2261886643350783,0.008308039710421346
2.1893993199111907,1.1388655077290835,-0.12313152915243958
2.107283967126671,1.0864800786917843,-0.2481073797203816
2.272905175585167,1.061991468386207,-0.31381754403299456
2.1975500018068552,1.0806267628714692,-0.2809592551704156
2.394343099288456,1.162566055593225,-0.04797535488565997
2.062070862859684,1.0976612553829417,-0.22839240640283423
2.3784024188748036,1.0359020561068402,-0.3598191484406052
2.016857758592697,1.1088424320740988,-0.20867743308528683
2.0399683110269065,-0.21230899396019387,-0.23077151926378406
2.5509439801932974,1.065925131761825,-0.2742732445077578
2.0386889723545676,1.1761360966996075,-0.0574149514272816
2.159097076546076,1.1628286630851874,-0.10341014242234721
2.1440260417904136,1.1665557219822398,-0.09683848464983143
2.611228119215947,1.0510168961736153,-0.30055987559782094
2.062620160810094,1.2610703888903767,0.10317918729474827
2.3851625978810116,1.1069227796294014,-0.20198500901008412
2.3399494936140246,1.1181039563205586,-0.18227003569253675
2.4755888064149856,1.084560426247087,-0.24141495564517887
2.3099675979564895,1.1090490365526642,-0.17570479133256586
1.814993181679459,0.22000611559888297,-0.49162428181852874
2.294736389347037,1.129285133011716,-0.16255506237498935
2.2346124241781777,1.1276843310379263,-0.14284650246998692
2.303207418950282,1.0380283130301031,-0.3335389307630869
2.348420523217269,1.026847136338946,-0.35325390408063434
2.1379753345884054,1.2424350944051148,0.07032089843216931
2.746867432016908,1.0174733661001436,-0.35970479555046314
2.1675681061493206,1.071571843103575,-0.2743940108104448
2.560124481600742,1.1215684077256485,-0.12026359038333373
2.1674079322955304,1.088080880665574,-0.26781593962538397
2.4989706969201024,1.006085584930421,-0.4123924106207314
2.3413890061401537,-0.28685017190124196,-0.36220467471409995
2.4002336326366738,1.103195720732349,-0.20855666678259993
2.349129995021469,1.1737472322843823,-0.02826038156811257
2.324878458858362,1.121831015217611,-0.17569837792002094
2.3338987864120164,1.1939833287434336,-0.015110652610536008
2.4991308707738926,0.9895765473684219,-0.4189704818057922
2.393633627484256,1.0156659596477888,-0.37296887739818174
2.619699148819192,0.9597600761920027,-0.47154374398591864
2.016697584738907,1.125351469636098,-0.2020993619002261
2.046999828104022,1.101388314279994,-0.22182074863031842
2.4305358760017888,1.079232565376245,-0.22827805351269226
1.9054193902134333,0.1976437622165685,-0.5310542284536236
2.1674079322955304,1.088080880665574,-0.26781593962538397
2.0385287985007774,1.1926451342616067,-0.050836880242220835
2.1291151808885416,1.153773743317293,-0.0968448980623764
2.077691195565756,1.2573433299933243,0.09660752952223248
2.5509439801932974,1.065925131761825,-0.2742732445077578
2.3851625978810116,1.1069227796294014,-0.20198500901008412
2.294736389347037,1.129285133011716,-0.16255506237498935
1.9564134457162574,1.1402597052243075,-0.1758127308101629
2.2647544936895025,1.1202302132438213,-0.15598981801501852
2.400393806490464,1.0866866831703497,-0.21513473796766064
1.9657035292360827,0.18273552662835893,-0.5573408595436867
2.363331384119141,1.0396291150038925,-0.35324749066808936
2.295445861151237,1.276185228957152,0.16243846013753266
2.324878458858362,1.121831015217611,-0.17569837792002094
1.9714844804719198,1.1365326463272551,-0.18238438858267866
2.3784024188748036,1.0359020561068402,-0.3598191484406052
1.9113605153030602,1.1349318443534657,-0.1626758286776763
2.092212932371009,1.090207137588837,-0.24153572194786582
2.5057308759263104,1.0771063084529822,-0.25455827119021046
2.0535998332564396,1.1889180753645543,-0.05740853801473663
2.303207418950282,1.0380283130301031,-0.3335389307630869
2.357550432883304,0.08583199530499638,-0.7282039616290974
2.6415303625810616,1.0270537408175113,-0.3202812623279133
2.400393806490464,1.0866866831703497,-0.21513473796766064
2.1221948280285434,1.099262057356731,-0.24810096630783662
1.8576763814328288,1.2373698410262355,0.028023013027968682
2.318278453705944,1.0343012541330507,-0.3401105885356027
1.9934758680875804,1.1873172733907646,-0.03769997810973424
2.1884461800619874,0.8098364639325007,0.1910534613567227
2.5057308759263104,1.0771063084529822,-0.25455827119021046
2.1138839722790888,1.1740098397763445,-0.08369516910479984
2.4757489802687758,1.0680513886850878,-0.24799302683023963
2.228671299088551,0.19039624890102905,-0.5112249022459342
2.016697584738907,1.125351469636098,-0.2020993619002261
1.9934758680875804,1.1873172733907646,-0.03769997810973424
1.9633337985762553,1.1947713911848694,-0.024556662564702635
2.294736389347037,1.129285133011716,-0.16255506237498935
2.068831041865892,1.1686819789055025,-0.07055826697231318
1.9782446594781278,1.2075533698498162,-0.024550249152157675
2.1674079322955304,1.088080880665574,-0.26781593962538397
2.394182925434666,1.1790750931552239,-0.0413972837005992
2.1532065431978578,1.2221989979460632,0.057171169474592734
2.5961570844602844,1.0547439550706676,-0.29398821782530515
2.357550432883304,0.08583199530499638,-0.7282039616290974
2.2811048671175045,-0.2719419363130323,-0.33591804362403677
2.137426036637996,1.0790259608976795,-0.26125069526541317
2.245038417173928,1.6027193614388484,0.04134590412425931
1.8531915135267063,1.699622892762211,0.21220900620966998
2.6677368621366737,1.6452618082668171,0.18233300900633903
2.1485615014379453,1.700961087244038,0.24793523384135474
1.9368575430544726,1.6062398158573354,0.014944920144054158
2.223916675216257,1.6823257927587758,0.21507694497877575
2.4108197994862137,1.561721713571272,-0.030942331373414466
2.351245132267764,1.7235300451049176,0.32033782222917073
2.254058744727582,1.674871674964671,0.20193362943374416
2.2588133685998755,0.18294213110692426,-0.5243682177909658
2.3294139185058937,1.6562363804794091,0.16907534057116522
2.4205495988440675,1.7807741230425302,0.45463891644859206
2.630834613619141,1.5816952025383608,0.03764218512084935
2.5320975493357127,1.678805338340289,0.2414779289589812
2.380677729974889,1.5691758313653767,-0.01779901582838287
2.540408405085167,1.6040575559206753,0.07707213175594409
2.2842008142389068,1.6674175571705663,0.18879031388871256
2.3143428837502316,1.6599634393764615,0.17564699834368097
2.0732063276596335,1.7195963817293,0.2807935227039337
2.3746270227728807,1.6450552037882518,0.14936036725361784
2.101342842037044,0.14919199655488727,-0.6164857794963289
2.6820984250881366,1.4946346534243289,-0.1492321712786987
2.7664739264201024,1.5481516724648894,-0.02150273483179281
2.5313880775315125,1.5319052423948527,-0.08351559355354075
2.599983072303617,1.4422492243870297,-0.2742080218466408
2.547168584091375,1.6750782794432362,0.23490627118646543
2.51702651458005,1.6825323972373414,0.24804958673149702
2.058135292903971,1.7233234406263525,0.2873651804764495
1.9368575430544726,1.6062398158573354,0.014944920144054158
2.1093991043729665,1.63626289151232,0.10049082407690142
2.1847542781512788,1.6176275970270582,0.06763253521432243
2.5825255622307517,-0.3464831142540804,-0.46735119907435263
2.208136168656395,1.5391527557103923,-0.10334491976123013
2.2299673824182653,1.606446420335901,0.0479175618967751
2.2751804866852527,1.5952652436447436,0.02820258857922772
2.0641860001059795,1.6474440682034774,0.12020579739444881
2.26010945192959,1.598992302541796,0.03477424635174351
2.290251521440915,1.5915381847476913,0.02163093080671192
2.0340439305946547,1.6548981859975822,0.1333491129394804
2.290251521440915,1.5915381847476913,0.02163093080671192
2.3595559880172186,1.6487822626853041,0.15593202502613362
2.214896347662603,1.6101734792329534,0.05448921966929084
2.243742333844213,0.18666919000397666,-0.51779656001845
3.053533058581887,1.6242376493663293,0.17862929000292876
2.600692544107816,1.5891493203324656,0.05078550066588089
2.3746270227728807,1.6450552037882518,0.14936036725361784
2.1485615014379453,1.700961087244038,0.24793523384135474
2.00390186108333,1.662352303791687,0.14649242848451197
1.9285466873050183,1.6809875982769489,0.179350717347091
2.380677729974889,1.5691758313653767,-0.01779901582838287
2.501246008020188,1.5393593601889575,-0.07037227800850926
2.049114965350317,1.6511711271005298,0.1267774551669646
2.351245132267764,1.7235300451049176,0.32033782222917073
1.9338686833525731,-0.3941659373602674,0.01379499914561699
2.2751804866852527,1.5952652436447436,0.02820258857922772
1.9074249453473475,1.7605940295968765,0.3530817582016074
2.592381688358362,1.6638971027520792,0.21519129786891802
1.997141682077122,1.5913315802691261,-0.011341710946009038
2.6677368621366737,1.6452618082668171,0.18233300900633903
2.1847542781512788,1.6176275970270582,0.06763253521432243
2.26010945192959,1.598992302541796,0.03477424635174351
2.5163170427758503,1.535632301291905,-0.07694393578102496
2.3203935909522397,1.5840840669535865,0.008487615261680318
2.1033483971709583,1.712142263935195,0.2676502071589021
2.1766980158153557,0.13055670206962527,-0.6493440683589078
2.269129779483244,1.6711446160676187,0.19536197166122837
2.1184194319266205,1.7084152050381427,0.2610785493863863
2.555479439840829,1.600330497023623,0.07050047398342826
2.6067432513098248,1.5132699479095908,-0.11637388241611973
2.5773106536026997,1.6676241616491314,0.2217629556414338
2.591672216554162,1.5169970068066432,-0.10980222464360394
2.3957487647305515,1.5654487724683244,-0.024370673600898667
2.5313880775315125,1.5319052423948527,-0.08351559355354075
2.23827823816772,1.5316986379162876,-0.11648823530626175
2.163632536193608,1.6972340283469856,0.24136357606883893
2.222620591886543,0.2662756213239041,-0.3440655191639335
2.3656066952192267,1.5729028902624291,-0.011227358055867083
2.501246008020188,1.5393593601889575,-0.07037227800850926
2.223916675216257,1.6823257927587758,0.21507694497877575
1.883333583038031,1.692168774968106,0.1990656906646384
2.2457478889781277,1.7496194573842845,0.36633942663678126
2.00390186108333,1.662352303791687,0.14649242848451197
2.299271848994569,1.663690498273514,0.18221865611619678
2.17870357094927,1.6935069694499332,0.23479191829632315
2.290251521440915,1.5915381847476913,0.02163093080671192
2.6225237578696867,1.6564429849579745,0.20204798232388643
2.2068400853266805,0.12310258427552047,-0.6624873839039395
2.49519530081818,1.6152387326118325,0.09678710507349148
2.3294139185058937,1.6562363804794091,0.16907534057116522
2.169683243395616,1.6213546559241105,0.07420419298683824
2.3656066952192267,1.5729028902624291,-0.011227358055867083
2.0574258210997716,1.5764233446809162,-0.037628342036072224
2.1629230643894077,1.5503339324015497,-0.08362994644368275
2.510266335573842,1.61151167371478,0.09021544730097568
2.3964582365347513,1.7123488684137604,0.30062284891162333
2.9925394477550378,1.4922457890091032,-0.12007760141952979
2.6609766831304658,1.5742410847442563,0.02449886957581776
2.0410587030143943,0.1641002321430969,-0.5901991484062658
2.4868844450687253,1.689986515031446,0.26119290227652864
2.591672216554162,1.5169970068066432,-0.10980222464360394
1.9285466873050183,1.6809875982769489,0.179350717347091
2.6368853208211496,1.5058158301154858,-0.12951719796115133
2.306032028000777,1.7347112217960747,0.3400527955467181
2.3889885857243436,1.4944280489457635,-0.1822048130314197
2.600692544107816,1.5891493203324656,0.05078550066588089
2.275889958489452,1.7421653395901797,0.3531961110917497
1.967709084369997,1.745685794008667,0.32679512711154424
2.4198401270398677,1.6338740270970946,0.12964539393607044
2.635589237491435,0.08976565868061415,-0.6886596621038606
2.439665785667824,0.1382174243422954,-0.6032281110611554
2.1395411738842913,1.6288087737182153,0.08734750853186983
2.1155674886066143,-0.1467128532335306,-0.3440611656967085
2.056129737770057,0.1603731732460445,-0.5967708061787814
2.3274083633719793,0.09328611309910119,-0.7150606460840657
2.1908159107218155,-0.2021994006240098,-0.34173073562226125
2.3281178351761795,0.24018620904453722,-0.39006712357154405
2.2075495571308807,0.27000268022095647,-0.3374938613914177
1.9958455987474073,0.1752814088342541,-0.5704841750887183
2.0167236726600746,-0.08645397033682012,-0.10503670292155082
2.357550432883304,0.08583199530499638,-0.7282039616290974
2.0869812790855815,0.2998191513973757,-0.2849205992112913
2.1766980158153557,0.13055670206962527,-0.6493440683589078
2.025987668258732,0.16782729104014932,-0.58362749063375
2.5903761332244475,0.10094683537177138,-0.6689446887863133
2.1826118066354714,-0.09060036529917923,-0.21251365735625063
1.9054193902134333,0.1976437622165685,-0.5310542284536236
2.077960951531927,0.2276668378715531,-0.44550832452077627
2.4178345719059537,0.07092375971678679,-0.7544905927191605
2.0862718072813813,0.15291905545193968,-0.6099141217238131
2.394452681400837,0.1493986010334526,-0.583513137743608
2.174791736116949,-0.5275013855235403,-0.020974087340583362
2.3274083633719793,0.09328611309910119,-0.7150606460840657
2.403473008954491,0.22155091455927522,-0.422925412434123
1.6642828341228353,0.257276704569407,-0.4259077040933708
2.52404128699979,0.191734443382856,-0.4754986746142494
2.2889554381112003,0.17548801331281944,-0.5375115333359973
2.4938992174884653,0.1991885611769608,-0.46235535906921776
2.4788281827328027,0.2029156200740132,-0.455783701296702
2.0862718072813813,0.15291905545193968,-0.6099141217238131
2.3565972930341013,-0.24319704849158627,-0.414018971119935
2.116413876792706,0.14546493765783486,-0.6230574372688447
1.7094959383898225,0.24609552787824981,-0.4456226774109182
2.34923957713385,0.16057977772460982,-0.5637981644260606
2.0701103805382313,-0.21976311175429866,-0.24391483480881568
1.9657035292360827,0.18273552662835893,-0.5573408595436867
2.4630476761729407,0.0597425830256296,-0.7742055660367079
1.9958455987474073,0.1752814088342541,-0.5704841750887183
1.6190697298558483,0.2684578812605642,-0.40619273077582346
2.191769050571018,0.12682964317257286,-0.6559157261314236
2.319097507622525,0.16803389551871464,-0.550654848881029
2.0862718072813813,0.15291905545193968,-0.6099141217238131
1.9573926734866283,0.25748330904797234,-0.39293506234064995
2.236982154838005,0.11564846648141565,-0.675630699448971
1.7547090426568095,0.2349143511870926,-0.46533765072846556
2.3263179713844915,-0.2831231130041895,-0.3556330169415841
2.2219111200823427,0.11937552537846804,-0.6690590416764552
1.769780077412472,0.2311872922900402,-0.4719093085009814
2.3274083633719793,0.09328611309910119,-0.7150606460840657
2.3274083633719793,0.09328611309910119,-0.7150606460840657
2.52404128699979,0.191734443382856,-0.4754986746142494
2.4672686906208714,-0.745770066125906,0.2206173881102211
2.0250345284095292,-0.16120175275643334,-0.26944250012458754
2.2428959456581206,-0.10550860088738881,-0.23880028844631376
2.03274784726494,0.2388480145627103,-0.42579335120322886
2.243742333844213,0.18666919000397666,-0.51779656001845
2.1623364528638933,0.28118385691211367,-0.3177788880738703
2.192478522375218,0.27372973911800885,-0.3309222036189019
2.2136002643328885,0.19412330779808143,-0.5046532444734184
2.5903761332244475,0.10094683537177138,-0.6689446887863133
1.9194000329816072,-0.18249252278377462,-0.17819825708365772
2.1606738412104907,-0.194745282829905,-0.32858742007722963
2.2068400853266805,0.12310258427552047,-0.6624873839039395
2.3855117184196524,-0.6744405746956899,-0.022492018889165886
2.175744875966153,-0.1984723417269574,-0.33515907784974547
2.598686988973902,0.026199052952157947,-0.83335048598935
-1.9804988232211869,1.031900493851869,0.28334705889720463
-1.322564478924178,2.214541789014286,1.440201770218301
-1.5706034433351308,1.550366346686013,1.176445072845356
-1.6805848126713152,0.5335368808137589,0.24517477841587626
-1.5168780123576513,0.627747905694172,0.3086937109376087
-1.9152693132782683,0.624703427021126,-0.27406368563025546
-1.3650466674503736,1.8236615052491987,0.8496722699389547
-2.002906609733506,0.14108093683698122,-0.6858170715701504
-1.6075864628734333,0.7270548889179875,0.3289102543708249
-1.6559241489386551,0.37445283163535564,-0.12518144649759227
-1.5279781367335743,1.379732168353297,0.45066933346905236
-1.8415539771408975,0.7169768224498062,-0.2021710017530156
-2.4619178379525466,0.12171420774819958,-0.47804942016786073
-1.806286119135402,-0.1674409509388491,-0.20138827443481006
-1.7726079895657307,0.7617442136799089,-0.15368287501670588
-1.806751635500269,0.2667904730241115,-0.4309074874645893
-1.429240828488857,1.2857076226836062,0.6082349364849132
-1.7824310087536366,-0.41805111902220515,0.05102346761905541
-1.5505696899319283,1.110667572222983,-0.08026552220570392
-1.926582821771237,1.1183928260759806,0.057102250485042416
-1.7684538511620562,1.2245005402403468,0.14582189234964404
-2.0723228110009475,0.37698392483198323,-0.38714823092863143
-1.4690104329452713,0.0866101175476545,0.34498858376933494
-2.305342217440676,0.6348607616019414,0.04815761780434619
-1.8076896906801845,0.19940416864193464,-0.2867673397338541
-1.2230641978606243,2.064852935346847,0.9759291883270579
-1.8353604534654637,-0.1298936267146041,-0.3223085427920702
-1.6555882595932798,-0.10452654228394034,0.14706692524143292
-1.5356790017679394,1.3132984950599078,0.2770197106774143
-1.4703074183952427,0.7466847647473164,0.05940291660298463
-2.2869478464600648,-0.29583832994221726,-0.9594011163261019
-1.9693215182540398,-0.6350682573107076,-0.09665123655953121
-2.12678976641028,-0.771448184147027,-0.7141777196135957
-1.7447052132129366,-0.5040045111046887,-0.1599128438264929
-1.914481522744632,1.0180496373596823,0.5518062965517838
-2.0385347757281713,-0.16691105247961427,-0.44660976966873683
-1.9797381441616222,0.24836745455577858,-0.5900336247479386
-1.9481085671941973,-0.1892734058619287,-0.48603971630383164
-0.9753785008100989,2.1869431308084475,1.0939319894329504
-1.8089787794793513,0.4416506776615658,-0.30423715881861807
-1.5824145850450002,0.2315738577872309,0.12018664040500608
-1.8320454622475435,0.6381147386405341,-0.12916247217590787
-1.7607404385086018,1.0984530370113854,-0.03529382440521776
-1.6363050662568357,0.6085304444782805,-0.20707622757854374
-0.9824741066502379,2.2595680487153875,1.2430744305853665
-1.7580280299653679,1.6839279623898435,0.9928154222821507
-1.9983680613501564,-0.7744825139195213,-0.5839645196286488
-2.1564467042040643,0.48368469738755154,-0.5126888566652007
-2.03568464414893,-0.9902573598651246,-0.700077336168343
-1.7955526108286373,0.9080278133679218,0.040582570695732484
-0.9662207347585198,1.9767432278934867,1.289161310834641
-2.0912503859771774,-0.3178076037889001,-0.560283452093354
-1.8917145103208395,0.4223650096607187,-0.497788927021066
-1.9986959414582823,-0.8876685049855461,-0.4758848828934973
-0.697136156005719,2.4568730388253273,1.5316148145020085
-1.8099524165803047,0.804971996475736,0.043791600617768156
-2.1487615821237696,0.8408752228165302,0.10653067916349857
-1.4798284742849543,1.007772894090393,0.34776044188958805
-1.5600165346260164,0.5037204096373397,0.19260151623574995
-1.3938692602738016,1.7737352702304523,0.7580193244798664
-1.7947010352329695,0.5948869558447069,-0.32663694781038183
-2.307024548855945,-0.5135126570022125,-0.8389097001933433
-2.061832755733103,-0.49328274696003643,-0.38745189738911207
-1.9316369493654468,0.6937075357821472,-0.17023620662583974
-1.2932353444175022,1.1221329707143615,0.593460863107033
-1.8035279271577167,0.6647927275527451,0.010223947708422604
-1.8351040157071428,0.9465219876177717,0.0008478401883930961
-2.5090683316844578,0.4077804183909722,-0.4271763553191273
-2.1012674057250735,0.2849419722072747,-0.43858549760254695
-1.9644077427805327,0.15979906876610744,-0.5698514395463559
-2.1544177007271723,0.06604922483511841,-0.4617965468926758
-1.9216735239992613,0.41095165595539596,-0.49216340711610385
-1.8786817004301322,-0.7478102006993306,-0.1008471759932989
-2.110650989850623,-0.7553371676024851,-0.8482122459711918
-0.5997718128668984,2.576140446321168,1.6993588775979118
-2.1352277242946975,-0.6493396104783541,-0.4526985776848399
-1.3787904878129018,1.5983032168784832,0.8611463471758679
-1.6443159645069536,0.7960029818594506,-0.03354623886020262
-2.0981379496534913,0.3598873124841363,0.47306348820745714
-0.9056544133586504,1.9771865413606942,1.2226816450915554
-2.0149796482568747,-0.8717508882787968,-0.3468999605161979
-1.9288301307897495,0.4625187150593546,-0.32291312657110127
-1.7730577589881102,0.43210527820263245,0.10682460089620918
-2.3067347347371996,-0.5057840065849691,-0.8750154994532277
-1.7722036927013687,0.6448742535359994,-0.12187942806231043
-1.1763970210268289,1.7741400300066257,0.5026419428941965
-1.7961169292239536,0.8055387983372628,0.16717364722225553
-1.772119591221751,0.32515435577951995,0.07489661355806458
-1.2076956708855666,1.9894457113090391,0.983543973908274
-1.8051351316344586,1.2863282645805623,0.8141142929514888
-1.473419407290985,1.1289625661688636,0.14760115058089765
-1.8727688102974933,1.0535332385032368,0.191676312241355
-1.5666677376200997,1.4592903234815968,0.2919292544717108
-1.8195676831367693,0.8469828273797914,0.005971789977686583
-1.6700063504133533,1.1124922131648662,0.3460940099426004
-2.0347464763825704,-1.097208282288237,-0.7320053235064876
-2.1058334131300476,-0.14561767446799737,-0.7145745094615293
-1.737899912649432,1.1848497425610764,0.10916282129724503
-1.6185520377295688,1.3286736926607243,0.07590485857059592
-1.7835905235151668,-0.0490156121378673,-0.06198123271264434
-1.835078828847973,1.177628065690521,0.8807200061804168
-1.7833465197137714,0.035215823074057816,-0.14241259028298991
-1.9901791887129991,-0.5395859702022819,-0.571177611977702
-1.918706359378742,-0.10337960803160312,-0.47979979999893463
-2.0286855085937345,-0.8275697401839878,-0.5130111658299316
-1.870147047087884,-1.4539057655666583,-0.4741106086277012
-2.2938022184203466,0.7761518206765279,-0.43587032512459734
-2.1563142012993213,-0.5507832459727365,-0.9046262779185014
-1.8574533335644026,-0.5531291592634671,-0.33024473265546567
-1.3009869356467807,1.3170603600998314,0.7343382569445716
-1.7732530832096383,-0.7975897041320512,-0.12422746108424974
-2.381363506076966,0.2993198744090919,-0.28444471233748103
-2.7230064455156,-0.97951214256292,-0.6686272394372692
-1.6768345859378269,-0.49196255865509875,0.0251523467361816
-0.9960697293265575,1.4221786551896365,0.5047771058696287
-0.9317737115586099,1.1407485467414717,0.2191152007880163
-1.028522883095294,0.9335564273139005,-0.14903794120058844
-1.252175122091651,-0.6755322004701699,-0.2261809493342029
-1.625745317743033,-0.7643385065009931,-0.48326105140859293
-1.4949112970022715,0.001068024510535027,-0.5188485846927391
-1.2710806441061915,0.27121707817002705,-0.5872503724685997
-1.1702176539212386,0.3546922218466771,0.16067438491922442
-0.9867698910077382,0.40965243604533075,-0.4553129960385242
-2.2581689675615597,0.5412836058041224,-0.1290687625264088
-1.3148441418518697,-1.1263912142589465,-0.653868889541114
-1.5569417013288158,-1.0292348324653922,-0.46964964616722943
-1.0883951067575197,0.8444820660971197,-0.10006205839741425
-0.8420569174840422,0.995920530726407,-0.08402237362350676
-1.057184855572457,0.05226118529597019,-0.11982841406075234
-1.0705676656834424,-0.38715036171743006,-0.18182768539941715
-1.1228969037395333,-0.01638556741571485,-0.026248621430267516
-0.9914170627047068,0.6376652426749918,0.09126834418641938
-1.1400755844099135,0.34723810405257227,0.14753106937419283
-1.3280389269134731,-0.8948657417899727,-0.5767312881762592
-2.130766788055873,1.0269930703616252,0.3286953920531242
-1.6234882389904273,0.0707825454940639,-0.8662387192446444
-0.9885566232563702,0.04546220182858959,0.16522353150945956
-1.0207887236858635,0.4905144573263317,0.12117951540570768
-1.2720313318207137,0.7954234776601565,-0.058858761079124924
-1.308981567308835,-0.327307525796456,-0.3909643953829094
-1.2030038684282929,0.00801081469068724,-0.30247614912544046
-1.4074671790693918,-0.323112503591344,-0.462411345445881
-0.3846910064996804,2.2625072153163273,1.083267379413195
-1.101426648684204,-0.3912580721217874,-0.08423370928735345
-0.6055980796678557,1.533940938088607,0.541492572109373
-1.323472113101703,2.2807459858961567,1.4950794144462083
-1.2816993646646089,-0.44388250539668284,-0.00497754604760938
-1.1247733454928202,0.053214817680210406,-0.2882353092217315
-0.7434240595972883,1.5400696013931032,0.26193936822824193
-1.2612335720563352,-0.9201650190256507,-0.48101652606090267
-0.4099036490867648,1.9444936346621773,0.582244188569584
-1.2078977744729373,-0.5791113112263822,-0.38713133292570867
-0.9168399686776246,1.15117209146899,0.21818188974555258
-1.0273170519193509,-0.419138012699222,0.1951392990804584
-1.1731138608273128,1.0164262923614198,-0.126682522933242
-1.1739064007121582,-0.7299734766027942,-0.15189964056153693
-1.9767488019449673,1.2920495127972715,0.6243318987174729
-1.531750108549873,0.3117509148461322,-0.400304978608922
-1.1218745754026787,-1.1521196776263112,-0.24245656407788413
-0.47425529871208677,1.8432127672047591,0.8956729205585046
-1.8111409251275108,-1.1241224516050123,-0.6442807103493103
-1.3706613812254618,-0.3633823088074935,-0.18194098151030375
-0.4849155335737956,1.8354562411890947,0.6604130484619337
-1.2406129400365273,0.11991953321645375,-0.37029204420639955
-0.9268568865678917,1.7917476459944084,0.6572423345057092
-1.6471621508645382,-0.7512098478291799,-0.6168965331919153
-1.0865688790932666,-1.1462559079839891,-0.003033395158587289
-1.6976523895171949,1.700606515006106,0.936367032103208
-1.1604218313623271,-0.4134937257822802,-0.1724915654567505
-1.1228283174067826,0.06883530966891765,-0.08847423265019444
-1.1875185074509762,-0.40743125306656663,-0.6797531701893225
-1.2406436058231463,0.6741524340956668,-0.30502479004801286
-1.6512960751002272,-0.5827839688599362,-0.6783179701048382
-0.7370119604417283,1.1120066908417172,0.4182666678108952
-0.4450513967102662,2.2510931274008104,1.1346888097439913
-1.4253855398524464,-0.2707956463939539,-0.40583649169595537
-1.465885217221306,0.09064799651187153,-0.3020940536198933
-1.0333653578089435,-0.17303302249817365,0.2893498202707259
-2.3626616895701193,-0.34866381859166334,-0.2663004802848121
0.04732516459472337,2.4916823754372044,1.4115544326739233
-1.1979550784069042,0.5088318927187587,-0.37308065761079395
-0.7978734424156906,1.3069562578896552,0.21818790878161148
-1.3700898905697032,0.875237594566313,-0.22485557966972258
-1.44147142655256,0.9162932744496197,-0.23620994310175072
-0.8129394844902327,1.778849921451854,0.4923932612433529
-0.992637439082359,1.0786686955639164,0.3572177223011156
-0.8203351549734194,1.6370373557151283,0.41150464256910096
-1.2410935673047538,0.6419122972862371,-0.23593805833422288
-1.6571538656064224,-0.09653594309428205,-0.7591566074089938
-2.364993352394279,0.683651924477246,-0.015361709093872312
-1.1267819109654893,0.827499923293158,0.020323694969155516
-1.2567516964711336,0.3814266792733158,0.0037758454952041536
-1.2711081758735894,0.3140233749486269,0.1518659628504807
-1.1146321309151614,1.4161579343272694,0.364955935540474
-0.8895886867669754,1.489524072383229,0.2929537588696319
-1.1211044447703993,-0.5676255236830825,-0.28268753433412436
-1.1584113554782747,1.0600381639399368,0.048344092869272805
-1.5772148455903507,0.11855736175896402,-0.6190532655833332
-1.618057647195902,-0.26547169322461295,-0.8360659503915092
-0.41483829026856817,1.9595966887048486,0.7055295598778232
-1.9794843115486431,0.807700061092833,0.31869428675928385
-1.4810149612752626,-0.049822857655432394,-0.7876220471690698
-1.1386167386352843,0.9168810337588784,-0.15129531936347643
-1.7543454129854574,0.03657837451741114,-0.8801095721187752
-1.0876322372506295,0.5539282277528784,0.005028576324661572
-1.086294613235048,-0.6823108277829018,-0.3311444238448295
-0.7936428358674312,1.2233739109061559,0.387093927707628
-1.3357578424511927,-0.12792062054606917,-0.6383452025555392
-1.008608516010413,1.2025078386359447,0.38314996779140953
-1.4065520850845172,0.17807736215786144,-0.46458913513576816
-1.0521107920652095,0.8905239214311281,-0.16410697317247722
-2.0536953466349197,0.646882872775394,0.34417064477469617
-0.8326828412177422,0.010524743395295707,-0.05957852334286879
-1.1932591075597576,0.5352696900759101,0.09375933944151814
-1.033228065934266,-0.1871836261227444,0.2837114735406738
-1.465462908510186,-1.180595408946508,-0.5391054870983011
-1.2154668661747263,1.0861823018266168,-0.054841461001259986
-1.389803087350801,-0.23178078046831294,-0.8087103826608434
-1.2877708110767174,-0.1038525282719382,-0.3874864151659443
-0.9348245074447754,1.2466854082981538,0.47862633957246825
-0.856255732002546,0.023302731245350417,-0.5309307686576704
-1.2905169559853644,0.7786617628971854,-0.2635450026874523
-2.521538346599067,-0.013813188757387315,-0.4262090757353596
-1.6968210065276061,1.608079994620508,0.9066241871160333
-1.3888569432039966,-0.5712378573669705,-0.27308272071849304
-0.8131520829052296,-0.2480557323172766,-0.6520210704822865
-1.0983120603427083,-0.2887864658276581,-0.8695399812656258
-0.6967608414142643,-0.2500569352947743,-0.6893143377782213
-0.5356904404840825,0.8499762170272964,0.11536622790141286
-0.17397045545157835,0.9196182330269808,-0.146391248245281
-0.413780010256465,0.8125351952466854,-0.362860617807375
-0.46908373155990946,1.1380855335755087,-0.12337036475238294
-0.8778745873168048,-1.392669332436411,-0.3507228889280239
-0.9659143622769818,0.28099468006293393,-0.6824620852951234
-2.147449571609099,0.5347394939281921,0.16266506569652095
-0.8207486846075593,-0.2719583365643272,-0.7687840552865753
0.10254032604066687,2.202758457424775,0.850234554083627
-0.89519362503691,0.23395344143634242,-0.3283247155177485
-0.6939849506043082,0.6432921776877225,-0.6144087243107785
-0.5486134013501899,0.17166456550906975,-0.7751953675694203
-0.864952528322248,0.41454530902527864,-0.47315399983390105
-0.34805781393235313,1.0611003836505204,-0.19473811603268293
-0.7194488401527172,0.40866820555249195,-0.4152958290273646
-0.7375351431920134,0.24380743185966242,-0.5089637039889333
-0.4780756404702373,0.020429226519348573,-0.33433161834544106
-2.2294150405436666,0.629050535600793,-0.05439878965392823
-1.0031443577817123,-0.45183282313771017,-0.91222597765
-0.0643495150382873,1.9128158812119205,0.7219705012057887
-0.5932873691694707,-0.4614735592147019,-0.9312828289470525
-0.6968064596723862,-0.47095294916793906,-0.5422191518895572
-0.5251196972431611,1.3040763263688293,0.011093501675267979
-0.6255523240000085,0.9645724544517236,0.03480581332719575
-0.8931747133956078,-0.9448975636346705,-0.605383314611081
-0.534808606528241,0.45910123663695224,-0.8331801454677648
-1.109137637779586,0.02872447666876627,-1.1054918125275093
-0.608058213193322,-0.12977294988932286,-0.34903530292848156
-2.2900958049527604,0.69167504676346,-0.016224078221855464
-0.5773519854122481,-0.054409733426505964,-0.7624822858490905
-0.12472793347165995,1.6195451848891333,0.13772088268587349
-1.0618167205927262,-0.024553207241391855,-0.7918702953183614
-1.0098307923624006,0.11409236601611135,-0.6873950647201527
-0.8496072521922813,1.1184723786359103,-0.302959861462349
-0.5577175350297493,0.7338377096670181,-0.288249259402446
-0.9612086486963062,0.5387355233476728,-0.6920900688158776
-0.516432210035456,0.46676998372692624,-0.3830926032072242
-0.8061811792242879,-0.028952360055571637,-0.880095366075913
-0.8484478963763188,0.9955600154766866,-0.3483723287437186
-2.5344813572972322,-0.2294204860411803,-0.507031792278651
-0.5092932888317748,0.3335772281549726,-0.4024348444420146
-1.0462703172349586,0.4020937335059951,-0.5938930058508293
-0.7835161440932479,0.8305960704431151,-0.24464261357121855
-1.27529255157178,-0.21308422546011435,-0.8110323309920756
-0.465537274454217,1.3649117751912745,0.011424848766400531
-0.6847432667635239,-0.33298167864810746,-0.8495652818365673
-0.3072452794169244,0.6821099069300557,-0.16674928113097248
-1.0357502082412693,0.04883240498560749,-0.9519223531839622
-0.8850037490014954,-0.25129931941740763,-0.44876092792392164
-1.1388980804782378,-0.4064971233770962,-0.8483824354223146
-1.538338616235162,2.0204049429149795,1.292914177543545
-0.5245018627589183,1.475428041591474,0.1208185105776525
-0.5506929496915816,0.7654255074070475,-0.11498958663688455
-0.27052130992802836,1.4228461491622943,0.2413821021662347
-0.6108390463153219,-1.7855002278810275,-0.3362005920390835
-0.775784737101233,0.1125301638630269,-0.4837845102385467
-0.5328940990424296,0.1865746366227649,-0.8633985125439422
-0.10270595214886595,2.1540540186485697,0.8052238226882301
-0.8330333039843764,-0.024783450760376604,-0.6855791968159439
-0.5557393921529766,-0.40827957163560846,-0.8308333147580754
-0.7749655725446993,-1.4912172206275225,-0.6047153252317679
-2.1774008873186745,0.41315193169923126,0.2383849741667332
-0.9567562832109154,-1.1446941026573991,-0.6193410356504466
-1.079979241706299,-0.26701195938067995,-0.8273997944531415
-0.36410450165035324,-0.03881902702259221,-0.03468137163132306
-0.6775127701042682,-0.28159926239074823,-0.7111659904349288
-0.4603811510531717,0.7548553237118752,-0.1497209109969359
-0.4877392177405918,0.43092774483515156,-0.22230763777004509
-0.6604253245132767,-0.5128365815394699,-0.2552286688337019
-0.24552503130808756,1.672945995439837,0.19969138941608666
-0.3918600892217431,1.7508393573211285,0.18477749423114728
-1.044602087028112,-0.7448515760573193,-0.5674282367114817
-2.4097816828268566,-0.05206867854739972,-0.22548133513237192
-1.0932273366289935,-0.4648469788168223,-0.8868918978400355
-0.9795208720766355,-0.2550744293968432,-0.7721196320726139
-0.8220017490992946,-1.0733713458322423,-0.6509508970990349
-0.4219460269960041,-0.04305510065607461,-0.948388340123312
-0.39461835035283105,1.4888598875598362,0.23420458734575766
-0.6587450878007987,0.17960316463565357,-0.34879881983906674
-0.8964110770105971,-1.2410957893280916,-0.599728352960984
-0.34547713768356403,1.018120186337882,0.08837406427684685
-0.9519156625393725,-0.602838824822985,-0.4228020210595157
-0.43073745795497304,0.514233128993142,-0.4918870403540199
-2.6759198343188766,-0.2397539187716959,-0.4617207118229618
-0.21625471393124146,0.4349109581482701,-0.4084614356253083
-0.4045207862680479,1.079686164822972,0.08048062614307255
-0.6801642795722455,-0.5067274792468233,-0.6969276162573446
-0.9173528253843292,-0.39921122957253413,-0.9175814403007295
-0.3463037552680629,1.7042816715685447,0.1509666540884697
-0.7145547787025022,-0.04771728575210845,-0.518109747321983
-0.4953307724473684,0.09120612407440738,-0.6689652284449432
-0.41171318926699624,1.3585353897590602,0.011805781770996717
-0.5414183185270225,0.5890292736065551,-0.04953782102066929
-0.7691746518694612,-0.060095559467472776,-0.6671959304498438
-1.9619523972977837,1.388409578069185,0.5828319271845827
-0.9132878259070111,0.22112598142469247,-0.8054038617968889
-0.720142858417577,0.37423768143950825,-0.3185834622809189
-0.7506818613967374,1.3798825801210148,0.042789423032335364
-1.0351171909267582,0.06220507029560994,-1.0285268805378216
-0.7554308248842013,0.1550075979146963,-0.6720692923695457
-0.6655888432445094,-0.4670304713619789,-0.3918240791430546
-0.5215883334365014,1.0768264352063253,-0.22194684344388785
-0.32183357673122226,1.7214818307276414,0.31570963268543534
-0.7137594764379197,1.4641952398980196,-0.09598689810122285
-1.0182150945144346,-0.909586658725247,-0.6086221306029796
-2.492090407939046,0.11863939614081372,-0.4548521849265359
-2.6294025896970954,-0.18026321012534602,-0.6670142854202284
-0.3471576459280537,0.7461408106931622,-0.08868511272344795
-0.31803608746604367,-1.172001784409447,-0.5887317448675662
0.6374714762733583,1.9187952985942471,0.4079100353324165
-0.038966051586141276,1.3996229201928314,-0.22560776651424508
-0.27823887058944874,0.12702267658419947,-0.8700977204285484
0.22763026242303386,-0.2062021141227097,-0.46032794662923826
0.2595820391372066,0.31298729008989146,-0.7823062823439315
0.15132621708627608,1.505529767754295,-0.03009034228275336
0.20451487214311564,-0.02523505426174883,-1.089089702705649
0.23684829841594102,1.7966726914060924,0.27714381072089406
-2.3830415222937313,0.47910845047954204,-0.2199320625149853
-0.4940310072682189,0.7694010392501971,-0.642672293840479
0.5692805782468021,1.6250569060486588,0.0968578104352169
0.04009600280845552,0.998921327844161,-0.4107014170882302
0.03725863739845962,1.2913671360852883,-0.29417558466715393
-0.07236976549140826,0.5068618796811529,-0.6679595028339151
-0.480208131602761,-0.3278532380264287,-1.2182721814686812
0.28406992430904926,0.6468425772501954,-0.6323737738695591
-0.07924929979203345,-0.13490792680742913,-1.1474595016145288
-0.6802213040859387,-1.248383008953667,-0.27266272311056977
0.08677158249032282,0.03154439719711261,-0.19655552944745627
-1.9469499886112633,1.360992428018779,0.5988815887287267
-0.15729698821419022,0.2672061145302264,-1.0722343601571112
-0.23754853824611005,0.4071314296175909,-0.5698118605528506
-0.49128936824166675,-1.829160467666021,-0.671449519850149
-0.1630706306247888,0.6703318811866193,-0.6898607312280393
-0.14237796272594624,-0.36742792216424625,-0.6346596510513238
0.6027021544454224,1.4715463207778612,-0.19622916844294078
-0.057380071581709984,1.3218651985701837,-0.032059578968400185
-0.06053778469928608,1.6473290819353095,0.09762239582279758
-0.21870168553661634,-0.436962992451198,-0.44100657944450516
-0.014648480979452197,0.8689046859589398,-0.6616048634523294
-1.8503482359014456,1.2975094412717196,0.8338292662690363
-0.41949965758802243,0.9484758073863699,-0.7143083708120688
0.5065738256845724,2.395249754591067,1.079638852330404
-0.16213239663110923,0.46082964887804234,-0.6557815653940721
-0.23580987511007814,0.6113052923806138,-0.9096940965033345
-0.1356668891009453,0.9422419326771209,-0.6103865874119011
-0.2802066545658357,0.22729668531758151,-0.7232742641256898
0.1778787952091929,0.4333988456456501,-0.3576454963712784
-0.3790829900318713,-1.0306218062937393,-0.5619243034241994
-0.17141437979301782,-0.1794277379056672,-0.8781933287857056
0.3320568405845051,1.281397645101233,0.04131145298898534
-2.7537282690963236,-0.7926678368209195,-0.7086859163994821
-0.2627942315038268,0.29329552680959325,-1.0262327557495008
0.3872382982649845,1.7924201775595663,0.22458337536585762
-0.3162979958838282,0.9670302032742724,-0.5207744634519268
-0.4801117098324578,0.9014737068512872,-0.61294567957291
0.09702688039890889,0.04593101018851674,-0.8799573362699137
-0.3290623081616506,-1.3368708562086384,-0.683542434656985
-0.16004275948041466,0.44766687713617576,-0.8934602723839575
0.015379178636308251,0.8732427378519773,-0.6700495567223176
-0.33463305991744635,-0.2795131191675196,-0.9903628160555383
0.14619327009083807,1.8426193841626912,0.3259710019060757
-2.2432809356569443,0.474382970498126,-0.07531690212116551
0.031149925263672603,0.03979166752653185,-0.4422395431832083
-0.40286167292858727,-1.22223079475485,-0.8796032916652767
-0.3538226756961068,0.06271600512691475,-0.7375983232107611
-0.5142932785729225,-0.11620319955875262,-0.8913324780780605
0.05189491455097746,1.3324503219993762,-0.2828924777945048
-0.554983237016983,-0.7899819255882756,-0.9165544452667229
-0.29847038975516194,-1.1377476103880242,-0.8779846423083972
-0.13545820087445337,1.621154131609431,0.11262592004021163
-0.1409420946749644,0.1675279129566692,-0.9303801646981495
-0.3624388784197793,-0.19960956848087416,-1.0502402857741309
-2.2883438961980005,-0.16125050835755356,-0.3203648419200393
-0.1245463730839983,-0.009109472130721176,-1.1925062635731323
-0.3089986445468226,0.2146897772345984,-0.8205465645996954
-0.06379728565385297,1.2857364998877898,-0.48025728387328903
-0.42805676135608256,-0.019981836901903718,-0.7816239585938282
-0.2210891689377883,0.010784524461916375,-0.4727760625437534
-0.4008361521116394,0.5744746203130516,-0.8684167680209472
-0.23770621263057803,-0.45355839649834184,-1.4058577051100614
0.009519175693986257,1.0511856904494064,-0.3797033368980337
-0.46683779333473,-0.276469854209526,-1.055946170524148
-0.40667574893102654,-0.18992197356404836,-1.1344271372699954
-2.581847719628038,-0.7062609527745853,-0.6068753195080314
-0.1103141676229547,-0.19983077968330223,-0.9886022828696975
-0.5938380774410486,-0.0815354989197915,-0.6433285699240422
-0.6924760828443346,-0.42183341274344965,-0.8737018588993348
-0.5510887077631698,0.3287085177984387,-0.6696782271001052
0.06004311540458645,0.9186639756591026,-0.6672111431196567
-0.25470958405174515,0.8176912332526415,-0.6006253884774846
-0.45066829774974204,-0.5882492308855262,-0.9822110111100676
-0.11602690180145213,0.3679246796157224,-0.718746507774169
0.08413990985125896,0.6822041465776018,-0.332713683858273
0.7111946458605013,1.8764092280908293,0.5873352490423385
-2.5534423086338864,0.1444749492530685,-0.320904831203026
-0.10416138159725491,-0.008326300116354414,-0.365760668938705
0.22028484248213073,1.022591205264957,-0.462309301163168
0.5294727135862638,2.010754424477739,0.701904671602858
0.26671069164209993,0.8864130298900925,-0.5318296705961754
0.3335973168592225,1.3145821568691023,-0.16721315176348106
-0.245038307223113,-0.09654251129022533,-1.072657786192782
-0.36445411944799133,-1.3305901753520564,-0.33030411115950714
-0.12716230237702078,0.06855241116054642,-0.9398146094352581
-0.4413886067535989,-0.44161890097452755,-0.6880541917889029
-0.009993179299000208,1.0866327978233243,-0.14104837551177213
-1.946987988373324,1.1529837774845335,0.736862579376106
-0.10487599932448051,0.28286643520687893,-0.2518781839072005
-0.5960166665923751,-1.239816789331169,-1.0707301319730664
-0.11263224044632215,-0.7578812659028439,-0.35868484293147485
-0.2694602710998274,0.7884002170256956,-0.6072098730750902
-0.20123606848310238,-0.25626735017829266,-0.8452025790247392
-0.029874135059434266,0.2403439976360898,-0.4559761180981174
-0.06933135986819651,0.740844068625133,0.015814671246353367
0.031868896096968545,0.7232927748343613,-0.7348841307053714
-0.29488111691690966,0.2653485165485478,-0.7813964092328736
-0.0797171699261187,0.9509094790854417,-0.3891390619233902
-2.695602893024698,-0.229585930042103,-0.8751500048970487
-2.0726715482091613,1.0155138433688975,0.5353245656984676
-0.2864356026576694,0.05677054175827231,-1.3297479447689966
0.6044522042465165,0.5695888320520269,-0.6961039639022456
0.8056996777847364,-0.25662315512887623,-0.8527620960592533
0.9977055503947494,-0.08055864554725864,-0.581639120529145
1.0888838631926523,1.3701444687281163,-6.195383852604207e-05
0.34746662611041873,0.713135587174485,-0.5524351502991821
1.0718733443041866,-0.046121941580228566,-0.5612514726976636
0.8639876733828278,1.4413062748519934,-0.07704707576684691
0.41253028197328434,0.5754672619493492,-0.806971926871852
0.5000761779334106,0.48011498139739994,-0.6961488577900604
-2.2093507258981644,0.7504941643898333,0.23335650721649345
0.31552695411523163,-0.0023502096033540475,-1.3648761778936918
1.239527915402292,1.4754852350468195,-0.19059339950927295
1.0449658815033773,-1.3325570895365266,-0.06265554541507522
0.5682211777008137,1.0688503237251565,-0.30535990201429036
0.9921169958540587,1.9102569693011686,0.42730570814458824
1.244478063619002,2.1075778160623146,0.6010952757638929
1.5415539994951775,2.1109864829470526,0.6800575011510188
0.19188271384162006,-0.1023258062952303,-0.8582108579913776
0.21530500727157467,0.7400588506931967,-0.6965993934460989
0.6076757465070575,0.607202250160235,-0.8604528464442622
-2.0851340572141526,0.7811448263647464,0.41496548964836044
0.4202415299865912,0.6435071486982326,-0.2351711386494367
1.4573717544646434,1.8596489746970202,0.4310949371829514
1.2492147368950055,0.2959075540711235,-0.4717974481922159
0.6206444559787095,0.4502985102209807,-0.7487221199701868
0.7594700092777906,-0.618258493640214,-0.44372812001866574
0.9628596827998055,0.6842178520355239,-0.5908693876107599
0.6031250494579701,0.7063780004228767,-0.6415999455117423
1.063692085234069,0.624685944662935,-0.03399543288637354
0.868889118093691,1.2076735191961887,-0.5334161917599348
0.4845095435698226,0.26147128257749697,-0.4931974283667242
-2.2423656763606257,0.41081100596662756,-0.13270802627314637
0.10261578165082448,-0.07981424420958207,-0.9434019624441867
0.5291634251561689,0.2917858064198654,-0.4394200773359095
0.539139501845361,-0.2308027335363761,-1.0086217154161015
1.05013134057264,0.34969479182715285,-0.010237005337895965
0.6548260957229386,1.4403464378933928,-0.18785586466293552
0.20075780810417362,0.7078328403806499,-0.6830180865863359
0.4032355888109991,0.8525526752529133,-0.19306112431212574
0.9546784743474717,0.11359234924355571,-0.9947888321064715
0.3265509150924446,-0.03141156298437131,-0.8401498440399235
0.7818266598302888,0.7295191189483252,-0.5331150102529477
-2.08583581318425,0.9184192967066794,0.40197917592628885
0.7272631480404965,-0.05028374959150515,-0.6097451865708302
0.30881783305445165,0.41759882710929735,-0.8342688299549185
0.6824588708075476,0.6475278041106841,-0.8698180239316243
1.2174045298991565,1.9345378397179498,0.3606814730271465
0.38808842089250273,-0.24823246377550542,-0.911227575197782
0.8924547740833069,-0.009038971384314348,-0.6314907546099047
0.36518915364880034,0.8059827948213519,-0.6998625792384976
0.9620109307778947,0.2770142696443097,-0.19744050536243082
0.503348300946551,0.14285892834513222,-0.8305294548563016
0.4057605946983945,-0.8618725465118054,-0.8045907354492439
-1.5869178625363216,1.883919225624757,1.1042610247681897
0.877498149223209,-0.01710408217440421,-0.6296177191124323
0.5002214459316773,-0.07492533226975905,-0.35446277263199155
0.7576415631207637,0.07513699041867475,-0.73380995634819
0.767516031404718,0.4814935128294844,-0.40603083684033175
0.8022390876969545,1.6071542824356233,0.009381920443771768
0.6960302626868358,0.2370895253662806,-0.6596200221848346
1.0439178697375693,-0.2494188027783722,-0.6071849133569449
1.130570792085903,1.5866260649239985,0.25257468022587853
0.9446538169056798,1.0110503603602732,-0.45555547950205505
0.5995325787372494,1.0766521285991426,-0.4940632060753795
-2.3036108253923557,0.4734978119840996,-0.03394939148666252
1.5469055658132156,1.9292655448744152,0.42831424429319515
0.48647734741440546,0.1304318808784758,-0.6202187387179491
0.27076141556444755,0.8709184839680251,-0.46413311859109097
0.19417904019933216,-1.1149269228172314,-0.4530424193082667
0.46062199206154897,-0.5466320590012804,-0.626900208570545
0.9293159361059005,0.8713736320515502,-0.3280084478009176
0.5985311443416286,9.49192633201969e-05,-1.0972698225189943
1.658939331853433,2.273456275596245,0.8857399795277139
0.6941768753605492,0.3460816263896131,-0.5306966187914419
0.7051442319224503,1.0387705466326336,-0.5447634327580335
-1.9623795231594021,1.425596924242152,0.6047739272228857
0.8392228689630276,0.8945284173504133,-0.28473900714885503
0.9015763774245201,1.9444114923706255,0.4714342770547264
1.297292686132171,1.5844686790987974,0.014123700762233656
0.5128669698491057,-0.6914905174616656,-1.1499115677339276
0.4881682434102073,-0.1488628910025316,-0.58192645302961
1.0040050849226774,2.0988161742297287,0.678989790928894
0.68430458783999,1.5012869042847128,-0.17374717101271545
0.3904079868568556,-1.8169690876164415,-0.15056023384027414
0.3800572991824404,0.09439945347641134,-0.43510394642774997
0.7472659184188453,1.2104418980173752,-0.309981563338794
-2.5049190418553064,-0.05748441588738959,-0.573377100330927
0.7136848555329817,-0.5481164685133458,-0.4005200353259014
0.5388425129535974,-0.9385125235251496,-0.5211537946617814
0.8873345581405154,0.2735399685990778,-0.22326404681209502
0.6660484200111572,0.14599355769001482,-0.6002490552871741
0.7706531998880717,0.3144343788558218,-0.6756085591215583
0.4336367865293991,1.1294419461538614,-0.4170763483026624
0.661198763801554,-2.2986421619123494,0.05042980900820171
0.8133651828880125,0.05116303102807604,-0.143984289739202
0.49717016658607616,0.7796360914508125,-0.5768038520039581
0.8976666503971903,-0.5061542668883491,-0.9114620538835244
-2.053649595922158,0.6626762668776301,0.32908976523025635
1.0139634470174848,1.343969518402238,0.014941570378888033
0.5635074900035624,1.5546877148354168,-0.11177666428250224
0.2091430318916761,-0.7042794711234578,-0.7148568321010497
0.4795346474230797,-0.9866286556425499,-0.559164696481863
0.7319006176634716,-0.6137191191482236,-0.7451900484758291
0.5471504602137778,0.10619566131962191,-0.6822828314947935
0.27134892602320687,-0.4045396080283351,-1.1501160832724022
0.8901918551006115,0.28819612497821806,-0.619887067654182
0.5102431475017234,-0.3868729893413825,-1.0641588812836364
0.3672027678107329,0.5984406083276487,-0.7825583312792612
-1.943746332721698,0.7539231400880432,0.6455394785922144
-2.4641069821695685,0.5045830629198995,-0.4893600821692691
1.0525155447722723,1.883556564025817,0.39632045477948163
1.33901139578076,0.5950147750918711,-0.4234254699085414
2.0209017482900324,1.7600597486364817,0.11337533226910622
1.3668532970151128,-0.88663929727809,-0.2841340082987286
1.5944361044035358,-0.24439371620442685,-0.9951035401696422
1.2120390527145724,0.18546659345453892,-0.44373619223561667
1.7648265543848023,0.9530339023428278,-0.27245535192680514
1.490870737226674,1.2960577331688994,-0.04421775078550532
1.3517562527312712,0.5883570664377784,-0.17824154558117603
1.7469995133438723,0.7932720164327104,-0.3419244917144587
-1.605029285815497,1.103160050020082,1.0311478585724612
1.625361056138345,0.5242006560478754,-0.5482869675863415
1.1322676834584042,0.6182591139093052,-0.2031082222875175
1.4934594092063185,-0.2547638148480671,-0.3676005704013164
1.4143714644927186,1.4326147245255834,0.0356267608275075
1.8439801366958508,0.5428985742444437,-0.4613079003208249
1.7328496342794129,-0.6402894287454917,-0.0753795057134867
1.5051000413872604,1.215244714049615,-0.3880736092967603
1.8090050746580633,0.19174700891697605,-0.7417932443675899
1.4700285411024683,2.058458160205004,0.5712184752232579
1.0879274934787841,-1.34955144043361,-0.046854530744668874
-2.366513599766319,0.21925807735123237,-0.21812545231187125
1.584482435790984,1.8021083064030052,0.2776411229318212
1.7326271211395667,-2.955140874850135,0.9613153805113169
1.800241276657834,1.0950272069520708,-0.3818787780992656
1.652213015591063,1.7125962691624408,0.06580055798850466
1.14931184227585,0.0019725097730151457,-0.5935989706281969
1.887167576962436,-0.847722192409154,-0.41907337375016696
1.024317146979116,0.08148623752872715,-0.574869482061451
1.2265122668825852,1.3427849722243421,-0.08986818226827484
1.1854816698596065,0.06613749444711958,-0.7340333038159433
1.8310926798232046,2.035044896923743,0.4398109734231219
-2.118680513562794,0.8123632462194439,0.11349520301105329
1.9916471810304623,0.8192996989519029,-0.4020411255298285
1.7810373031128248,-0.8144951834626967,-0.30966867262311937
1.4335105965968253,0.1528511808472934,-0.630126369535181
1.3706636759135342,0.43190401742748874,-0.4985905994841458
1.4785913039227818,1.0120558516996812,-0.15229247652404845
1.3078931984774071,0.43988037884356446,-0.2007688844747183
1.5196963516354565,0.0411551931230006,-0.15655733089182491
1.4310471269169962,0.1640711347148239,-0.3727324407052478
1.4568236675407908,0.40170935910828215,-0.552039529648837
1.2124511402660276,-0.18514940905265895,-0.24942834227501393
-2.333379144873617,0.4253389571526291,-0.025153716511420728
1.2253681679269415,1.4607066690957644,-0.04288195951784092
2.0060824153046113,1.7378440342218213,0.10961002103652656
1.2370608592536185,0.2555469270698289,-0.5230811560272761
2.057936188447978,1.8989522595953896,0.3092854753650899
1.6709402720711382,0.47528453635786294,-0.5830375321840278
1.5106603546132347,1.6627285270805616,0.2475378733088187
1.4704175347473871,2.0183647832687206,0.5552431594881103
1.3385128871739236,1.503135565634271,0.08915898770027739
1.214227938645046,0.20254784683614988,-0.6898534276054457
1.1492787782595493,-0.4216598116110464,-0.7946684089688214
-1.5872306116160368,1.9605900570533137,1.0885008259453925
1.2265610391807011,0.0537495912619334,-0.3089415873781222
1.124054021304461,-0.7137392310738809,-0.07329678674364824
1.6299979084185383,1.5959194726181938,-0.12634427387489944
1.6678849984834412,-0.9210870982828546,-0.3995918480138969
1.6585513238053282,1.0593100684947616,-0.19450311604889953
1.7048199014876855,-0.18059548658891275,-0.5802508155720557
2.0194552809738218,2.0729891026015586,0.5446319785087133
1.455895675188887,0.9449061678414316,-0.3247030948322703
1.1825605870884486,0.08350560310903321,-0.4314420246169917
1.7902300749077589,-0.5632063135704648,-0.8925901955244548
-2.2099914809179126,0.9088264935347476,0.2002623541018357
1.5520979400250512,1.020105690239039,-0.4810870901049847
1.6968949394048074,0.8994238291131639,-0.4242112724624709
1.9099308170587725,1.4935796280422726,-0.10793943817483664
1.4110437876540587,0.06211715761475924,-0.8119342323934894
1.495546465973978,-0.4696472232443967,-0.9307809464565457
1.2596927446822748,0.16542389683327982,-0.7199053699280884
1.3643816922661274,-0.08840648964285697,-0.5324816789699854
1.7640256774173992,2.056162349978882,0.6243995291711866
1.17671297692573,0.1131824485632397,-0.8660293571462471
2.1039043980256897,1.8099427629690934,0.25855959503225595
-1.5869712383678773,1.8654935991721484,1.1218553842367025
1.490029006631598,1.2189717729466674,-0.38150195152424454
1.4263293919957938,-1.518983484627834,0.1738318380309478
1.1305568088830154,0.3854074325960473,-0.4357316755992837
1.4625085671525064,0.26331875992461073,-0.5962834623297787
1.2932997829069364,1.5143167423254282,0.10887396101782483
1.3524305430570125,-0.884785370347383,-0.34599240709379636
1.9387359342158044,0.9310274506071275,-0.18643524935393221
1.5528150654419117,0.7035033268040157,-0.3543148605212579
1.6727250664419417,0.2913266892384443,-0.6563360396747047
1.49954062258309,-0.28778065778980644,-0.43327736370600994
-1.7430027459224675,1.6644075093905553,1.0013246440540744
1.148223304844179,0.8070645667814708,-0.4286356827632126
1.6302130556110004,-1.5550775109231056,0.26900160680234525
1.8495322681405586,1.5202800333176245,-0.07695418480973
1.4815201972492291,0.7101763077088402,-0.2725772067651594
1.2318666499949966,0.790911430866086,-0.30976370474030585
1.7215031018595206,-0.30286201236068405,-0.20636755566273063
1.4392334625039558,-0.05515623750469333,-0.5446660298223734
1.6163128845214672,-0.2566884265058375,-1.1609168470551685
1.1427496169025562,0.5144950339078949,-0.695952057614766
1.3125891055096055,-0.515600523892744,-0.5674449438092213
-1.7749754532356057,1.983597914041493,1.010437332193266
1.6804261036673385,0.09112695682962654,-0.31106781863557487
1.5373374554112222,0.298927446000203,-0.6075280887271581
1.3864289673524075,0.09342276705574865,-0.36424887258350364
1.3713043713286945,0.3658678671794924,-0.5249028842243888
1.2168262945282726,0.5282788824738752,-0.1350266530993805
1.623530490110862,1.7334586308682094,0.390855513987041
1.3523007703374168,-0.7039204385556964,-0.448478985363197
1.4619234332613185,1.0165252703096406,-0.45199411247498544
1.1576555751723285,0.6916250284799258,-0.3238916386281608
1.468536325224938,0.33493786239282003,-0.7235744799724938
-2.056471750830958,1.0219173257507812,0.4009843458999189
-2.02201528204351,1.2848050630358196,0.6616412315035334
1.3071940468605487,-0.08160067360072176,-0.8335927887465037
2.3268750818931294,-0.8293395826023283,-0.06386554855972768
2.8606856566756114,1.903406454470834,0.21906563711476207
1.911676165679158,0.32055003236255536,-0.3525461510129116
1.9030854283439207,0.43820402383427004,-0.43520233404273817
2.7243500039227357,0.6414928730212703,-0.23854907682139295
2.5619550399297717,0.9328936927313729,-0.19544154678402806
2.634780309194466,1.9428033003646208,0.31106243251743815
2.0572738367257006,0.042451476374622224,-0.6437570289292155
2.577346422393014,0.8961485587103223,-0.21516934692666534
-2.567239577678022,0.013497475303755254,-0.364444262986923
2.1771785373767263,0.08102958938362806,-0.66907828191409
2.362494876511577,2.1136614537584153,0.4707001484431043
2.2143929441221197,1.662059025856379,0.07516315767948178
2.216887079845423,1.4049897266766787,-0.027266807916464342
2.643282410256542,0.29870714057728653,-0.4735679184038723
2.146052542763548,0.18989636648715585,-0.6155268148036853
2.4023060280197344,0.3418310453681259,-0.3749994652286804
2.2479345638050523,0.7564510643272014,-0.15892697470213366
2.3791985908122713,0.17199313142993256,-0.5694236843310226
2.203438704164101,0.2664375197894992,0.10637310390894232
-2.2581689675615597,0.5412836058041224,-0.1290687625264088
1.7873223659123243,-0.027250631849284123,-0.5799712074144343
2.2886856821450294,1.2051645054345905,0.004604320707011326
1.9163259047705532,0.6231516799314932,-0.3665960354145597
2.4113290938786442,-0.2361506783158185,0.1419725875624429
2.054583758358293,1.0875054160551312,-0.09781668958010982
2.4467738916922075,0.955225375670342,-0.2827756584906506
2.1487068523406405,-0.08368197025454376,-0.7245348515846921
2.176858189669146,0.1140476645076263,-0.6559221395439686
2.4163243612845045,0.22658039958706427,-0.6924687786885876
2.119243183174684,1.6235115832907188,0.2272484690060739
-2.3342181529819994,0.5152332451878542,0.007102608399827178
2.0958153982596404,1.4866917444765233,0.045980392273853025
2.1757013343540015,1.2210980783861471,0.18118164193734665
2.377207858629452,0.3771768839862074,-0.4876676567452676
2.099453104008964,-2.5033521691040868,1.293996728530035
2.2568226364170556,0.3881258836631991,-0.44261219020521064
2.581281992348727,0.27048637346691184,-0.730926933805949
2.3859078384755255,0.4823472726360283,-0.3139237890656611
1.8863442541541027,0.23465691358738086,-0.11580432431777381
2.2061765079324074,0.1914971684609455,-0.6352353747086876
2.2366797453082654,0.42581122156951007,0.08689915188129697
-2.7839087092427,-0.4189350342024602,-0.9272016679708989
2.3577565011470205,0.28461763787385824,-0.3825365011063847
2.384865262604245,1.3575939688216891,0.1643563895228198
2.4524028585539734,0.37505062706294445,-0.5139478744227858
2.3431888699318417,0.23645915014748486,-0.39663878134405983
1.8384994772480516,0.8964978396590273,-0.2322475054110433
1.9737908630308372,0.11696708178007013,-0.4540107385036691
1.957397370818111,1.0388470459148846,-0.21622088237553602
2.1170475762486123,-0.8974408888524456,-0.01978828694994923
2.1176823808118255,0.7825098061632229,-0.23968942863624057
2.08650857008244,-0.36027933902220094,-0.30499051097183494
-2.00440133356684,-0.23269307592369684,0.4451027124988238
2.0090503063837257,1.1317046678702867,-0.06494557389244102
1.9821017187802912,0.042219299360456854,-0.6184165357067058
2.342100399650634,0.8964111662022849,-0.2706041344633526
2.2419440508825326,-2.362502270530701,1.3163191816985564
2.1843095253802223,0.8956791067742462,-0.34956555379859405
1.7970847815138007,0.5161789827370628,-0.3685267916249367
2.172190510971204,0.2157283411668109,-0.21999188398538297
2.2531615197589967,0.7654753136517504,-0.292256277403822
2.126229999362338,0.1945636292694687,-0.0991716150872992
2.041432717953738,-0.30171798002433564,-0.3305181762876068
-2.5063680594671793,-0.17816871588197744,-0.34004238149381527
1.965863703089873,0.16622648906635992,-0.5639189307287474
2.455588150982145,0.8285920466273029,-0.46785539370387835
2.445286563049871,1.1085235816031909,-0.2216935689150865
2.336334271365892,1.710748066439971,0.32033140881662575
2.0974072720813313,0.7748541817982978,-0.10072819261704517
2.4294505582672734,0.6433317733771475,-0.26503887716757496
2.297053989248924,-1.8291409838441328,0.5631895797502476
2.214736173808813,1.6266825167949523,0.0610672908543516
2.3283473523571065,-1.285301051903769,0.07150006591197999
2.5857769858744617,0.7950036048006068,-0.12593509271177764
-2.36307120654421,0.39324729483633886,-0.034892125459700614
2.2249234822972235,1.5785546995119242,0.17372906895839382
1.9629120582360136,0.6904760150003472,-0.08856949541483701
2.839563914717941,1.983012885790761,0.3927966779692782
2.465572689867142,-0.7713402530997269,-0.5104486782479078
2.1900628973054643,1.0704709235436587,-0.1503835383476912
2.1024799450334335,-0.9455993765788189,-0.03389056718762434
2.184121772215837,0.13318284140676148,-0.5187619381236385
1.973439443864425,1.7028244967097899,0.172791886399665
2.795632070829573,1.6421102139802075,0.005762101188548728
1.876078435012143,-0.25688715437554016,-0.30657480209708066
-2.6467695203328905,0.1694814510381891,-0.6365645707120945
1.9583684091087625,1.7065515556068422,0.1793635441721808
2.2952397928875206,1.07739958638829,-0.1832290003851803
2.4855471646605665,0.8400054003326256,-0.47348091360884054
2.176319017338348,0.9374088140698612,-0.19831589896567886
1.9052900943305413,-0.35986073716708844,-0.15828930388381676
2.0350865064659356,0.7796514898119213,-0.34493106564900033
2.5587973268121953,1.2583575760964985,-0.06575957199283022
2.0117046159608187,0.858126331128587,-0.17395361067344775
2.1561353060726045,0.7003079059495045,-0.4172385413843089
2.1148678973809423,1.0725971804669214,-0.124103320670173
-2.2573679658379695,0.25363579822319804,-0.02994481210748837
2.4027783601013857,1.8427848385504217,0.21797307929434134
2.208724350623865,-0.559903053693468,-0.4252239339125861
2.229463978877782,1.6583319669593266,0.06859149990696604
2.556966768483166,1.447032291090774,0.009418384407864069
2.055665850597261,-1.9281576259734172,0.797485948825398
1.9950234237095588,-2.180536144692373,1.0343161507878624
2.1885755686631274,1.2237691294765074,-0.08930144877212709
2.4669980690797484,1.2022144177188019,-0.32407113867500537
2.0277595758183344,0.7529866129221116,-0.22093342001133676
2.5451630289574605,0.1121280120629286,-0.6492297154687658
-2.1494784624995464,0.7780377396753355,0.22398491631658646
-2.6758437089628475,-0.01858410648558697,-0.6122691020907078
2.1521639673265773,2.0974456941317245,0.5354513480630738
2.747250351789125,0.33711550452132694,-0.22503187349283774
2.8402544412351434,0.217599146442928,-0.42349803395771285
3.2314087306366877,-2.087822678565262,0.9017028779520992
2.906853599740936,0.9328950197594306,-0.04359450613816812
3.1053549324765903,0.7872892494016649,-0.2880622710106537
3.2096851948314704,0.8814799679311487,-0.2861379282128216
3.066426182985923,1.7003819991682925,0.08593523525771077
3.183936465309817,0.43611476973899194,-0.4534217080294565
3.5471057461089375,0.19572558421431377,-0.6712838596903912
-2.0382733113736666,0.38479865541926606,0.4662053772316235
3.02197637350938,0.08325395005601816,-0.5380674565182322
3.3308484043337043,0.7903442143815899,-0.36314402622317365
2.706651624575227,0.04124205608526794,-0.44798859050084316
3.0495405621086618,0.17295383695799785,-0.3921745582334836
2.8604199678532565,1.2384222253676254,-0.02692148711896026
3.3052823238929445,1.7072434203249687,0.12760850681212546
2.928208989272918,1.831079533937849,0.3041163690401332
3.089414382514639,0.8806367979209981,-0.24578108394780812
3.2377678862226373,1.0862849045056038,-0.21470604280707198
3.0648326339277414,0.31499146891999075,-0.4609908109698856
-1.5705654369503388,1.748119866231712,1.0450647975151877
2.9001434317405828,-2.0364870240166786,1.034062931032334
2.824885940751013,0.25198584652654993,-0.40470995827008427
3.0519361223110537,-1.0436522359673133,0.1889864237872502
3.2247562295871326,0.8777529090340963,-0.29270958598533736
3.034988030144884,0.2917859455275257,-0.4600639133399669
2.90346747358424,-0.09918863313612261,-0.5700693952888869
3.172571904418431,1.4389074064075993,0.06646869652365661
3.01376174300786,0.9299317335928299,-0.20070637717011627
2.8048266345487445,0.7698515037830034,-0.19327836930567638
2.6753425741291457,0.16897630468822344,-0.3869193277503689
-2.0719317924770038,1.08624802356121,0.41032988877315973
2.7382581407497755,-0.11715183370425718,-0.5212742711664302
2.827219902620526,0.011425584908848716,-0.5005618526809694
2.718198834547507,0.40071382355219604,-0.30984268220202227
2.5702350596076795,-0.9833471996973474,0.3757863611325386
3.0439038125191846,0.9224776157987251,-0.21384969271514787
2.6895440936785193,0.25486973541345204,-0.3577814562325549
3.1836389995813494,0.4667744109255618,-0.4412052901143437
2.778780439298624,0.35514594677741657,-0.34834573120719836
3.0693550763123705,1.3985024551774516,-0.03434949498340026
2.871655754720927,-1.0578883776383954,0.24435320568222274
-2.5345194828912003,-0.24258164779304353,-0.49446439265828446
2.9700130854040965,0.7901731382885665,-0.24113376897312444
3.272028711974278,0.6543126779743789,-0.39699976025366596
3.405959659069485,0.6283026629747109,-0.3328179956668577
3.0436063467907175,0.953137256985295,-0.20163327480003507
3.171124591614038,-2.0729144429770523,0.9279895090421624
2.966786726349181,1.1227123234659773,-0.1086326208169007
3.4516912661283574,0.7322265359560293,-0.42699398186340415
2.7947438712396884,0.25943996432065475,-0.39156664272505265
2.9392760844358374,0.8589465384558111,-0.20355761759786717
2.4900968170715263,0.6665203274391137,-0.12763233911851302
-1.8063632658424,1.6214185493230002,0.7303316272536604
3.0256064187086076,1.2587438598731884,-0.07477688678640831
2.946621199731068,0.10188924454128016,-0.5052091676556532
2.9320239422413383,-1.310475463074713,0.3620368936748448
2.990369857334832,0.24164783984554328,-0.46478177585264524
2.9422278597413976,0.5547085605275417,-0.32478207229398687
3.125490667343908,0.0929992600995962,-0.4494656829262882
2.913252771164829,0.44188254751279565,-0.35956470395439794
2.835540753537891,0.7034365375531876,-0.2299147962259249
3.2177175046233395,-1.0846498838348897,0.1166981882895765
3.32309960289416,0.03937241330153983,-0.6572841940534353
-2.1165906150992653,0.5798677282867353,0.03866822831561264
2.8242910092940785,0.3133051288996897,-0.38027712243985856
3.083427493466786,-0.05193441634104215,-0.6122800348137379
2.843289554977435,1.4544083386332376,0.06422537160433664
3.3826299611524844,-1.9487337000608176,0.6675831453140304
2.9520131573219865,1.0957797411764598,-0.11427738095949774
3.0259038844370747,1.2280842186866185,-0.08699330470152114
2.73510821035991,0.03896301942753823,-0.33874494596143295
2.530619115620375,1.1388181079207877,0.04529620084071891
3.2158404472128326,0.24706123876289687,-0.5389238066101564
2.9369421225663244,1.0995068000735122,-0.10770572318698195
-1.9776612922428911,0.4830764108970809,0.3318391094064085
2.5217033332460743,0.5081264376495884,-0.2009180197841001
2.8766579835436747,1.114415035661722,-0.08141909209691876
2.5938321479694717,0.8220303283417371,-0.1012751604904553
3.45697700330343,0.18742829641005834,-0.6440703309704091
2.6874847155583605,0.46712878978201194,-0.27320625528177384
2.8573619721318506,0.003971467114743904,-0.5137051682260011
3.379287867655606,0.44662385251302195,-0.5153601476969448
2.9291933211267804,0.34853499899346235,-0.40184589101724344
2.9925594518976295,-0.838569922547314,-0.0046224722808744035
2.689818677427874,0.2265685281643105,-0.36905814969265915
-2.0234617756980713,0.6710155431857613,0.30086557014078497
2.652651840328898,0.958061864748948,-0.06741942645996296
2.8952528430827194,0.747489150400689,-0.23270831594077113
2.3920280275138537,1.4765996159225288,0.22566557548948069
2.714102960286303,0.8228734983518877,-0.14163200475546872
3.110198836616481,-0.5665068497328922,0.06308899578011021
3.0241955187313203,1.2356177337604222,0.036333379837929274
3.17385370200076,-0.07429676972335658,-0.6517099814488326
2.889669640179179,1.3229470311332296,-0.003415548918653353
2.8080529936036593,0.4373123186055927,-0.3257795174619002
2.992224032766226,-1.0877048488148147,0.19177994350209637
-1.9013173769787193,1.2997365418157358,0.5663388106141609
3.1085812915315056,0.454750064224254,-0.42056341916687756
2.9893418239577514,-2.2160053801067843,1.2276846539255482
3.0305946901552128,0.7446052615137873,-0.2796368179783004
3.3497353098521767,-3.0248321636023467,1.6739020125732678
3.049189549694257,0.3776793762527543,-0.4309260418221529
2.9189421944842144,1.4051134029614056,0.019150664826644823
2.6612701569747306,1.6194131762067172,0.19101121207996888
3.2366773339529296,1.0301407032688394,-0.11675191855285597
3.346491488567189,0.7276563070488262,-0.39320879537090647
3.1554206719985043,-2.2876626691609308,1.1431800005127617
-2.5984825130277374,-0.2986694747576569,-0.6923060864839211
-1.6659543056898034,1.471248103535588,0.898926745520853
2.983696102161584,0.7609615193413196,-0.13753488457631124
-1.2622803399015285,2.1996335534260765,1.4139151391282376
-1.9786861980326236,1.5771896777374335,0.6488892749314478
-1.6167243009888193,1.8123440780528768,1.1322248146810088
-1.9936809816003498,1.6072390601382123,0.6303261334632304
-1.539559006115134,2.173535102213954,1.325430907631445
-1.8501728581691923,1.358050785330291,0.7760192280153505
-1.978983696874751,1.6591249738667353,0.6281021162605045
-1.6041599030638483,1.21864218016873,0.863424022937907
-2.0846841752053282,0.9364465350367337,0.2666701741280359
-2.060116607299638,-0.6701652922671699,-0.45793123151476306
-1.909665791936741,-0.3662162796314144,-0.7154195351442998
-1.9537119218917038,-0.4650601027605613,-0.7502312243494063
-1.7673402526815873,1.0960499139674336,0.10888958929550326
-1.7970856504473436,0.9840018392672562,0.15634983171900363
-1.7093748650272556,1.3884971906289494,0.13382360086491155
-1.6163705384995366,0.973937998104291,0.06992685454444376
-1.6339281368415641,1.319407636439788,0.12360927545114261
-1.5988203997080026,0.3694578527047604,0.18377579649209855
-1.47820659612283,0.7041092292411558,-0.10830266601764867
-1.5956400099160057,0.359544596047146,-0.15146807758765543
-1.6889493411954692,0.6688144945568983,0.01296786569574408
-2.0440082848560306,-0.736369122043944,-0.5357068309555876
-1.6993674507858776,-0.20353841204696216,0.08368987654866199
-1.5203075459257749,0.07663432979710513,-0.01176804374773428
-1.5951287428383774,-0.05889343381357886,0.06297025589768392
-1.5338760481606373,0.004113564381878923,-0.11751044261940774
-1.5061289812055665,0.27769263533377286,-0.0542983162642349
-1.7656926177308205,0.7211400507016572,0.17324373487910258
-1.4631810869070414,0.3359143226312888,0.12463087653945643
-1.584199578097764,0.7231856345630424,-0.004536311620653294
-1.720144008236914,0.825777097426897,0.04293564490233011
-1.7014574552131183,0.1930392017024896,0.052905406168723294
-2.0314998397017816,-0.773350378616857,-0.24560860556800615
-1.5663137155291549,-0.10389561004212307,0.2165431191357464
-1.6937851566253268,1.3073836568435775,0.12135319118569188
-1.6571900842266964,0.1938805361871544,0.12703833796829472
-1.625713122221588,-0.12206774443271676,0.16908968450127707
-1.6763266848276162,0.9276949979532358,0.10034600929194591
-1.6435150555016111,0.6519270081181765,-0.026832302882239152
-1.6603556145222946,0.8141109858697537,0.06781304848444068
-1.5554532364622722,0.7467895460780624,0.1122514330791679
-1.6573580024084567,0.39234969919261664,0.01731701336762696
-1.643873376480324,0.4359159087537436,0.15070769140410673
-2.0457627774336196,-0.2342284158666416,-0.6704837026775401
-1.7925548927510877,0.32218443087404197,0.09569798065429813
-1.6261785856045985,0.23012263162187235,-0.007623805990812394
-1.6585554242137994,0.4098047217030588,0.13470331812426373
-1.6701177453462952,-0.17028926122408986,0.14019939133502493
-1.7028761114271884,0.2982415818688674,0.13757118364810625
-1.5433264909707483,1.2652904482191272,0.08577572841726303
-1.6289245687982472,0.7387475858613073,-0.040072608368417424
-1.5990417533259058,0.6417975681545319,0.03224239350504296
-1.5365300862057185,-0.1427684694068251,0.26212692216725875
-1.747189173521784,0.18931067438504864,0.13792556924787544
-1.9382976442038844,-0.5246739326961333,-0.7576973183126297
-1.7205558176336255,0.7656775984151447,0.12585783826459843
-1.7668748952622884,0.9079416337295876,0.1799916347122134
-1.5234348380409604,0.5356887144262785,0.028651427540635762
-1.7240416029185552,1.2753542893820924,0.17219870559182296
-1.5256468973507546,0.9721916584781386,-0.014723086591819862
-1.860085212583879,1.4257677795994737,0.19954017859006945
-1.7180310754714363,0.3550551328201919,0.11898539804773857
-1.780946708319386,0.7437345810981372,0.18733318829168777
-1.706163584018896,0.7840601350485864,0.17796801080432587
-1.7380525276117482,1.3065423223589125,0.0472202593861203
-1.893297606162807,-1.2863962604417896,-0.2713876428201848
-1.7203422083436923,0.6752980084088364,0.1610918454659255
-1.8594825500444387,1.2029986337599636,0.27820530791114995
-1.7380525276117482,1.3065423223589125,0.0472202593861203
-1.6591657052493014,0.6196865042036497,0.06515238404446781
-1.7202278845436438,0.7968225415727976,0.07058392406713637
-1.7691327582667007,1.4106922315875836,0.09889227758650779
-1.6408148760025807,0.2095497076848771,-0.03210834349788393
-1.6280932056768542,0.6769864584413485,-0.0896175993072257
-1.5084477325738839,0.5850481475834983,-0.0030776736047634346
-1.6154475150070526,0.69764051516369,0.1486372721298251
-2.245026971716782,0.11753418070540692,-0.4214495199347227
-1.7227068230112157,1.141197353361615,0.11518120727724614
-1.6420807053269104,-0.13510468358006691,0.3257228860433824
-1.7346123804531366,0.6067350104844397,0.12817243199592632
-1.6472373254328554,1.2440865920403146,-0.008185002984121986
-1.5991028072581106,0.7027807572599221,-0.0004554896400603826
-1.764190085210021,0.6448922263893785,0.06092967823491327
-1.689368835315563,0.698378942091691,0.03899710112718493
-1.6430421855499624,0.640788187035992,-0.07045589778219294
-1.6278184828501279,0.4333275004327324,0.03772072889410554
-1.8099370537562738,0.6358992343711924,0.15097680116221215
-2.079337143811875,0.12699079254173004,-0.5163817188812065
-1.6409213561336797,-0.2477619157507438,0.2737097034448019
-1.748409636251808,0.4552472745580336,0.09783443084645177
-1.7043788095162884,0.6308676808948069,0.08486735736201521
-1.7657994223757878,0.7663298457048114,0.155626731278439
-1.7510868278080138,0.7311840452371616,0.20778219208246723
-1.562446733909132,-0.3896645045935195,-0.014878182250043764
-1.644178546800369,0.587004889452498,0.08622900543675832
-1.6106420874659255,-0.12579480332976917,0.16251802672876123
-1.6338366354160405,1.3509944246442598,0.09344751636226308
-1.799892574986753,1.379272755806792,0.2034153065888858
-2.0315534340834924,-0.4533566824474333,-0.4458378515674629
-1.6145780858962793,0.7413367283925126,0.02711844371574958
-1.61646203992506,0.942351209899819,0.10008861363332335
-1.6443692343747969,0.6134952595900993,0.08965956568368985
-1.6624226839885663,1.1262891177734056,0.08889457618718301
-1.4038276561002583,0.6869675165302254,-0.03725913006681582
-1.625446190081955,-0.11198066007804516,0.13392360969640132
-1.5954413727089156,-0.16681496017885783,0.16602293278468916
-1.6933884848797585,1.1878814643492952,0.15567011806416084
-1.780687348316691,0.6691483851940646,0.20748631594857503
-1.507067036385482,0.21030633095159618,0.08984183146650036
-2.1204768915465113,-0.8456614759994299,-0.3008983561085874
-1.7178556447573272,0.33355542897039175,0.11398108233174244
-1.6553900065046454,-0.0360885011742511,0.08171644721552726
-1.709809662366792,1.4948382213713687,0.11207407360680914
-1.640158731667873,-0.15887590751876707,0.1345738714300628
-1.6705525426858314,-0.06394823048167066,0.11844986407692257
-1.4371885721341477,1.2039302786574029,-0.006340306682224231
-1.6277039404999236,0.2164327109746615,0.16503641296328647
-1.6898645740008604,0.6913659351342107,0.09676185111656976
-1.6119846580603592,0.262108175053996,0.05703112203713099
-1.7680267319231695,1.1975683250559266,0.11727917699413001
-2.059132582856804,-0.9254049164047897,-0.39932865332196815
-2.0287617597816707,-0.8538920636877144,-0.4878763665891986
-1.6917256592959924,0.9105322446811813,0.15559086594471247
-1.273880656825118,1.8002474151393715,0.7314526535990303
-1.3623999763693424,1.5371958051685801,0.7497784283992324
-1.3304195379736985,1.0565555370512718,0.843763705411347
-1.4379229027611142,1.4979219879456434,0.837933275591424
-1.3504256802718348,1.9210110123938196,0.826378044756483
-1.1692299672898738,1.7383584866823,0.7994294378332756
-1.3048922084290717,1.8460463676130254,0.8133090750204479
-1.184034122887759,1.8342136778423959,0.718029298263226
-1.2272259613830923,1.5994643764360368,0.6789379008847812
-1.9370389499161802,-0.9415314669339978,-0.624562134456193
-1.4409433902313329,1.9117865775716623,0.8959697504804575
-1.1352055533344947,1.2760627122322548,0.6620500214468978
-1.2854507686447072,1.4738994745755112,0.5744443238035846
-1.1061542599291139,1.4869969656705524,0.6254928466460977
-1.3492663310786046,1.8083537802231429,0.7743648621579026
-1.095131605514673,-1.4573034785045034,1.3367850350851607
-1.4088258056611154,1.6426085875778054,0.8391009437838735
-1.1050329237434073,1.1868413449427229,0.6982592240604738
-1.3460016742386898,1.2223423510953881,0.8009149126288037
-1.2305743819432926,1.9821840229044028,0.7922482899712767
-2.1566373851557605,0.49991993653660627,-0.5026575811010582
-1.107733103242438,1.629218645376022,0.7035352646761188
-1.2296972151272823,1.8541752416783086,0.7804281420257186
-1.3023293406729144,1.4485850637699358,0.7938692351832217
-1.3947844930791922,1.796286710807765,0.8418133099006921
-1.335751257657153,1.9444899670941322,0.8448958979603993
-1.090633124614472,1.3001522928234548,0.6884494788212271
-1.3023293936547704,1.530626111678307,0.7410635126455319
-1.3189793247056127,1.758615898189201,0.7728718659103793
-1.3775014586183232,1.4483528867557705,0.8192097284057313
-1.1976635664683826,1.64833887472727,0.6918011766390397
-1.8930461957927733,-0.8611132702574595,-0.5721560857825737
-1.3186894046231552,1.6022624527897014,0.8423775117258743
-1.3641390001591884,1.706181653424595,0.8277982022971032
-1.229926081277535,1.9495454979724183,0.7436203793553268
-1.4261622159535399,1.972116785177192,0.8792988847473477
-1.2125286104301733,1.5487989802790953,0.7427210368541673
-1.154753963332126,1.9497776749865838,0.7182798861328172
-1.2296132858386961,1.8010887496240366,0.805585585398602
-1.1091518124383641,1.8164620734507717,0.7353953196178121
-1.2433266057260497,1.5862593906548117,0.8070057429392221
-1.286098956724021,1.3322007727022063,0.7352843948121253
-1.968401369571085,-0.8424779757721974,-0.5392977969199948
-1.3189640744680255,1.7638803628899464,0.7678449060622327
-1.3024133295660882,1.5939677347211256,0.7093053539554371
-1.1945971097352464,0.9118483565814549,0.8365074276735366
-1.2144660528769537,1.9057250621390827,0.7210734058476634
-1.347062062455903,1.625596878534571,0.6552349732841513
-1.3801253803066855,1.90679737970425,0.8059516850978543
-1.1803880975217194,1.2054766394279848,0.7311175129230527
-1.3661374435563178,2.042049876481601,0.826258410683186
-1.486652292788205,2.0082509262022574,0.914043035932489
-1.1663544100585896,1.3565225303075716,0.736343358963945
-2.169107373579441,0.03730580543406116,-0.4752874402484454
-1.330892513889059,1.231776453950199,0.7817758552359215
-1.1646915314929678,0.9971322627310867,0.7890698293821865
-1.0595605124555811,1.1831150202558642,0.645891655862124
-1.0198147228986292,-1.2327216600279671,1.1514762629126678
-1.2442419511178846,1.783148058037414,0.7785875679674571
-1.2582298348863963,1.5658545133516912,0.8110865649198149
-1.272355136361493,1.5575590610729215,0.7238103175752119
-1.2570094847428168,1.4742551399839958,0.7389655429286481
-1.3186513386337748,1.7077197934384827,0.7704036742506071
-1.1969465271470383,1.4650532141433505,0.7327641070990208
-2.1690615632620918,-0.03919697936062079,-0.4309618819379844
-1.349434083692064,1.7504446685149444,0.8296614204875151
-1.4104428805321196,1.9357512013481546,0.8240993163588818
-1.302314090435327,1.4538495284706812,0.7888422753350751
-1.0191603482620704,1.8183997029025045,0.7270215682623047
-1.2592214844480232,1.8184619051389386,0.7549974666510934
-1.1100808569197935,-1.0730413793794558,1.0853174086045336
-1.3322579068580176,1.5297416873744751,0.7366351128542008
-1.2904847775586106,1.9517344168555835,0.8075865651743388
-1.320230234928955,1.9319825210523236,0.7956403697429385
-1.1058796430660998,1.4074201034786789,0.6472197297720494
-1.9834268721641417,-0.48453820015087673,-0.7656306241598887
-1.1846214226031682,1.8879100615773614,0.7465493694865895
-1.2884710839238942,1.6211306584993228,0.8040993969401098
-1.0945308252598256,1.9138115805953928,0.7121010944353405
-1.3635136278316675,1.7476874793498638,0.7339050089156834
-1.1987085388797092,1.800479592153537,0.7061121603765209
-1.2592137533655179,1.6570120416725682,0.8580954318023994
-1.2245410917262365,1.2441187901989097,0.619282382262382
-1.1699012492757244,1.9271824103799093,0.749986343146066
-1.1687495252012874,1.81189294585886,0.7004866404715587
-1.3346681596518586,1.8055104114197285,0.8180175146025518
-2.0171842413934433,-0.1864925681514491,-0.551205122185796
-1.018923916597612,1.8179578578556854,0.701909413153722
-1.034718005040832,-1.1710854894227165,1.102751362355571
-1.334950289047223,1.7081178144559397,0.9110162717932638
-1.2291404158870476,1.7899499285418523,0.7619619904986481
-1.3476492495848682,1.5049560354642473,0.7959672049001053
-1.3659543877234148,2.0231824049821734,0.8187406150431165
-1.1079466595505156,1.637557187473959,0.7211069800124812
-1.3467415293118268,1.3054351357312723,0.8268988597959435
-1.1363649025277254,1.388719944402932,0.7140632040454785
-1.1501240261096968,1.2401382392398426,0.6777585185928486
-2.016848570598224,-0.32705261944871283,-0.4967803559147409
-1.0479218871532932,1.7074902787783683,0.6680665059483197
-1.2423961226830713,1.5689724147782445,0.7181847976702498
-1.0921280849983341,1.4610733973944774,0.7454443330036533
-1.3163325806427253,1.3901091502002105,0.7257837469083467
-1.0345425147221348,-1.2848813721694348,1.1571534844944755
-1.1223998941155944,1.598116792037536,0.6891046468653405
-1.0491270400411417,1.8863951647551802,0.6823548455536502
-1.169062214676414,1.7962675983904988,0.744132879503663
-1.4100843939851078,1.8953840259989274,0.8115772050028164
-1.0628861702458448,1.748068590580638,0.6394494447838093
-2.29361153746865,0.759916581527473,-0.44590160068874
-1.9844718445754679,-0.33239748272460995,-0.7513196404224076
-1.2306811865882596,2.027373817907557,0.7746312863706132
-0.8398966592444298,2.3676542795200715,1.3911035203637225
-0.900836724051631,2.4125688076898926,1.4685315419938088
-0.9158238825005636,2.445250422441044,1.4474549206015184
-0.689758361165628,2.389344538985258,1.3488800540137813
-0.8857656892959686,2.40884174879284,1.461959884221293
-0.8553566876450109,2.4114747153534073,1.413650493871386
-0.9602208209018888,2.3073649591031264,1.475457585366094
-0.8253976739665893,2.4228880690587298,1.4080249739664235
-0.8690928828887451,2.1887486593330645,1.422611091184226
-2.07412769756113,-0.3825989845766889,-0.7479275606507458
-0.7652965907768428,2.4268473049699484,1.38925613851643
-0.7951869254042657,2.3570829945096077,1.4250660616424224
-0.855539743477914,2.4303421868528345,1.421168289511455
-0.7950725486223615,2.3965664797651978,1.3873638627813227
-0.9909960004459722,2.445018245426879,1.472795413824028
-0.8394008609545441,2.2823711075806337,1.3927452082292386
-0.8691310614645692,2.2576285454895726,1.382372768266903
-0.8549676940000922,2.3713813384171236,1.3976751781362382
-0.7789946074447529,2.135241362793097,1.4384550587465932
-0.6741152769321438,2.3266566316524946,1.3188152848660486
-2.1223153730172744,-0.19813809887093728,-0.5202391090583243
-0.7943402590634298,2.2185452838820225,1.4232998333931572
-0.7947750564029663,2.324886314624442,1.4015503061350545
-0.7350477166205512,2.3742033921726886,1.3937298265720621
-0.900752847744901,2.441523363543992,1.4408832628290025
-0.8403695291960783,2.3787931006022554,1.4347271152636762
-0.9305059236113069,2.408884104401813,1.4380512626388868
-0.870351411608149,2.349227918857269,1.45449379025807
-0.764114313245375,2.2400457219420176,1.3825082386833192
-1.0361937948707842,2.3691677079218634,1.5468898651483296
-0.9149313594832532,2.1584240100989525,1.5362192578831932
-2.0173901792054596,-0.16526666271459312,-0.5427476020907179
-0.749081457065537,2.305198549201473,1.3356982579934802
-0.6296495998752318,2.3138949593384774,1.3804034611774043
-0.7185427158086435,2.1782422389130858,1.3568718693269173
-0.9310779730891288,2.467844952837525,1.4615443740141036
-0.7345824717876962,2.360432338740132,1.3526197115961813
-0.9154729614677567,2.309954835844526,1.4968527270244272
-0.8857428139395875,2.4167384458439587,1.4544194444490732
-0.9310779730891288,2.467844952837525,1.4615443740141036
-0.8547616502243642,2.1860733371635246,1.49482910311654
-0.8860708066341575,2.4778896815832234,1.4502869207916342
-2.0596662881905017,-1.1917022288392478,-0.17057933609914763
-0.7497145074937076,2.343101538834203,1.3792992087612839
-0.7052183895662092,2.4331649748185944,1.3714270275214449
-0.7936385825661163,2.204332385402647,1.3570775633086938
-0.8694666792779329,2.316147548878465,1.3807537245335373
-0.6135565210464796,2.2321715338724117,1.3142555369019377
-0.8397136034115269,2.3487868080206438,1.383585724723653
-0.8850410844604181,2.320484499456211,1.4410028969023
-0.9154348888556446,2.405157045504761,1.431479604866371
-0.8394008609545441,2.2823711075806337,1.3927452082292386
-0.9001196847302864,2.2292831471059724,1.50949447245379
-2.0449845186117703,-0.7348755402696124,-0.4318050061421755
-1.005861097389619,2.427519398887075,1.4709095515014659
-0.7948666108103458,2.375340574328342,1.3789063426862447
-1.0051516898098,2.2518566369413286,1.5077852465683088
-0.9006536682187278,2.393701336190465,1.4610137463537392
-0.9462252590327273,2.4452496882308505,1.4932508310273527
-0.9158848834509125,2.424192563638063,1.4675627599941048
-1.14150041019058,2.461062928960547,1.5300544714541078
-0.8700387287557545,2.3751083973141762,1.4042468359087539
-0.975719027878294,2.4200652810929704,1.457766235956434
-0.7501568769701815,2.3647692893178776,1.4128688839649444
-2.0295246557794893,-0.5223177013892877,-0.6193698625801191
-0.7784759934030745,2.1501510668016945,1.3731498689849884
-0.8097545897331051,2.3602001617259667,1.377960204818691
-0.7194427579810351,2.298354323088062,1.376232457044696
-0.7956445981001833,2.455527328200909,1.4108569741565395
-0.9457828961789851,2.433837068735722,1.4530804405064806
-0.9305059236113069,2.408884104401813,1.4380512626388868
-0.7348799110252355,2.3500714559725155,1.391238990780139
-0.598760103153832,2.308021337167233,1.2859569960034698
-0.794660626639206,2.2823287519716606,1.416653829811645
-0.8101968996049913,2.2895717333127235,1.4709363178772523
-2.211818664022476,-0.2879911326124809,-0.5077101899132276
-0.81050969504383,2.4380284816611053,1.4089711118339774
-0.7800015138666991,2.3928394208681456,1.3807922050088068
-0.9300101253214212,2.323600932462375,1.4396929505044027
-0.9314669667340475,2.5079383297738076,1.4775196897492513
-1.0055101763568117,2.292223812290557,1.5203073579243742
-0.9006612933375215,2.391069103840092,1.4635272262778125
-0.7801845696996023,2.4117068923675724,1.3883100006488762
-0.7032657498636976,2.1635444055677238,1.335241976142112
-0.8700844264866603,2.2772739553035684,1.4721334379908833
-0.8697182552162662,2.1472428334077955,1.5165042845656458
-1.954054999255561,-0.6655516064357027,-0.5843189052284182
-0.7497373828500885,2.335204841783085,1.3868396485335033
-0.7042573464434686,2.3341107494466,1.3319586004110802
-0.8395076655995111,2.327560902583788,1.3751282046285747
-0.7350629668581385,2.3689389274719432,1.3987567864202084
-0.8993798296571488,2.146190362470089,1.4835105252866505
-0.8854987571563356,2.4189288331475125,1.4267938094164174
-0.7647245412990209,2.367886456534237,1.3657630271412131
-0.794279205131225,2.1575620947766327,1.4559977165382603
-0.9160069383334664,2.464117893940472,1.4549727162415877
-0.7503018072091165,2.3967979225691693,1.4078192799846474
-2.0961015642310654,0.4898343206023232,-0.5590833271478505
-0.7639694359882964,2.2900581365990984,1.3347521201259267
-0.9294685763187743,2.2541111546251735,1.426253758825479
-0.9911103772278764,2.405534760171289,1.5104976126851277
-0.7803676255325053,2.4305743638670005,1.3958277962889458
-0.8698556729228516,2.3562409258147485,1.3967290402686847
-0.7035632420830928,2.2352245707084792,1.3210555327883804
-0.8548684548693309,2.231263132166679,1.4772120995158762
-1.0053347456427029,2.2707241084407563,1.5153030422083782
-0.9152518330227416,2.386289574005333,1.4239618092263013
-0.7794294643888775,2.3338785724324342,1.3572990936335898
-2.075119294140901,-0.21203264069781333,-0.7512109363817778
-1.9105811903104313,-0.08728656434044087,-0.7966434326537545
-0.8242077117117399,2.1464225394842544,1.4581700320641406
-2.04886708160598,0.05838543900836027,-0.5253925107687994
-1.937473581687417,-1.0915687109052397,-0.48129377878401514
-2.1269453632215596,0.5935423847841752,-0.5325234640560452
-2.121956992433974,-0.07442317840342226,-0.6383726654897693
-2.045511095531574,-0.22940579621271504,-0.700622817634269
-2.0303026960511827,-0.36008989960834903,-0.6402249536475136
-2.043909045725269,-0.8764873282943888,-0.45616990957594994
-2.198280940417532,0.20471620492020454,-0.669143914668132
-1.8631483486330005,-0.6143795006414573,-0.7226916492252298
-1.9251105700997349,-0.317131379097333,-0.697899521484783
-2.063000120786315,0.22179498118450733,-0.7223674385819197
-2.1204768915465113,-0.8456614759994299,-0.3008983561085874
-2.1059554150307456,-0.18773339207396003,-0.6743588306763565
-2.166933658413771,-0.07393897774763046,-0.6371691319635934
-2.1822488095572727,0.019893872742786065,-0.6623782770133225
-2.136860214971589,-0.1050831866950892,-0.6276911281919652
-2.0442752699775193,-0.6644151584902442,-0.5533464786884016
-2.0277702757883436,-0.8501211807613005,-0.5968051512507572
-2.136791588902446,-0.08139309554173524,-0.6503124475086248
-1.9562442361908308,-0.13911091742435266,-0.6880395816707835
-2.1999664228075226,0.13574940491516793,-0.443700617308494
-2.1221477263675266,0.023853108654003915,-0.6811471124633163
-1.9530789244453888,-0.4209220444849198,-0.8466378976548993
-2.1081902371104775,0.06653562812149313,-0.5979807446440017
-1.9997713017583392,-0.9203939437660589,-0.33930781906713237
-2.136791588902446,-0.08139309554173524,-0.6503124475086248
-2.0917462372489184,-0.1504833839410911,-0.6147308624965598
-1.9872250091648662,-0.5134985370681585,-0.33900703662278825
-2.031141790255081,-0.13687890872202033,-0.6937779278600117
-2.2118646332853933,0.03463479590731535,-0.710452915836758
-2.0122491934555575,-0.9549248057000267,-0.5866542416133171
-1.8952202950768997,-0.15507088974007488,-0.7931158824656762
-2.0152392334324576,-0.44849023876414557,-0.5914774089582665
-2.1237112068568194,-0.002997973745070077,-0.49591949388885104
-2.1529836816890713,-0.20822591743580346,-0.43927712382761464
-2.154982237672644,0.3019795324264917,-0.5530290758341228
-2.151687080357555,-0.2735029672997723,-0.5365329450595145
-2.104391325250109,-1.1043543606211577,-0.25232064006739024
-2.247498444011127,0.7106643685697114,-0.5377828842617552
-1.8770828565699569,-0.8132474188745712,-0.7077870117413849
-2.0289295123951305,-0.911801175395913,-0.43257980825958603
-1.9821986253697563,-0.9939657116986035,-0.5696357980694691
-1.9835791559898583,-0.8756021697803624,-0.4975374202104529
-1.9223798371436742,-0.8310207980375134,-0.6604237592590314
-1.9835640183387147,-0.6960004782743276,-0.6147765404511899
-2.01652837521348,-0.12420268183614305,-0.6617529505807203
-2.0303103211699765,-0.3627221319587217,-0.6377114737234404
-2.0164823993278302,-0.4570837413444857,-0.45240950933997864
-2.0475322487167844,-0.1578125449204883,-0.5296042865456863
-2.046395609311635,-0.5347447488559441,-0.4090591464417668
-2.0437718465688404,-0.7470660980793095,-0.5542182707469587
-2.0919061991752845,-0.46213853801257765,-0.3969299011607402
-2.122887422495096,-0.13917725043522627,-0.49674599768310734
-1.9705754688552115,-0.13643559525481286,-0.7602575936030972
-2.0914031069032055,-0.032032928174321365,-0.7278374590798582
-2.137187929511415,-0.47464745247477447,-0.3545936085265331
-2.136715284732654,-0.13711181994638005,-0.6226415242116682
-2.1222695626999246,-0.2746408836656194,-0.4759135507478633
-2.042864238882243,-0.7722497710069948,-0.6354987762437111
-2.046578665144538,-0.5158772773565165,-0.40154135080169734
-2.154036338823779,0.033578746537008784,-0.48185909802096116
-2.016429189064575,-0.1822798401782164,-0.6350217517387722
-1.9995962021808296,-0.42913709818853757,-0.674347900643689
-2.044686920428663,-0.970637801227111,-0.31200711771306405
-0.4763254030402508,-1.377492492018062,-0.9596667939117768
-0.4048227090130904,0.05373537445456457,-1.5120115720815792
-0.6115681434366237,-1.3096241896106764,-0.9652156768388339
-0.3701062301718635,-0.15723439090290392,-0.4567969485376041
-0.14814422146238954,0.22689743006772195,-0.3978490883891365
-0.17385493135378702,-0.04122451055582863,-0.6833117129015173
-0.1955008980474006,0.9136293927235687,-0.5827449701821398
-0.21933478894664307,-0.3170189549100968,-0.4502113512143916
-0.29896157234593973,0.6170117436977931,-0.5477709737809786
-0.029902266922345707,0.4197631908822839,-0.3438825054480284
-0.3637992980621023,1.2140547737082745,-0.40708704463351136
-0.3440374575883015,0.7268487576383904,-0.6063022156828064
-0.536007031846296,-1.3494853895327945,-1.006531485796491
-0.12564414874564198,-0.5767182838095871,-0.6875155681637664
0.06319326963068887,0.4880165500581403,-0.7283724848146689
-0.01501426813139037,0.40413821051901977,-0.32313422162884126
0.007996945831077875,-0.6230680444366318,-0.5237759589451445
-0.1105046733573328,-0.26961158387398565,-0.9015285741348557
-0.13402689611088187,0.77608259238908,-0.6578972729326542
-0.16124000606843922,0.37910585630687965,-0.6990315344566218
-0.0783191529108064,1.2328611442865594,-0.49623901302098167
0.1269173438845265,0.10146519422894373,-0.8849298334456849
-0.06179121713793013,0.9525005091811565,-0.4812309721834453
-0.3553603671538676,-1.660127858539867,-0.8921138300896883
0.024875855618616848,-1.1207653140469245,-0.40656438914700965
-0.23648071034659876,0.2936528022080814,-0.611465430014185
-0.19497461252780457,0.8593854121627145,-0.6043586326473394
-0.39664032706106456,-0.9044849141490842,-0.3453901502230558
-0.06592445395021665,-0.49926804564607363,-0.7126247137543195
-0.09743920378996174,-0.7194926071939337,-0.40547217948916336
-0.2795275523756769,-0.07567644233503289,-0.5795000702402209
0.18971852710051954,-0.21389129843058086,-0.9881832933178579
-0.3317807539406864,0.7773410603084686,-0.3454713131933969
-0.1658087767722196,0.853424876142941,-0.5136001233789591
-0.5975805047091955,-0.7128907983487357,-1.2419411405280065
-0.31375010021051425,0.1335889332114874,-0.25795730011813556
-0.376353315115349,0.9583540994881974,-0.5038850769119504
-0.08358875759623098,-0.2624355771356189,-0.5775485666901159
-0.14693157591038736,0.25572739621221086,-0.5466652142627648
-0.20265466868902995,-0.0524886555578176,-0.8023072440844589
-0.19189295853893684,0.21020040662601594,-0.5174850639986792
-0.11156488276078251,-0.14324559312555687,-0.8689891999148054
-0.06008271369145436,0.8037511244892898,-0.5689989723366564
-0.11226630097154808,-0.5289828031994918,-0.5453390324591052
0.015493588531872602,0.8614505681648349,-0.6747481789973611
-0.6279132684176809,-0.6686911794284831,-1.231967980053255
-0.4182102015123099,0.3228144563591541,-0.4283753743574805
-0.1931820473381032,0.4524469156456468,-0.5349548830834432
-0.3696945068706679,0.036181810959951925,-0.6255284410236183
-0.18865899423342453,-0.08894115323538297,-0.6723018380306099
-0.05420973640556033,0.2975526801052712,-0.8740018305219257
-0.16483247678915985,0.7493799844831455,-0.5514947950202591
-0.26989502870297183,0.8332104618368361,-0.5893551084299253
-0.16492407093293132,0.8613650301183234,-0.6137430503723363
-0.035637606522793006,-0.3028827839549015,-0.8725348776149116
-0.0440354451800522,0.798530483817906,-0.6794724549225842
-0.4764929039898948,-1.825096581291025,-0.6535430535281379
-0.26174893817507816,-0.17047411570443363,-0.818285569337636
-0.09033919309834346,0.8229974119705369,-0.5511570345165815
-0.08348972377016181,-0.08464472274112426,-0.7026338201440258
0.055002330510290576,-0.6002170851373599,-0.7579179413388778
0.10939785789100297,0.480606256293397,-0.857016242793775
-0.11392936497366571,0.11755113205629325,-0.7828855317592606
-0.5205496985707103,-0.027835669669336666,-0.47905216815501167
-0.02308345701490641,-0.2522847295057535,-0.6437225389922486
0.12749735624047356,-0.4778751022722629,-0.5742999435672035
-0.3178310884843905,1.1250452770819785,-0.45781292496634507
-0.7024671424494626,-1.3991845870087352,-0.8029535514972509
-0.2040275344539462,0.006976332779517754,-0.6931180542462485
0.0600508067507,0.8187448981240111,-0.6037174698716179
-0.0058768856693973415,-0.2983766854279892,-0.8524142113972352
-0.2326595456666574,0.09464182343991326,-0.8938130050276475
-0.19453985492466003,0.814575167351574,-0.6222133972925044
-0.21189908759160941,1.054145619991471,-0.5216692940191207
-0.45031268816777564,0.8331249237903244,-0.5283499798049007
-0.24382583888729406,1.0712203580997048,-0.32301531059082156
-0.17587606467080125,-0.00039665222924083096,-0.4924910358613007
-0.012680538057497458,0.5225075335004433,-0.6500111521421189
-0.536731954572982,-0.7688818527459363,-1.3024088337036361
-0.2538552528557234,0.6202549690441509,-0.5653008047475558
-0.32500003651355525,0.040856323225835926,-0.5997403705311944
-0.08315399999308644,-0.30724582194675915,-0.5954033313352808
-0.04651417834293188,0.8249962349617838,-0.43025299687892676
-0.1267415962969724,-1.8377010072782436,0.242087058182953
-0.2697806188074075,0.8214182921496938,-0.5940537307049688
-0.1791328381053746,0.18829690069557567,-0.2641266688850381
-0.3911040021634311,0.9290630832612519,-0.5104695615095559
0.10910816298143318,0.28828524808231776,-0.7020975678240887
-0.17004963425421424,1.389654232102295,-0.40324477245039214
-0.7948161723521694,-0.04039424315377709,-1.4172661508518716
0.2303399588164174,0.28237037161739154,-0.8413292770543678
-0.14790806795267497,0.6571710865398533,-0.7001912868205898
-0.05330943594662096,-0.22250951262301577,-0.6359345208684666
0.012862160933892515,1.1326704709691064,-0.5666798666713627
-0.28592710658137477,0.9359917461058831,-0.5433150235470451
-0.1007880482050101,0.3195554225414039,-0.7146075707041851
-0.28263951478049126,0.2655808351323286,-0.46489897499346294
0.18376910656746145,0.5633836211175581,-0.8494663800909807
0.038169482703917124,-0.568717577886514,-0.5799767707725254
-0.262038566857328,-0.46534643380097673,-0.5973597411958377
-0.46126961852217563,-1.3864840156158602,-0.9612114918361458
-0.15105808972413742,0.882715892369887,-0.5070156387813534
-0.12354738158347292,1.0439303674945888,-0.3460834888282749
-0.22812164111701702,0.8552530827646336,-0.26097575873855017
-0.1113741289590339,-0.27228727314862233,-0.8064126069896247
-0.06292777044756388,1.1961160102655084,-0.5159668131636189
0.0415855477402193,1.271439257295565,-0.5215602660058563
-0.019704582338655244,-0.552689529652804,-0.8132918549955159
-0.10486106035529694,0.7701220563693068,-0.567138763664274
-0.41666186529689225,0.18031897824074006,-0.5029645880084198
0.04540683825206863,0.8775807897450146,-0.6784942499923059
-0.6633184977706376,0.3529387694473,-1.3063209444479424
-0.5070771972775898,-2.0215875947612667,-0.46161432580079914
-0.5703317987143657,0.8063389804684609,-0.4983301045449828
-0.0003680555722009458,1.6442130160342419,0.07603438700777776
0.04898668691421564,1.2061552966685358,-0.11377071266634062
0.06546887197433028,0.9100012674608973,-0.0836817922843642
0.31557450679799987,1.6225471936944238,-0.0394170392948457
0.0927811084762048,1.3411970240979427,-0.07522276977334977
0.271024979925286,1.5653337862001564,-0.0469540751725499
0.2760361333510045,1.0488367539033268,-0.2527537308194508
0.3400729964209487,0.5240837807142951,-0.3539465887244027
0.13831456045077206,1.2969977722827872,-0.10809388546101864
-0.47753098640567904,-0.5320040917857317,-1.374424949925175
0.26651022888677034,0.38190372240760406,-0.4101017179109965
-0.019717363342796574,0.3922822491720976,-0.2594487458462571
0.15606286623542417,0.8942723708440492,-0.14540472066301546
0.15176097468942068,1.4607195229431542,-0.0479451069279183
-0.21298716266848788,1.863840650150395,0.23475803212861507
0.29209109320852034,0.9436970356968513,-0.2997335401573397
0.005832960767386826,1.0050774189911331,-0.17863094029957433
0.6286956044522334,0.2121618032267094,-0.5677535720549242
0.2420727733278305,1.4501493392479823,-0.08267643128796964
0.29248788416326454,0.6396024854087332,-0.14660373756906908
-0.8712542057174237,-0.251964108581783,-1.1199037272118413
0.3659131743862699,1.0830768150192949,-0.2696302905343373
0.48745784513287654,0.8056436183434299,-0.26768820991480646
0.09943976439805001,0.6548927483062649,-0.34868258618087555
0.5579238077815797,1.4379172526578783,-0.19436895977055824
0.09289551837176914,1.3294048544108004,-0.07992139204839316
0.5427383631303531,1.4534364812420726,-0.1830986797229991
0.1686854497532255,1.2659593151143977,-0.1306344455561371
0.457636123329132,0.7800796610135365,-0.26770103673989637
0.4363716046344275,1.5691463831437202,-0.10138754602505887
0.5123674738278996,1.4844749384104619,-0.1605581196278807
-0.5960166665923751,-1.239816789331169,-1.0707301319730664
0.6035716696517115,1.3819258311555802,-0.23193869773327064
0.42729564840633705,0.9549637504345201,-0.341023695464817
0.060236431158028694,1.5962867053220342,0.036591613547593126
0.31207434028208003,0.1021102562688247,-0.29460958568188955
0.06602557187358486,0.9996029191526372,-0.2011586735696028
0.20122259467085593,0.8646655677002835,-0.14752533451204977
0.28685111999167306,1.4837784073679652,-0.08453663996035211
-0.08199226103919383,0.6533947612707681,-0.17780894843928358
0.3074445090233626,0.6476675961988229,-0.14847677306654147
0.4095931860526947,1.2299107121358441,-0.22638372536630294
-0.44715219382968824,-0.9911258181226986,-1.1222489466214958
0.2259262855538632,1.5647227932041714,-0.031937724130045926
-0.08969592910875732,1.553370540419991,0.07035755980245591
0.22842042127716608,1.307653494024471,-0.13436768972599192
0.22995351387772842,1.1496384202167647,-0.19732922821157356
0.19425112344197623,1.7301919848059817,0.044167129900567106
-0.016743363137296897,1.7823708093647153,0.13617033871578824
0.5130310512221729,1.416080354225037,-0.18781012882313242
0.3928975307800185,1.4010865805903159,-0.153091631288171
0.4547147624032302,1.2281632711944002,-0.24233980086381568
0.17679338157349112,0.30038923076399715,-0.3800010834295371
-0.11510066661087674,-2.073743176128294,-0.6752065865954558
0.21520282682964623,1.120347403989819,-0.2039137128091793
0.15459834009941656,1.1682737147020268,-0.16447093934899462
0.11254294895000555,0.8539910080280586,-0.27443794082264494
0.20602040371592087,0.02834288586790517,-0.1245303846718292
-0.05422235846413389,0.9964013152050583,-0.16174155375959798
0.3379448928906678,0.8664797087576975,-0.34576079821513017
0.16454381153379602,1.6928358577889462,0.03945568080043376
0.1913764683309494,0.035903122546176613,-0.16630358820646102
0.4527469121995234,1.4309885898132466,-0.1615234977330692
-0.026482896759660552,1.2365827608409403,-0.07621380152871825
-0.6579790536274094,-0.6861903930733839,-1.2109558871628998
0.13570601483190484,1.56585924114963,-0.0009652975900292538
0.03139863445613753,1.4693100886827175,-0.003829364842870032
-0.04904323387479971,0.1993940719943952,-0.20501416226814134
0.15089145948313157,1.550340012565435,-0.01223557763758847
-0.03824359018996639,0.7726430945979381,-0.12418012600185308
0.45492070021524605,1.2069373657575446,-0.25079732095889373
-0.1868792100478645,0.449092129072451,-0.04905497931745471
0.20996285361279893,1.6604287756609328,0.01128318738780828
0.2249423604520098,1.6661354525135945,0.00847042743532723
0.10107216897942534,0.2439530273741035,-0.25949933479749604
-0.43369078764000013,-0.4221894942082749,-1.3245550253077791
0.18156750586016593,1.3887228366753845,0.016501117600219144
0.4088380807419699,1.3077390320709823,-0.19537281835101664
0.18719657868564388,0.6444659922512439,-0.10905965325653667
-0.053314624945628754,0.7763701534949905,-0.11760846822933728
0.13929848555262545,1.195585112973364,-0.14850203702639198
0.18593027252461053,1.038181032161643,-0.22647992655447746
0.14029775361031407,0.9558650845250357,-0.10152713399895484
0.24282787863855518,1.3723210193128434,-0.11368733830325613
0.3554185354531815,0.6151170864306584,-0.4510035237635573
0.37814684373193624,1.37179556436337,-0.15967611588577676
-0.5515659483728426,-1.7090686898419747,-0.7136835218562713
0.1363695922261781,1.497464656964205,-0.02821730678528098
0.3315150567599513,1.5291996451750907,-0.08169822635769118
0.2547412002766415,1.6940578437809162,0.009422978715425833
0.3323770130747667,1.3343956133169728,-0.048887122551835624
0.2230209047947741,0.20857945515345394,-0.45677884332596214
0.08126457779286281,0.7153656493417512,-0.045203284203761185
-0.1751871758003613,0.9406173591048312,-0.01147091211371619
0.24033374291525234,1.6293903184925438,-0.011257372707310073
0.1362247414600272,1.4064317183529387,0.045941673040956504
0.19191797759720472,0.027944130640253275,-0.21934707178865212
-0.10186892129928084,-0.17882087729418944,-1.7064062660174766
0.18821847043589754,0.8023376384187986,-0.3204523720553454
0.2133493865215037,1.3113805529215234,-0.1277960319534761
0.31983055491299367,1.183878481332733,-0.21420578792646006
0.07521593799723955,1.6019933821746954,0.03377885359511202
0.19666907420466276,1.3442490522370905,0.03287911671746619
0.3070630610244535,0.8134547773480363,-0.21422352106200174
0.14430963897834403,0.6790880806765344,-0.35430169267329276
0.20056654967712836,1.0792642180757308,-0.21519681968182844
0.06559081427044028,1.0444131639637777,-0.1833039089244379
0.31557450679799987,1.6225471936944238,-0.0394170392948457
-0.6869542945268136,-0.5631483933515619,-1.397554971119169
-0.6896392767701132,-0.033465580309145655,-1.4501116128893607
0.3373195404313426,0.7942084898667892,-0.23206545888207672
0.6351758946879161,1.9634391067615162,0.6474455471001692
0.6939498230891161,2.1041875110435844,0.6831807300406788
0.7984631412768993,2.1795107580736404,0.6775872771984415
0.61848023941524,2.1346149752159884,0.7207376411783012
0.7092267956567944,2.079234546709676,0.668151552173085
0.2572101628824877,2.1792541439341058,0.8606026630735154
0.7390485174605389,2.1047985040395694,0.6681643789981749
0.7085861002416339,2.145270696957672,0.694463836913328
0.7735381630033089,1.6492419381340597,0.47647341700149426
-0.35565796533697486,-1.4243655975823692,-1.0119117185187998
0.8892096975184538,2.1241303295673277,0.6250011881932253
1.0404692125737862,2.0302573260985213,0.5367312235478591
0.6787643784378895,2.119706739627779,0.6944510100882381
0.6940413510055677,2.0947537752938707,0.6794218322206442
0.5877890024052064,2.1986715075083763,0.7564343436435411
0.8139689336357063,2.1309734543654475,0.6531608547807608
0.5729467874406726,2.178814227031144,0.7536087568659701
0.6787643784378895,2.119706739627779,0.6944510100882381
0.7386137598573944,2.1496087488507096,0.6860191436433398
0.37690892572149765,2.2390581623799672,0.8437389301837188
-0.44530631903575135,-1.277087378301693,-1.1364467096982245
0.5629784340271804,1.656610517881653,0.5506218611715504
0.8008657490837507,1.9318751946436534,0.5789162094225301
0.6642425111809359,2.0668313840265484,0.6784692809405456
0.9072325075796763,1.8161652927420058,0.4972050757245898
0.5589512057033152,2.0716948908690593,0.716013365253078
0.6936065934024233,2.139564020105011,0.6972765968658092
0.919786524632923,2.0718659669620827,0.5940031080030289
0.723748662913748,2.1321099023109062,0.6841332813207776
0.8444313508546112,2.090501261447345,0.6268613968656078
0.5133033438331835,2.127686312371357,0.7535831032157903
-0.6790531099205732,0.4250604125297773,-1.272497277480175
0.3968767040073142,1.7306262408732276,0.6360662390393457
0.5126626484180232,2.1937224626193537,0.7798953879560333
0.5183144972589021,1.6111892800745273,0.5477834475688895
0.6479587315322916,2.1955554416073086,0.7348463348285214
0.7444944284894021,1.5434912269315992,0.44450995870610926
0.6511164446498676,1.870091558242183,0.6051643600373237
0.543331003448944,2.1320243642643946,0.745138409945802
0.5425758981382192,2.209852684199533,0.7761493169610885
0.48217734922000544,2.236553089474885,0.8071345703261952
0.5280540308812658,2.156977328598303,0.7601675878133961
-0.6721496952058845,-1.3460973607442686,-0.8739069052959682
0.64786720361584,2.2049891773570223,0.738605232648556
0.4524700373118253,2.1991969624578496,0.8024231212260619
0.2731507128444392,2.085906595414772,0.8183214760106697
0.6036151424715934,2.117116128676185,0.7188517788557389
0.6943845806922606,2.0593772662324437,0.665325965395514
0.427888288724928,1.6335516334568418,0.5872133942039843
0.21144789111679177,2.2470377351235458,0.9028710233112712
0.6633729959746468,2.1564518736488294,0.7141788102308754
0.8344858794202317,1.5659391183604252,0.42293477671617924
0.5788274560726803,1.5726967051120335,0.5120995719287396
-0.7343792792898315,-0.39235280929929783,-1.2429951983693746
0.8446678553691215,1.977252975526515,0.6743571102463486
0.6632585860790825,2.1682440433359718,0.7188774325059187
0.5728323775451084,2.190606396718286,0.7583073791410135
0.7439452609906931,1.6000936414298816,0.46706334562631746
0.7241834205168924,2.087299657499766,0.6662785166756126
0.573587482855833,2.1127780767831474,0.7272964721257271
0.452698857102954,2.175612623083565,0.793025876675975
0.5731527252526885,2.157588321594288,0.7451512367708921
0.5884525797994796,2.130276923322951,0.7291823344482894
0.7745220881051623,1.5478292788246364,0.43606526543612106
-0.6588716958538952,-0.21477162293745644,-1.4185331001543764
0.8297950737020934,2.0494180755332567,0.6155782899929586
0.4997654016780836,1.9733982974607036,0.6971932225027244
0.6345351992727558,2.0294752570095125,0.6737578318404123
0.5875830645931905,2.219897412945232,0.7648918637386193
0.48261210682315003,2.1917428446637444,0.7892798056810303
0.5149508463293102,1.9578790688765089,0.6859229424551654
0.572717967649544,2.2023985664054284,0.7630060014160569
0.9043951421696804,2.108611100983133,0.613730908145666
0.5127541763344747,2.1842887268696396,0.7761364901359987
0.40693658533725796,2.243396214273005,0.8352942369137306
-0.643983511626444,-0.5175402709800208,-1.2129647874532752
0.7392544552725547,2.0835725986027134,0.6597068589030968
0.7704948597812973,1.962913651812043,0.6014567695176486
0.5880178221963351,2.1750871681340915,0.7470370990934543
0.9049443096683892,2.0520086864848506,0.5911775212254577
0.4225567875916293,2.18306674087767,0.8061691922210066
0.5122278908148786,2.238532707430494,0.7977501526011982
0.6481875513234202,2.171971102233024,0.7254490902784345
0.5583105102881548,2.1377310411170556,0.7423256499933211
0.7093412055523587,2.0674423770225334,0.6634529298980416
0.5731527252526885,2.157588321594288,0.7451512367708921
-0.3110167449795097,-1.6329642005514757,-0.8431156975308501
0.5289235460875548,2.067356838976022,0.7244580585230661
0.7707236795724259,1.9393293124377584,0.5920595249675616
0.8446601706457398,2.06691692207306,0.617464152315521
0.6938354131935518,2.1159796807307263,0.6878793523157223
0.6929658979872628,2.2056001703530073,0.723588881606052
0.6784440307303092,2.1527248147517772,0.7076071524583595
0.6937210032979874,2.1277718504178686,0.6925779745907658
0.7696253445750082,2.052534141434324,0.6371662988079785
0.6055829926753002,1.9142908100573384,0.6380354757249924
0.9816037562561347,1.8989426575661672,0.5047549384273841
-0.5064674725515755,-1.3700383742239572,-0.9465234783667451
0.5731527252526885,2.157588321594288,0.7451512367708921
0.5885441077159311,2.1208431875732376,0.7254234366282548
0.40792051043911143,2.1419835549635815,0.7948860853483575
0.9809401788618614,1.967337241751592,0.5320069476226357
0.7388196976694102,2.1283828434138536,0.6775616235482618
0.6935150654859716,2.1489977558547246,0.7010354946858437
0.6485078990310004,2.138953027109026,0.7122929479083131
0.7092267956567944,2.079234546709676,0.668151552173085
0.740238380374408,1.9821599392932898,0.6192987073377235
0.6047134774690113,2.0039112996796193,0.6737450050153223
-0.5530995707919643,-0.7306431369505543,-1.1787792087475863
-0.5809843203629004,-0.38501887595363793,-1.6257951920881688
0.4980263712655054,2.152639276705265,0.7686122810833843
-0.5826613431698663,-1.7434999481651523,-0.5711752446839914
-0.43298902504717085,-0.5697190955387544,-1.3049679962684964
-0.6606716013849145,-0.25143599127825833,-1.2015926111541173
-0.4016562647804775,-1.9817031516474422,-0.5418875688225777
-0.7205438581608002,-0.28923469755230696,-1.185620304936999
-0.7624389694927093,-0.7841085376050175,-1.1965539325203307
-0.33963379073210925,-1.0990636126828386,-1.3326683668004777
-0.7166766977270133,-0.8518921287944574,-1.238822292758087
-0.6903102607330239,-0.30612255109612563,-1.2025225183020656
-0.4628019495085587,-2.4078090054909937,-0.13916769187127484
-0.400032339650323,-1.0723632074074867,-1.3016831134353712
-0.6138414421151192,-0.5249943887741256,-1.2261081029983067
-0.6880067132431698,-0.6905284449664214,-1.2025111938929118
-0.5807017538672244,-0.964464924233914,-1.283146738342941
-0.8698889981849613,-0.26278567432675876,-1.2595830137120343
-0.32746134088694767,-0.49298339951971276,-1.420429958227301
-0.3557190590055718,-1.3018516225457002,-1.0842138935671706
-0.8236156845145245,-0.4003328417663448,-1.3118373612496323
-0.585430837502167,-0.2582791160763781,-1.229752277741653
-0.44773214658104743,-0.5040817005184098,-1.3734723986450763
-0.611865556183235,-1.3610055963324783,-0.9001935363860313
-0.6728060249770877,-0.6905280778613243,-1.2254091491058292
-0.5208520876702438,-1.37553354751848,-1.0077478461477571
-0.4652212579313042,0.08043577972991636,-1.4810263187164727
-0.9152393877038935,-0.24770902499957723,-1.2276289783472238
-0.14502198517291004,-1.4054118538262355,-1.111194961929589
-0.7348523810371002,-0.02228440361798845,-1.4303966395718133
-0.642915299608477,-1.2258164957252238,-0.8717768685163595
-0.7640168591326261,-2.1186257202502334,-0.16800850881189514
-0.5083901680884002,-0.22845787253369612,-1.4748524333294475
-0.643411594603262,-0.37139849964480326,-1.3684722051727163
-0.5376091876163127,-0.5383217616343782,-1.3565958389301898
-0.5826238798490976,-0.7048256875586459,-1.243814176025479
-0.6868850989027196,-1.4213995672132012,-0.8525147731556647
-0.5975804119909476,-0.8564626321883859,-1.1495311260870493
-0.370248399058483,-1.5932272232338707,-0.9458656904949319
-0.4932047234371734,-0.24397710111789075,-1.4861227133770067
-0.4159800710080245,-1.6687416674711373,-0.8146405201953011
-0.6120714939952508,-1.3397796908956223,-0.8917360162909532
-0.3411588144908344,-1.6255100827573712,-0.8299723819858186
-0.7023989269897037,-0.7396763745655022,-1.2348192204810058
-0.5371205177403212,-1.3953719900651709,-0.8573870223497597
-0.4315619556091998,-1.8926498309917847,-0.6066621309238184
-0.5835545218376436,-0.441415567956964,-1.313410398369576
-0.3701645823563411,-1.471976488482854,-1.032920407514639
-0.6122319724947128,-0.8515346278604873,-1.1887908496976085
-0.6136279387888978,-0.4512918829636911,-1.2964855408723592
-0.6581689862103907,-1.8287849556300757,-0.4550437807538907
-0.415850410874873,-1.675269372457534,-0.8243661023184913
-0.5668278296485014,-1.4327281170822066,-0.862098471449893
-0.8107412535263777,-0.2802015525557307,-1.1621883181692025
-0.7330598158473985,-0.429222900135056,-1.360992890007917
-0.5532828584204872,-0.35284608085200153,-1.4022864492099096
-0.6903102607330239,-0.30612255109612563,-1.2025225183020656
-0.24989428661260507,-0.6712331013660815,-1.588133046522127
-0.5253755182706462,-0.24960301229030327,-1.2466416642816294
-0.34230226441874234,-2.5125912227634988,-0.13611605814868544
-0.4627790145475898,-2.4922084873367942,-0.08730169378859384
-0.6577349902214255,-0.6942551367583767,-1.2319808068783449
-0.3403350168836471,-1.78219962142462,-0.8175974551456522
-0.4155530312419215,-1.5726123107929995,-0.9223918193573497
-0.7469563041540989,-0.45084756079956373,-1.4642670972198175
-0.7795923835568187,-0.38117163260814063,-1.2232802250518273
-0.6444564544281445,-0.39359500902382577,-1.241949061042645
-1.773093061678684,-0.5782307289574825,-0.28262198456516846
-1.7733218748470805,-0.5649015205717445,-0.26662402469787044
-1.9464151285488127,-0.630430922933841,-0.3839607277269825
-1.998565983302191,-1.355677104456532,-0.1885782757421825
-1.990715325133183,-1.4240892943902392,-0.42153734644757485
-2.0507630258686422,-1.4198780348373947,-0.4137621551488829
-2.0732499810583636,-1.3617836378521366,-0.21188833726777334
-1.7944076299739173,-1.5841544338176876,0.0009262446444903928
-1.421653676887476,-0.7231834169707496,0.6090930493688728
-1.7726501425154542,-1.4510743514905113,0.23166771155970167
-1.9619815774759053,-1.136218289433044,0.003810730578267732
-1.9908068265587064,-1.4556760825947113,-0.39137558735869526
-1.8785903049683208,-0.5521413166781157,-0.23662038015755785
-1.0948420695506713,-1.0188593265683097,1.0234491925024052
-2.035531698050014,-1.624706489090282,-0.3080990083966578
-1.2306491349650925,-1.0432249082030365,1.1378906707846599
-1.7121526127530273,-1.2179428544629969,0.022791482202995532
-2.0356842004258864,-1.6773511360977356,-0.25782940991519177
-1.9597952683320206,-1.5117301660569111,-0.4666312934629015
-1.998482106995461,-1.3267225486024328,-0.21622655490698875
-2.013637018057853,-1.3519500455594795,-0.18200661796966672
-1.8485546559835069,-1.1092032368047593,0.11546078909499735
-2.0431079115470387,-1.3692377556462416,-0.22503165281280496
-2.06075734245119,-0.5425983560878949,-0.47122323867778715
-1.6369423162317944,-1.2865905636053394,0.03768931189780923
-1.1716949195768067,-1.0165383067580283,0.7503625252146348
-1.915731013329941,-1.47650964270613,0.08451041383990318
-2.1717964957649403,-1.4583315581367904,-0.2672730554551864
-1.667770864984701,-1.177618034722742,0.059222215141467485
-1.8847119491936375,-1.3453391360241216,-0.11207164789817822
-1.6972111520350004,-1.3484589112247563,0.11175470567741556
-1.4066130830024,-0.8297355841662105,0.6719817491475512
-1.602681471687678,-0.7390000542646918,0.7457629808927481
-1.4578158263705832,-0.8667572172028526,0.7998196251702361
-2.36808921221863,-0.8725415834781924,-0.9653929344010579
-1.260707328169687,-1.0068162345548322,1.1233857071648854
-1.8415963552635093,-1.1471672891100357,-0.04124473596178923
-2.0057863598888455,-1.4203622354931869,-0.414965688675059
-2.0137056441269956,-1.3756401367128337,-0.15938529865300702
-1.3824606525922714,-0.8853925116881147,0.7669613363076571
-1.7340701681015684,-1.4985959950449177,-0.09576046845177552
-2.1717278696957973,-1.4346414669834362,-0.289894374771846
-1.9684086635532791,-1.3578667575498917,-0.2067485511353607
-1.442813470665919,-0.8121333193448879,0.7630635641766902
-2.059124626601411,-1.4355292334817384,-0.07180636738548068
-1.9833275270696686,-0.7887385022180645,-0.5804822577048717
-1.8854288163239503,-1.4286868811424087,0.0185840198893323
-2.14108242975765,-1.442705476458235,-0.3567152049131248
-1.8847119491936375,-1.3453391360241216,-0.11207164789817822
-2.013759019958551,-1.3940657631654425,-0.14179093918449406
-1.8779977052568917,-1.3854935756329512,-0.24115153792230887
-1.7424928823711303,-1.3609678256869526,0.15409099831162237
-2.043916339707463,-1.391876110072083,-0.12362066379131566
-1.421714677837825,-0.7442412757737309,0.6292008887614593
-1.3675039946185132,-0.928603055840757,0.7980918773962407
-1.779214705904001,-1.371428548303488,-0.15807325230578878
-1.999748591970258,-0.6561189720012801,-0.5118661417696324
-1.9081931505997718,-1.3964650842914554,-0.2104138629087642
-1.8026883351731975,-1.337881216312078,-0.3117346697781378
-2.140876438963778,-1.545972429803462,-0.3123670024705132
-1.7425158107093672,-1.2868234748296994,0.10882571554615277
-1.9836169504472263,-1.4015198809595473,-0.15493425472952563
-1.5423973326650287,-0.7539082898529014,0.7194763498026849
-1.9987718615096186,-1.426747377916594,-0.1207143177922034
-1.779260344030319,-1.5615591692110133,-0.030780212368758404
-1.4669811579363674,-0.7514857255351822,0.6665102215475196
-1.9771136131819165,-1.1535490893389728,0.03049022774336989
-2.1411590650640417,-0.8742302026262683,-0.7144218940706422
-1.4728868611262456,-0.8630301583058002,0.8063912829427518
-1.7727112030703913,-1.3798360313965745,0.19236911309738694
-1.5575828501663072,-0.6255826203946961,0.6581387613609208
-1.6912646669917812,-0.9542217585593539,0.2628396171396916
-1.8092652143852148,-1.4246838212018293,-0.11568525799473584
-1.4669277821048123,-0.7330600990825736,0.6489158620790066
-1.2621211281107811,-0.9941759533757139,0.7897924718497296
-1.391481047296389,-0.8124047842602816,0.645302251982449
-1.794278055936282,-1.4573654359529813,-0.09460863660244528
-1.9751713078394282,-1.6132924011747651,-0.3595204387274538
-2.171713003576666,-0.8345794049469978,-0.677762823018243
-1.9686297919982938,-1.4342014957106988,-0.133857633337235
-1.998626931270684,-1.458776011167885,-0.11566471381190663
-1.2618923745469723,-0.915208982864534,0.7143880741275307
-1.367732748182322,-1.0075700263519374,0.8734962751184396
-2.1256529018322428,-1.4970548416930614,-0.36920825872449486
-1.2921031231092956,-0.8494039083154119,0.6973469864515323
-1.8849100896958282,-1.5881144039391,0.06549099052031816
-1.2921031231092956,-0.8494039083154119,0.6973469864515323
-1.8243895719905763,-1.521423436665757,-0.03871351821601728
-1.9536273833117745,-1.4616186457611053,-0.11780797179309127
-1.7072513252940216,-0.32289053076074903,-0.03623694338242842
-1.6518684737303777,-1.2328510900512066,-0.00349514888706767
-2.050587595154533,-1.4413777386871949,-0.4187664708648791
-1.7500258822055916,-1.5438296140774328,0.03735697758296249
-1.4578845054215817,-0.8084062604478355,0.769635221949206
-1.8402995883636928,-1.4688226136876652,0.026517325736591244
-1.260791204476417,-1.0357707904089317,1.1510339863296914
-1.9600671229719495,-1.3267038415388595,-0.07921335903559923
-1.1552100848800504,-1.032905646834199,1.0773841027572748
-2.050831486369485,-1.6999464007044098,-0.22612295290194317
-1.3825750293741754,-0.9248759969437045,0.8046635351687564
-1.9329000617500938,-0.48403960507430555,-0.3200304072416968
-1.5572624296086752,-0.7714071363927051,0.7175904874801226
-2.0661620003370182,-1.4370407881094494,-0.3585172984961163
-2.0507630258686422,-1.4198780348373947,-0.4137621551488829
-2.0654450139975298,-1.5382854007849978,-0.37036009057382496
-1.9683400374841362,-1.3341766663965378,-0.22936987045202034
-1.9756442903775204,-1.4278163532872916,-0.4281090042200906
-1.9984973572330482,-1.3319870133031781,-0.21119959505884228
-1.8330715932809771,-1.3912501193120916,0.24379054342818313
-2.03560794923795,-1.651028812594009,-0.2829642091559247
-1.4065520820520514,-0.8086777253632292,0.6518739097549646
-2.234247214916634,-0.5706666138640804,-0.5700711460476784
-2.1432337066672513,-0.6467253509813606,-0.6380211639061366
-1.3373849064272816,-0.7798717748692369,0.6868775565480496
-1.2757273122165682,-1.7669516567754142,1.1388653988515738
-1.8484195633996952,-2.1004894367819547,0.261738426774644
-1.7279477026574845,-1.977034418278669,0.5981794986230351
-1.9160613311472854,-2.197646514537108,0.10688028356515009
-1.4269590426606875,-1.8397851031511196,0.8541416334678713
-1.8859699282262863,-2.0360357485492715,0.46767042250419616
-1.7577084036426838,-2.0123059097712206,0.5978609783569924
-1.8782260150976569,-2.151554322376742,0.2765007860530412
-1.8560337899042452,-2.032519091895067,0.46958534237145394
-1.5795237245942735,-0.2270386817951234,0.10487932422521862
-1.78822421656134,-1.9594939503400866,0.6219526497890249
-1.712815666951473,-1.9597036183727403,0.5715000014579329
-1.6902649485883166,-1.8912906942288386,0.7586631617374914
-1.5098320256404614,-1.9064509534586747,0.7058325038987425
-1.9388457719336696,-2.0781270833996404,0.30116837340973873
-1.2306438879509287,-1.740839735514535,1.1090738617055826
-1.8630863542728522,-2.131591290120441,0.24730780896386567
-1.8104164417547524,-2.078529180821762,0.4288680934706123
-1.7353026221411945,-1.901609221387482,0.7733738193390425
-1.5998768656483107,-1.9268142093630165,0.731800614722763
-2.0232881446901,-0.44851608994012787,-0.29316786022696845
-1.3281912869226524,-1.8412396715109487,0.9488475942497491
-1.8107673098057027,-2.025274642133615,0.4322760095853933
-1.4651806364912732,-1.668548539129199,1.0634362570479032
-1.5923666815656419,-1.8441452969205725,0.915481513078544
-1.788392022156656,-1.9353620141399137,0.6244434855809478
-1.6672898202275033,-2.037300495503908,0.560944511645971
-1.335980950764043,-1.7415144917857137,1.155098110245344
-1.7126859869501254,-1.9969967163247762,0.5815765652863766
-1.8108283107560514,-2.0463325009365967,0.45238384897797984
-1.6450975950340911,-1.9182652650222318,0.7540290679643836
-1.9176688465179093,-0.5145308325219036,-0.3265794208820622
-1.7128690427830284,-1.9781292448253487,0.589094360926446
-1.803241875485447,-1.9373412649904258,0.6109299480930277
-1.826021400394268,-2.002680111737136,0.4463654629979785
-1.4939753784761682,-1.9877325338779215,0.6647967347318583
-1.4565214375753972,-1.8886596014423536,0.8412783577136125
-1.7806786161259331,-2.051154386380329,0.4367270535088749
-1.9163103038081009,-2.0149786239564844,0.49335849353744377
-1.569505989591321,-1.937342404554313,0.6960586239932223
-1.5919270213303978,-2.053303557638797,0.5255727428593187
-1.411331208664791,-1.9077374751846288,0.8291038241682851
-1.422447291910625,-0.06371866145178114,0.26982986760627536
-1.6973861390260663,-2.0140529836075665,0.5590069476465628
-1.667602562684486,-1.9708847950638975,0.5517850281403854
-1.0051068190355315,-1.4316836362220189,1.7869086194415156
-1.8407110732465368,-2.031423531138193,0.4328745696422089
-1.8103630659231966,-2.0601035543691535,0.4112737340020992
-1.7280697575400383,-1.9371090879762602,0.5855894548705181
-1.4567044934083004,-1.869792129942926,0.848796153353682
-1.8781726392661013,-2.1331286959241336,0.258906426584528
-1.5544807055484204,-1.9568628575536013,0.704567845765146
-1.7804269342238874,-2.0463317667264027,0.40658793855214576
-2.158716610424213,-0.6108016121991426,-0.6079337506262535
-1.6295994410395418,-1.9489245391037044,0.7189146948363537
-1.599663309340233,-1.9351527514609534,0.7142288993864003
-1.569549031062853,-1.7656452884219993,1.0674785985532265
-1.585515185490611,-1.8369195542226944,0.741158984421094
-1.9761090318827441,-2.1934352549842635,0.11465547486384187
-1.5320139164738498,-1.835363441355428,0.8665735626718211
-1.3208870406519997,-1.7373448536316483,1.1409860127006082
-1.5770973407394897,-1.861475362616307,0.8963650998178123
-1.6822998540328162,-2.0125155778038737,0.5474083300259003
-1.682688847677735,-1.9724222008675902,0.5633836457610478
-1.5474672005789927,-0.42497835169504394,0.008711919066320004
-1.7355951918602939,-2.02504246511945,0.4069355163628837
-1.6069294300169177,-2.025886407588391,0.5095230813151747
-1.9083680846089814,-2.1441002045826374,0.2896441015980728
-1.3734730172587821,-1.853748585973145,0.991183886883956
-0.7347788955735941,-1.2198488594005914,2.068513537055298
-1.6599626986004699,-1.9255089805734893,0.74554249032461
-2.0363931709053937,-2.1785270193960535,0.14094210595390505
-1.7657372613716185,-2.0175883473253453,0.42007883190791534
-1.8934801123089544,-2.1187046609917157,0.2839895241484153
-1.5925039866857835,-1.8094844313189091,0.9079184291741735
-1.9002638642139191,0.2720202377779476,0.42836083679001363
-1.7426144935306407,-2.008136271617155,0.5837488808122567
-1.7430263625319402,-1.9759395917319893,0.6072646363196241
-1.7730998059741223,-1.9447953827845306,0.597786632547996
-1.4714448262281632,-1.7397257965505886,1.215839429799201
-1.8785921333861952,-2.1035642483893406,0.28493566201596887
-1.4641051636047717,-1.8101603271539748,1.039071353614129
-1.5695136147101145,-1.9399746369046857,0.6985721039172954
-1.660145754433373,-1.9066415090740616,0.7530602859646796
-1.9236069315826918,-2.1059860784968656,0.29210587984530023
-1.6751127467671543,-2.0535537075063415,0.3681041297846046
-1.6558551917329125,-0.11461362663861195,0.18223300004630866
-1.2850195615606146,-1.5089376048295293,1.404624248953668
-1.7955742201674867,-2.068927031333076,0.43829439556539457
-1.6827117230341164,-1.9803188979187083,0.5709240855332678
-1.6148792743348304,-1.8993970593126102,0.7157509531786191
-1.8336203766612302,-1.9294453021495017,0.6491854187466418
-1.7806328654131718,-2.035360992278093,0.4216461739644351
-1.8334601961847081,-1.9562094707000475,0.6492080628787923
-1.5556602208568029,-1.664611812199493,1.1204605631515112
-1.5620186808650336,-1.8625701891629867,0.887279962121223
-1.320925166245968,-1.7505060153835112,1.1535534123209745
-1.9162730590374881,-0.6378850407279457,-0.3971040432720141
-1.8781726392661013,-2.1331286959241336,0.258906426584528
-1.3813923611015204,-1.716730308295874,1.187357839051107
-1.517164063145059,-1.833384190504916,0.880087100159741
-1.2606029016293503,-1.7522530892198578,1.1146993816105448
-1.8179190007186268,-2.158565860913834,0.24267371519075814
-1.5848134560114415,-1.9331735006104416,0.7277424368743205
-1.4562849992882065,-1.899356577477719,0.8227669179222411
-1.7578609656231439,-1.972654377881756,0.5887241389835572
-1.803089320127719,-1.9667376658913438,0.6134660721492515
-1.7203765176244672,-1.8733076470332433,0.7617525575862297
-1.6452434127191133,-0.5120490793057194,-0.1355163885222158
-2.014590820180256,-0.6554659905014195,-0.5278931591816258
-1.472172146927675,-1.8286039264599625,0.8738566067854188
-1.8193982737645902,-2.6692189368861308,0.7302888204609779
-1.8345150592330142,-2.6812852720913143,0.7519413577779336
-1.510723998971016,-2.4708004131659376,1.1649275379455988
-1.2996199918828144,-2.390933653481822,1.453481143063817
-1.2694702972526961,-2.3957555389255547,1.4378243475947121
-1.3224578151234865,-2.279584717808417,1.6587628770597078
-1.3224300238895417,-2.456546298641476,1.2923698623478501
-1.8420987852623891,-2.6027859978029353,0.9497343536784504
-1.540942319670277,-2.4896686188755597,1.2032056527313633
-2.1402361541580013,-0.9761904587615798,-0.7479236368778513
-1.2619677382888215,-2.3157188588334825,1.6240187258745664
-1.8947915731368699,-2.6637448041527327,0.7757145089439237
-1.3975411342618698,-2.445975747841207,1.3042032314949843
-1.6160381798050174,-2.473833603374546,1.2100120620303514
-1.706510139051753,-2.4672646440944663,1.2645228882098858
-1.3674219401069256,-2.4613265626864296,1.2986003557221726
-1.4202187704032876,-2.3716461117068937,1.5161083249402367
-1.1865668137977476,-2.3185607592165085,1.5760795574675477
-1.766880923226951,-2.576505295697988,0.9027122655942895
-1.5635742050989332,-2.3995455886390107,1.400029866632176
-1.7571372416109496,-0.6970792057417098,-0.3101279855245271
-1.5333558843996724,-2.3806773829293886,1.3617517518464113
-1.6989492883787594,-2.553660615433963,1.0742703320815892
-1.3824853497437946,-2.454967271439005,1.302658533570615
-1.7818146462397397,-2.6176942333911453,0.923447722588387
-1.4429906768160468,-2.4240975951146844,1.342429644603903
-1.73653291590361,-2.6051853189289487,0.8811114299541799
-1.5557616659011613,-2.491374071313127,1.1862389108643612
-1.8194668998337324,-2.6929090280394843,0.7529101397776379
-1.5783935513298182,-2.401251041076578,1.383063124765174
-1.4578405235221064,-2.436331976953743,1.335516822433194
-2.065964078384984,-0.8558461975724384,-0.7539035423825827
-1.4879749679146372,-2.4262456268092656,1.3461466580541526
-1.5181905793726684,-2.2576233222843376,1.7407638678554813
-1.3297163106813772,-2.367686141585481,1.4515435790644087
-1.616068680280192,-2.4843625327760357,1.2200659817266442
-1.8044236563120148,-2.519674506103478,1.1127314967169797
-1.6537209338741852,-2.559577327424375,1.0495283989158948
-1.2468890784143656,-2.316813685380163,1.6149335881779774
-1.4127009612018258,-2.2863449669140765,1.697275743371944
-1.2621431756256625,-2.283964023995136,1.6224223262733515
-1.6536828082802169,-2.546416165672511,1.0369609992955284
-2.186924052693699,-0.9836819906828316,-1.035093344165662
-1.751626826015653,-2.609354957083015,0.8952235274989159
-1.5708022001816495,-2.4771180830145836,1.1827566489405836
-1.9400046774038568,-2.652563627461576,0.795429482261471
-1.9400199276414443,-2.6578280921623203,0.8004564421096174
-1.3676709193904737,-2.26840354111726,1.6784778503772553
-1.5416211737930656,-2.3855179754366933,1.2090817605059168
-1.6236017397192408,-2.5749281422695973,1.0439255231430833
-1.6235712392440667,-2.5643992128681066,1.03387160344679
-1.67632994394646,-2.4615576001367074,1.2388121730444874
-1.623525488531305,-2.5486058187658713,1.0187907239023501
-2.1204770571148113,-0.589283201285769,-0.4659162390388677
-1.6536675580426297,-2.5411517009717666,1.0319340394473817
-1.6536828082802169,-2.546416165672511,1.0369609992955284
-1.4578557737596936,-2.441596441654488,1.3405437822813406
-1.706634909798269,-2.6045746930380616,0.8889930341245931
-1.284564207364739,-2.3999251770796204,1.4519364451394479
-1.638642273999729,-2.5606721539710544,1.0404432612193057
-1.6162212422606528,-2.4447110008865707,1.2109291423532091
-1.6612589091907979,-2.46528465903376,1.2322405152719715
-2.0680907646506177,-2.708048301077973,0.6668353260098897
-1.5032748158386962,-2.409189359526475,1.3687162756939661
-1.5548172041851391,-0.5344114326880338,-0.1749463351573106
-1.6162441176170332,-2.4526076979376894,1.2184695821254294
-1.254795881260746,-2.3620214532366957,1.449741485481417
-1.0813490502668335,-2.162256079328197,1.9200093674113128
-1.69910185035922,-2.514009083544498,1.065133492708154
-1.3676278779189417,-2.4401006572495736,1.3070578758172506
-1.7063908463922852,-2.6126394367230534,0.8679681144091482
-1.7214618811479476,-2.608912377826001,0.8745397721816641
-1.2920869324437652,-2.3003680439882603,1.6296216016473781
-1.5557692910199554,-2.4940063036635003,1.1887523907884345
-1.79683993028264,-2.598173780391858,0.9149385008164632
-1.3930908358836522,1.0167098711138207,1.1617159039455114
-1.3599270062618447,-2.3839221149447303,1.4873082139261
-1.480421742360437,-2.5152738304991344,1.1584075818499289
-1.706456763220198,-2.4488390176418573,1.2469285287413727
-1.8196548781669315,-2.478928147667334,1.1126797950401335
-1.4956529642153538,-2.4745274720629897,1.1583558801730829
-1.329967999206155,-2.3622536302508617,1.4750819787039269
-1.714012698015628,-2.547301324186538,1.0783285099300313
-1.676551131996064,-2.4455961594005973,1.2522966529877122
-2.0077608749152067,-2.707163142563947,0.6254678153753865
-1.4125816685423576,-2.4317197595426636,1.3007209695712068
-2.1032578388092324,-0.9816832985585521,-0.9303625212321864
-1.1865668137977476,-2.3185607592165085,1.5760795574675477
-1.5266187651065453,-2.4129351254871003,1.2251314220500609
-1.653919246567407,-2.5357191896371463,1.0554724390869
-1.5557692910199554,-2.4940063036635003,1.1887523907884345
-1.5635589548613456,-2.3942811239382653,1.3950029067840295
-1.3674295652257193,-2.463958795036803,1.301113835646246
-1.2317799180647349,-2.3073795825253516,1.5957945307850947
-1.5858884851748989,-2.478655488818277,1.194355266561246
-1.7970687434510368,-2.584844572006119,0.9309364606837609
-1.4580159608589476,-2.4045771421153956,1.333920422831979
-1.9909036279802497,-0.7076069955793131,-0.3852027417284283
-1.7290837327712905,-2.543574265289486,1.0849001677025472
-1.4955232775912741,-2.5220757010035726,1.1750331593187378
-1.6385965232869675,-2.544878759868819,1.025362381674866
-1.3827065377933974,-2.439005830702894,1.3161430135138397
-1.2318485441338773,-2.3310696736787055,1.6184158501017545
-1.4053079227468794,-2.338353871064854,1.5029133077183592
-1.0210420358878032,-2.1692676178652883,1.8861822965490296
-1.6388024610989833,-2.523652854431963,1.033819901769944
-1.5861020481057084,-2.460061815731794,1.205326266580398
-1.8497996569194861,-2.658964540107779,0.7694840155696008
-2.30225509433003,-0.6300887486203781,-0.7098936979770335
-1.7151352461612897,-0.37045673255471084,-0.20236877053399718
-1.5484269191553346,-2.376950324032336,1.3683234096189272
-1.5752780317832196,0.18526338506141474,0.4270280550403785
-1.8622226158992863,-0.7031864733475085,-0.28764213662428395
-1.8963385312801888,-0.2724774871019352,-0.12010096114902656
-1.601754082004385,-0.3489799430401158,-0.08223854779003896
-1.8677905553197753,-0.14297438989131542,-0.05017489881589034
-1.8356653986126206,-0.32747909962642824,-0.16236290797423725
-2.014633861651788,-0.4837688743691057,-0.15647318462162152
-1.8204723089744046,-0.37113148882588953,-0.1563445219942362
-1.6361570945643509,-0.7590923568032945,-0.38621700321202085
-2.142272663544511,-0.7457795763533552,-0.6774895910165011
-2.054170069274562,-0.357969187510139,-0.25404059751479713
-2.012493303220665,-0.8750741450952089,-0.6118343291183511
-2.0043451528322627,-1.0151665001696712,-0.8306069564700111
-1.9118290601559444,-0.23918598067008973,-0.08750006794507006
-1.8416806223114268,-0.5710691166398953,-0.40303866051244447
-2.338043560010393,-0.7267242115925924,-0.5895219159175724
-2.0430243663769088,-0.8275266503648205,-0.582715697838172
-1.8786513059186696,-0.5731991754810969,-0.21651254076497153
-1.7319425954655685,-0.010253315167093421,0.23856175615195413
-1.597279576024935,0.04999291543068427,0.22391222315782316
-2.0577064074876525,-0.8638929684040516,-0.5921193558008037
-2.0244474938833306,-0.33585885776945085,-0.24115467762838802
-1.7327739585869615,0.05150781225286518,0.28810674709076234
-1.9717623311276429,-0.27753228377002714,-0.06462135296978802
-1.6832999035728808,-0.5626900927070672,-0.2784509804324599
-1.7355884552633083,0.36210544853365667,0.3904914244224075
-1.895766481802367,-0.3314383355376463,-0.14359407252424355
-1.9537880075113399,-0.7477607009779488,-0.5600785421783929
-1.6330604165865048,-0.0440103151911572,0.3417705252932111
-1.5421002841686768,-0.1384946787610461,0.29141486690326573
-1.705504676385382,-0.4892441466663918,-0.1167701972043725
-2.0443515211654555,-0.6907374819939707,-0.5282116794476686
-1.7731540626290332,-0.5992885877604637,-0.26251414517258215
-1.6254793997983594,-0.3100000997140855,-0.21236156562287017
-1.81930533466238,-0.48115648864619387,-0.21087118451689005
-2.1863416688558543,-0.8525200965336204,-0.7047608404493878
-2.1573436983001733,-0.7420525174563029,-0.6709179332439853
-1.655267892017504,-0.16831001037357787,0.1537129288229451
-1.9794174454492461,-0.3281725629611805,-0.25335185530586596
-2.1528996994186294,-0.3433534573984469,-0.3613139579170414
-1.9083689720550694,-0.7699126521174157,-0.5948517509082296
-1.6504577748474218,0.18239897569687644,0.4548820281869611
-1.9863403298165057,-0.46453785913859047,-0.46555282488501026
-1.5951668088277575,-0.16435077446235996,0.13494409337295138
-2.0336939925146154,-0.06205141172133012,0.009523292929266527
-1.7607144687168146,-0.3112854818761522,-0.17421892125352212
-1.7606992184792274,-0.30602101717540686,-0.17924588110166875
-1.8737218960891198,-0.3678649820392297,-0.31189821520169253
-1.5949837529948545,-0.18321824596178748,0.12742629773288194
-1.7603483504282769,-0.35927555586355364,-0.1826537972164498
-1.8272273877463479,-0.5316287212034726,-0.3710363273653035
-1.883044645908341,-0.12037985949483543,-0.036085445403305105
-1.8865199831710822,-0.605245781585767,-0.39427204308189817
-1.8193205848999672,-0.48642095334693924,-0.20584422466874347
-2.2829966573967124,-1.0654092180668362,-0.8884349310161375
-2.076583482517577,-0.4610429772557037,-0.4336406738899849
-1.9301847445999198,-0.7468152140015702,-0.44254556809807877
-1.8800013426863291,-0.4340515731728187,-0.1610687979194595
-1.695853934947312,0.2124476238874612,0.48211479714457794
-2.0669834065941117,-0.6006144517574218,-0.33138746554685616
-1.8046309186704297,-0.44742240295733543,-0.198954046630185
-1.9403568700012068,-0.5482828910641412,-0.5213056650659907
-1.8886098750118792,-0.3830053946416049,-0.3128443530692462
-1.4822051321682146,-0.12356466840151842,0.2877042668655614
-0.09369450525166706,-0.7972790801948116,-0.7793316803358595
-0.4042728563466994,-0.8785281695015318,-0.9492674464058247
-0.23162939963807053,-0.719091741954071,-0.4806512486154647
-0.6129255404137969,-1.5833140591946282,-0.6432298413808001
-0.2834905716475474,-1.6140320899970453,-0.5705637823519514
-0.4256868348839306,-1.8602256991175399,-1.0340496169404731
-0.13977671411555945,-1.3322955351712524,-0.31466282806088697
-0.2921724416949076,-1.3372013486714927,-0.01906838829471505
-0.370858435052901,-1.7627852873094978,-0.7711901578379128
-0.15653312889394624,-1.3707448787449643,-0.07821330824735723
-0.4196713937147639,-1.5725295680176505,-0.4583753788171183
-0.3135792653273168,-1.5881523457503322,-0.5750148262754329
0.15896660703127274,-0.6631389123914032,-0.6155444162338936
-0.7086959544902108,-1.9656858436899878,-1.1762360454023295
-0.35034403509682166,-1.3788348427167643,-0.20499732738070156
-0.295243947631018,-1.7842208607790075,-0.8301003262640831
0.14478081455619024,-1.4821373095912296,-0.17445774476064707
0.038261520570732184,-1.3677963997543028,-0.07548058916729684
-0.5159986335223404,-1.849655515422368,-0.9993182925804218
-0.45595568828202254,-1.3409532607502552,-0.15429710069804758
-0.18309056775705432,-1.588650292206481,-0.3267399772885815
-0.1691026442521505,-1.432887533452037,-0.3196346823376721
-0.17903828752377324,-1.5084910468272383,-0.5890529723876584
-0.0650321525093491,-0.628292497728602,-0.7471078168638224
0.19502291755183693,-1.249162299135206,0.26923040675488363
-0.04185819739886813,-1.7897135972549607,-0.6542664728950547
-0.0361479199270143,-1.361183616444863,-0.13647020542183658
-0.5850561440178736,-1.589503326713078,-0.39137450834424303
-0.06442154033724762,-1.3509308296565146,-0.3475211169234659
0.12977074763721694,-1.4060767369484637,-0.2209975029667735
-0.35564249654923186,-1.7575204555036557,-0.7991150728989765
-0.3655475996092878,-1.8841258254086444,-1.0389829907419883
-0.49997133763000684,-1.398502761512272,-0.21896485555108064
0.057893452844011054,-1.6496522266240405,-0.4146204797534244
-0.2779789909873715,-0.5668463740640257,-0.4296649631059789
-0.12337847158949466,-1.5548528103475254,-0.32293278168621653
-0.6213280910848571,-1.8169326463775346,-0.9756096699163677
-0.34062483762512474,-1.7796731408533164,-0.788092371202979
-0.4612389259877734,-1.6733538848822156,-0.7798446673333139
-0.1938346921709572,-1.604851112099152,-0.5475530008547684
-0.018895680367813958,-1.4490379687647748,-0.3448751761010056
-0.6146490460304895,-1.6386516234172555,-0.40078457971941966
0.16339069613364765,-1.6757416389034074,-0.46062208416103495
-0.5707707812754305,-1.423379685191018,-0.4228884925772911
-0.48611587765458664,-1.854309354232225,-0.986409728561862
0.024807010999318386,-0.8060360825782462,-0.60176667529832
0.04259357180629198,-1.5813203043985182,-0.42505443869966664
0.011452326955526617,-1.4777179919957357,-0.3664760117411154
0.034247299704099156,-1.3322431734962183,0.10825785313930156
-0.5092891211064581,-1.609569908117866,-0.46755069866582294
-0.1680958173029882,-1.567424019664528,-0.3411804124064204
-0.4018700197705147,-1.6657106798931123,-0.7223373130025514
0.2601984111434703,-1.3763568872648622,0.014381608826608055
-0.5311840781735672,-1.8341362868381734,-0.9880480125328627
-0.6121094010390631,-1.6913601752695175,-0.6613450112026167
0.05484276594784398,-1.5271800985216324,-0.1440740609703854
-0.24321498989442142,-0.8826470559705669,-0.7624807742711529
-0.47089993915091766,-1.849044522426383,-1.0143346436229257
-0.5965426077299073,-1.7188396201747294,-0.7058792730128838
0.024715946674106527,-1.5144615160267823,-0.13595770527350046
0.024418474322907217,-1.4735467438516663,-0.13034200267559884
0.08490855778030447,-1.519936015865278,-0.15848543854352887
0.2704925277166411,-1.3206102872617964,0.2580763568861059
-0.2586593375798356,-1.5001456696920037,-0.31591426499290726
-0.40417325958841066,-1.5724234491334839,-0.5132918978967815
-0.22315305679334257,-1.6105146991326467,-0.6144447729105277
-0.24538836730076038,-1.2944139532047436,-0.26396260137823296
-0.05357359420713628,0.24590362107482355,0.25168060782923696
-0.4050732421562143,-1.5446075438554256,-0.43452487232410264
-0.5065511567990777,-1.6963917287459036,-0.7274544550028138
-0.4710267230376849,-1.3372262018532028,-0.14772544292553183
-0.4097967845071502,-1.4667082585026983,-0.20185282596060156
-0.28365073225587345,-1.618033314412139,-0.5507842805324681
-0.22831133025649505,-1.5288256929229642,-0.33751510063301676
-0.3494592431620173,-1.504211391592485,-0.21933095525033303
-0.40379953604927515,-1.5870158978048734,-0.5440423997354161
0.024921857995194405,-1.4946668975094526,-0.1708180866374232
-0.3111234635289603,-1.7210911083994247,-0.7749234020077678
-0.03237306529560873,-0.8951743486398359,-0.8636208224598086
-0.5763971824405542,-1.822955110147016,-0.9683330392153153
-0.4157588498447614,-1.73597876314998,-0.7951214235524696
0.17003914799459297,-1.3644177115049687,0.03184691129124945
-0.6819859536466423,-1.7874319621179355,-0.91857253698767
-0.29926333588237913,-1.5140510847122457,-0.5505755770326622
-0.5256720869040077,-1.422768692195033,-0.43790484361979515
-0.048038548048770065,-1.5787525695335334,-0.3507641107006489
-0.5060706484831713,-1.7254085794548075,-0.7603900991924183
-0.47635567834253745,-1.7366958750301313,-0.7251885534303022
-0.26209903136638546,-1.317069902676219,-0.04259396110914303
-0.21896097268925957,-0.47518323742113633,-0.38855183861206904
-0.26857969750021105,-1.6217603733091914,-0.5573559383049839
-0.41938917160115197,-1.618708804893512,-0.4589641215668733
-0.17505705135730815,-1.7508014606916777,-0.8824131832675575
-0.3435153970266257,-1.6019241333930831,-0.5703290308254794
-0.38555574626942785,-1.7736506770838354,-0.7953690019040318
-0.1932292461033807,-1.1787578085122281,0.2955857325995592
0.16008828759904298,-1.4965613445236472,-0.19954084232453417
-0.34940589382139,-1.4447652411856908,-0.2633281759876909
-0.25861358686707386,-1.4843522755897676,-0.33099514453734696
-0.26836616106032973,-1.5993335224414895,-0.5947297995929802
-0.17383939633872397,-0.47693067836257974,-0.4045079141095818
-0.5520007059759872,-1.6642584450308342,-0.6958287572111064
-0.5255576770084434,-1.4345608618821752,-0.44260346589483845
-0.5968782387887347,-1.639810354808744,-0.7206997473806718
-0.22845620751357387,-1.5788381075800448,-0.2897589820756243
0.0694179825454249,-1.414858592513608,-0.17208955256005073
-0.13875463692880988,-1.461567556682998,-0.34123551797778184
-0.20879897526350882,-1.5642728002968824,-0.5761700620192786
-0.20773110762760563,-1.7392822136376707,-0.5782193395773461
-0.6367728493796551,-1.7986131388090927,-0.9382875103052173
-0.3640421709739078,-1.485848427099779,-0.2746112828603399
0.2354582678918984,-0.8228383980755533,-0.6796740172884109
-0.32379463858462293,-0.5174884093271944,-0.36980224339971024
-0.07835608801059611,-1.48826796195835,-0.37222077134288845
-0.4200142127920733,-2.1729711802461025,-0.03503516232489275
-0.3141432724542291,-2.1726325172426724,-0.13819012983998286
-0.2844054600708745,-2.124747460824147,-0.14353260043614285
0.29479740213450195,-1.9537885312280479,0.11396594163187836
-0.47759082175519685,-2.3579650045728853,-0.19259121470341517
-0.20279074860375212,-1.9150270228372437,0.41126200569524496
-0.2815148410647857,-2.3947926471812986,-0.3018895029587415
-0.25410322995122364,-2.1282003542031576,-0.17645541780065765
-0.20103958564460936,-2.4057267997426415,-0.665117217650577
-0.32740747194693814,-1.052820103857071,-1.0441475492989765
-0.18407408224952412,-2.1230557541869364,0.12291252394388695
0.038200956720694866,-2.0656929038013487,0.38027446116122976
-0.47778148283869737,-2.3724951583894693,-0.1627577931876385
-0.5680934073090153,-2.1670774859119146,-0.2534400598546005
-0.021877363699114683,-1.887418215856159,0.2792906964464128
-0.21809051043229524,-2.0312874584055565,0.5196409224588044
-0.40481348478959944,-2.2345015990722836,-0.01832882563454245
-0.2816522190349787,-2.247325340705624,-0.3820604553524353
0.046974394420898395,-2.4134881668078934,-0.13537553881277387
-0.06738016287567158,-2.0685580473760807,0.45392434473364657
-0.21655836488240818,-0.7228188008511234,-0.4872229063879805
-0.19951890677164194,-2.00218493673303,0.09422753038292507
0.249721702328636,-2.131095184966751,0.2402547286119642
-0.43237771748820975,-2.369146181264042,-0.21230618802096254
-0.22959231710016403,-2.0223163827283033,0.11775310319735305
0.06339829583148048,-1.979286295506616,0.6132876719229239
-0.25996314017529754,-2.093829235445379,0.2063008164645837
-0.027203389775727022,-1.8636383213546759,0.6115169270535362
-0.47766719877504105,-2.1894398392942294,-0.29287000648969524
0.08709013345683411,-2.1783506446467378,0.009321306313646032
0.18921634214272354,-2.0489498536996984,0.24702226305919597
-0.2561939363880558,-0.6445788556677846,-0.9069157118049845
0.5378742040682124,-1.7522504989800787,0.8147427983630099
-0.036948398454777036,-1.8836911569591066,0.2858623542189286
0.033080749246922427,-1.8785465569428854,0.5852302959634731
-0.2297676617187575,-2.1341333817296073,0.20856671803709498
-0.34477334956834593,-2.333641269872419,0.03581590084574
0.3648418663011087,-2.045930776396546,0.47431407670038794
0.25948180892243744,-1.8699098719250065,0.4090658893025669
-0.06369639906040586,-2.2699536890654044,0.1661798364516489
0.053500844381145884,-2.1442799570154176,0.3973091354246832
0.5978914970467449,-1.910562521774064,0.9094315412015682
0.15710054466455667,0.22674287164008816,0.1728335413841373
-0.4174440010981525,-2.3177021125823383,-0.23964236033227104
-0.38724099024106684,-2.2118021926765437,-0.33229995312479
-0.13398486702840862,-2.262042879108832,-0.1137369410465154
-0.2541031372329757,-2.2717721880428074,-0.0840454033597004
0.16862853413143225,-1.9026563512666435,0.5298442738308656
0.3947855833828192,-1.967995970472143,0.427510509423094
-0.6980710695972687,-2.226087984717365,-0.5183016114585048
-0.16399734263390167,-2.15856515641566,-0.17632636079678607
0.15281480116990817,-2.372402778263223,-0.26148016321762685
-0.4289706467205919,-1.8986046246370478,0.5475390711440814
-0.03759754020749835,-0.5486509964817253,-0.5038005804509452
-0.31156550186883475,-2.2121799073430717,-0.41131796094354667
-0.02205264871312015,-2.0915313937543805,0.42951074914105575
-0.08871076181107253,-2.252166196997008,-0.15355975375664907
-0.5926194511884859,-2.46281827988135,-0.4238087452946622
0.11392976131989431,-1.9553488131183498,0.224255656019059
0.1989765414547728,-1.9313363744976042,0.5082434381907559
-0.3117942885463035,-2.2398712229115194,-0.36891713980740376
-0.29970524839034557,-2.199987372438274,-0.06155654494142799
-0.4118662864967627,-2.346914518418441,-0.5954069905789122
0.15948612176450244,-2.0429270228251197,0.21684767714522635
-0.25969708223628807,-0.7300648606025781,-0.7001596802121722
0.023046045658302653,-2.090920400758395,0.41449439809855176
-0.3298396331782888,-2.282197201190715,0.008479728534431163
-0.13934145318478328,-2.1564957351119216,0.1691367714020002
-0.2595436659234003,-2.0926282900145323,0.1604694350815093
0.0173507998738803,-2.175766594245716,-0.3261524346907826
-0.07358631811019488,-2.288743284384184,-0.14472219441162196
-0.021549324645420944,-2.0203553685152493,0.32962822732433034
0.14361432370360153,-2.1207368719348145,0.36192113591842545
-0.0935106546909246,-2.0467622703198107,0.005236362089416476
0.12877204251174793,-2.038042842526582,0.2930883959687423
0.14223544772091015,0.2092440251002845,0.170947679061575
0.14381260990589576,-2.103574485767858,0.3295742344785757
0.0019213845349174863,-2.295754455816178,-0.201447220486822
-0.018452887036492175,-2.1270341025154207,0.04400092899685144
-0.16402790271366416,-2.0767979069202323,-0.22567887895539335
0.12872626530805817,-2.0128157126746324,0.28176641424433735
0.008043577367194932,-1.9712070718110712,0.3390382986995069
-0.2693344253152121,-2.128474519721199,-0.15010425820865866
0.12885601815945769,-2.1629152515006798,0.3644508465621042
0.1441633653704025,-1.982491797650715,0.21395415797120398
-0.22402206867199997,-2.3002841646398937,-0.07708087951214575
-0.05115836434171129,-0.7005805774549503,-0.5592507367090022
-0.15384819603605734,-2.0092591372300244,0.022714491379148327
-0.4926924232133537,-2.2622155651918585,-0.24197279040671824
-0.3267279122181129,-2.4348871254328732,-0.24917095305513817
0.27412577742106875,-1.9287457635460101,0.48384266942325505
-0.08158183474788078,-1.9185834653647413,0.2729700209199744
0.15236479332917643,-2.332856998152828,-0.23859843872431552
-0.14926940511029244,-2.332018326022214,-0.03678784539994706
-0.19357499440893025,-2.202448988419092,-0.19076339202010917
-0.48083216973486453,-2.250023030287061,0.10778862559540045
0.2393136341086112,-1.9685385677862202,0.8044736863042311
0.1889816445884596,0.04004777460142146,0.08827116725844608
-0.07911072310734917,-2.1385539422100077,0.1274409231943942
0.10249670655307591,-2.117535135070125,-0.074839891532039
0.008638462465005617,-1.9607404372643855,0.26840045564880277
-0.6647943706557273,-2.4296109846452434,-0.7636324717792697
0.4253776011302878,-1.922699689479725,0.33207903152984986
-0.4873282119381854,-2.3651304768383965,-0.527359982779307
-0.0736320423320286,-2.3455572024406055,-0.10323845359833732
-0.04345197305864362,-2.1450026697004643,-0.2543627597907485
-0.05230912812000923,-2.0722851062731333,0.44735268696113073
0.05318046355990575,-2.0599862269486873,0.3774617012087487
-0.7502049262477644,-0.8890597612570736,-0.8115358651847349
-0.3033313431899511,-0.8611053636168906,-0.7584871249246459
0.17461053235172017,-2.0282284552695633,0.1926816599041975
0.43094350467269416,-2.3235720784562366,1.3992857816685125
-0.03494979251563445,-2.6565550170922423,0.5469961938399186
-0.09833799426600634,-2.5376002798542334,0.8614236031815339
0.025624200362152717,-2.7252653881944875,0.5242080553932383
0.08584733843445312,-2.761231482585678,0.5180292636957615
-0.17378469596076965,-2.5095312496192577,0.8980407898641476
-0.19524489542473417,-2.7789078731507053,0.35968871135194297
0.5595911094350889,-2.5920425029125345,0.8353648718198713
-0.21026255434884122,-2.756755187801044,0.3486660096559455
-0.11334931950405865,-0.5130648193876454,-0.4392520652947231
0.11306838118276244,-2.6527411772637715,0.7657067848105789
0.2582238232670572,-2.55035135346161,0.98220724438773
-0.08321358367878853,-2.522901712298677,0.837257585940505
-0.09476866683723284,-2.6861832279022293,0.5519748559057353
-0.04442013797254622,-2.8279706318083715,0.2892735113517417
-0.4635338350808387,-2.855350799909151,0.22753997186677452
0.13755638556378105,-2.5034782478973034,1.0344521689947532
0.2734245181558711,-2.56060611734506,0.9659100044920242
-0.18011285971872282,-2.761577073244777,0.3330092141868409
-0.05317064071178099,-2.564574850647626,0.8567895094084262
0.14247688957061244,-0.5131889493737871,-0.5507098422508396
0.05572051916071566,-2.748512900090828,0.5261456193926465
0.5244280252216288,-2.4657743275905872,1.0867959363263053
-0.19507710969761452,-2.7722744163852386,0.3373957296083863
0.21855034112115174,-2.6328193993011517,0.691728563665059
-0.30739827529869745,-2.9744784417232317,-0.14367163762355817
0.34343835601539524,-2.468429803132666,1.2108984682298143
0.007159249023630259,-2.5636896921336003,0.8154219987739234
-0.19519151959317887,-2.7604822466980963,0.3420943518834297
0.007555854541878683,-2.5806405747424184,0.7837317724802799
0.29807268314521557,-2.407341963563497,1.214875886856715
-0.03653470924776702,0.03935124355892493,0.16429264692597473
-0.15551803744727336,-2.678014200858555,0.6325730326061011
0.9799280726697378,-2.212501878523945,1.721465299791143
-0.0045178691491720374,-2.7178112704003823,0.53735137093827
-0.029402512162099173,-2.798847662215301,0.267292636461683
0.28836589277838187,-2.5578054712557146,0.9690639288426984
-0.10346576063125246,-2.4556374752316072,1.1349000710799624
0.3540752440265487,-2.654570759687481,0.6372822659874602
0.37873869236714064,-2.5473177961479054,0.9142247650900608
0.022344693674856995,-2.579208920717795,0.8041517187263642
-0.17041366135702243,-2.6650214528456635,0.6143382287109871
-0.4721560287242489,-0.506436002071331,-0.5612155369108177
0.4488593150034356,-2.4695658839730266,1.1570280864768805
0.28854130362429525,-2.5485397821398763,0.9442574671750689
-0.2856711039587083,-2.756545519768391,0.3991186579870377
0.4939961349688264,-2.455793729225179,1.1294443358140098
-0.32105534973084343,-2.655336427664518,0.6904370637055414
-0.17079504312861157,-2.601785581581914,0.614598633887639
0.12778090290048452,-2.575080536857411,0.745254377125284
0.09138696055553475,-2.8548807051163765,0.20783560965554287
-0.14997841532619177,-2.7716634233892536,0.32237937856588234
0.2583992341129705,-2.541085664345771,0.9574007827201004
-0.18641629537108345,-0.730272918645228,-0.5003662219330121
0.040626575935012475,-2.701406883302161,0.5072541403513262
-0.25547565861582827,-2.7455740111098867,0.36838098297349287
-0.23092662017080062,-2.626528877883169,0.650022104351137
-0.1346785607794007,-2.79897482166059,0.3064104762432798
0.4638998161702635,-2.4325462173288375,1.1275067718146017
0.010720951333610066,-2.7149048725319678,0.5084867314221978
0.12800975580527324,-2.6499405311744266,0.768860709161253
0.05248676318618171,-2.5866630385118996,0.7910084031813327
-0.3125947008467464,-2.8649300733112275,0.1194225730054737
-0.02934910321688385,-2.8316976907054237,0.2827018535792259
-0.3894306413821657,-0.8586708890242996,-0.9464418596282538
0.06096269542152596,-2.8422678744005965,0.2479705292191745
-0.0045178691491720374,-2.7178112704003823,0.53735137093827
0.16126351316311394,-2.758808918267959,0.46506313544059624
-0.027950426244614492,-2.4702715453017756,1.0822622803979005
-0.12520055709003533,-2.676202629536821,0.5946232553934397
-0.3427367703580711,-2.8574759555171227,0.1325658885505053
-0.2403435897961569,-2.77951886614669,0.37470506239444695
-0.004632279044736388,-2.7060191007132404,0.5420499932133133
-0.029280444034081213,-2.8592832544948026,0.293084110848622
0.15777806866380242,-2.5915265453544105,0.7534643188688002
-0.5210887180166619,-1.0674377728152677,-1.180657150555511
-0.02307434840414599,-2.5468018385897815,0.8323242121389898
-0.08298476388765988,-2.5464860516729613,0.8278603413904182
0.23327817930378109,-2.652445604079509,0.7322563493037293
0.3236509788925399,-2.641957928971701,0.6774171855510916
0.11288531210439551,-2.6133634437872515,0.760023149816226
-0.13383664993370575,-2.4245990180632186,1.1574406311750807
-0.2826204170625413,-2.879017647870798,0.1285722392039988
-0.2555900353977326,-2.7850574963654764,0.40608318183459235
-0.18869554361717789,-2.5428234902612967,0.9112358070860248
0.13771654617210718,-2.4994770234822097,1.0146726671752702
0.23328447987617576,-0.5987871740198507,-0.5904001940625863
0.010492164656141369,-2.742596188100416,0.5508875525583405
-0.08059762127210605,-2.651839250532676,0.617569508388687
-0.20038032002243378,-2.6483016459357196,0.6026750825883891
0.33888983248898197,-2.690327186046018,0.6815561226210753
-0.11030496629394626,-2.63791972260698,0.5798544827024975
0.4035241757220906,-2.4492247699451006,1.1839551619935447
0.5695420029442989,-2.5111745248365884,1.0997562020217109
-0.0530104801034549,-2.5605736262325327,0.8370100075889432
0.36366765761147835,-2.5435907372508533,0.9207964228625766
0.5093569904659665,-2.4620472686935346,1.0933675940988212
-0.25926994975193723,-0.7775073377640912,-0.715500964933264
-0.08957986640797799,-2.7983638286646055,0.2913941252007758
-0.37297796641371295,-2.884240858277863,0.17838444310848975
0.17305504123148063,-2.6164795096883187,0.7384351410012063
-0.04978438236137448,-2.6737800652191015,0.5416571271382746
0.07731799725389338,-2.472776618206858,1.0456579205403767
-0.06840186256669738,-2.523828492211482,0.8567378077315805
-0.3126480766783017,-2.883355699763836,0.137016932473987
-0.1801204848375165,-2.764209305595149,0.33552269411091395
-0.21539794583288085,-2.6774246155287904,0.6246559574784477
0.4337653717777324,-2.4224598671843602,1.13813660743556
-0.21366023996670158,-0.8056393970640664,-0.7669061645444544
-0.3279337574665341,-0.9985761232962168,-1.0225338868337768
0.26670734750753516,-2.752048302057202,0.403652313915443
0.17336144233408834,0.10037724799675662,0.11739621195117021
-0.08347422186875868,-0.46907523560514336,-0.4568335979381461
-0.2037755280380328,-0.49070246600533096,-0.39982211865962836
-0.48017719762372,-0.8032904605179869,-0.8938557706230374
-0.06535250021692932,-0.5952744226046037,-0.7339516744937008
-0.26389188133356256,-0.4691607736516549,-0.3958284693131215
-0.44944780852879035,-0.895206355012697,-0.9157170114397992
-0.05042612776463548,-0.7965607254297536,-0.5761204886348577
0.2627121978497576,0.18886128967357904,0.12213331470148335
-0.19973329092121878,-0.7119550210667894,-0.7132901689321138
-0.1531091290680274,-0.871991334228883,-0.7887545785361262
-0.008172423922002292,-0.506136156543014,-0.4720975273322121
-0.09265720431825812,-0.8802661130516263,-0.8373341913697455
-0.14082208389080544,-0.5648469584321996,-0.6963947633560784
-0.3596089195784211,-0.8331069316944062,-0.9464290328031638
-0.4129776083731724,-0.5993389942385505,-0.39683232789357975
0.04151004994614973,-0.7860123654571428,-0.8206218356433368
-0.5235368615825647,-0.9831424327585337,-0.950258478161193
-0.2782078107785002,-0.5432620346897412,-0.42026771855589207
0.03740178182554686,0.1669388531942265,0.1896972742739339
-0.34360733555246076,-0.9566722763534905,-0.9758144826725398
-0.36382142002461637,-0.8249712225918252,-0.7237429737395047
-0.31314491833355573,-0.9971444692715934,-1.0021139405876929
-0.0351034044841955,-0.8057202956614259,-0.6062305460468913
-0.37490877412521223,-0.8057955334230694,-0.9304601304805612
-0.1580742903363458,-0.52826826105502,-0.4549862160908536
0.025440081295685087,-0.874704465176615,-0.6255654801144896
-0.13993707037955883,-0.8480254675674841,-0.5874809508345322
-0.5667976139508026,-0.9812285551732195,-1.1559831497862683
0.38643818901263266,-0.16641906486796562,-0.060121922269840755
0.06416773744277718,-0.6366420743216014,-0.3336489087156566
-0.28984677686640653,-0.725242975158846,-0.6845028847430675
0.007066396560779881,-0.5032297586746,-0.5009621668482843
-0.4914424401724908,-0.9998638496584815,-1.1888414386488473
-0.07999616104360241,-0.827557194094267,-0.5996717150994654
-0.38207304987696766,-0.49342184639221887,-0.5865496167207824
-0.4488986410300815,-0.9518087695109796,-0.9382703983600075
0.00769446991736672,0.1295827261771908,0.18498582517380052
0.022559566861013194,0.14708157271699446,0.1868716874963629
-0.3066034662030915,-0.5238493105646231,-0.6241065278584048
0.03784916148726495,-0.5767200267167013,-0.5404177671335588
-0.1532845730276006,-0.82998136840199,-0.7969516934545522
0.21802537910236655,0.145798485803882,0.12023462555383109
-0.19945872041732826,-0.719745966338838,-0.7377682930266402
-0.5844235439354785,-0.9300574091246502,-0.8838241006824087
-0.27486727002719563,-0.7195362983061846,-0.6873156446955485
-0.27623257690063807,-0.5548877677330123,-0.6466470879535231
-0.24100849173682906,-0.6600980842519791,-0.9181859918525438
0.16361142059201098,-0.9738439104412682,-0.9361566363090447
-0.1552295412521946,-0.6295144837205721,-0.7170751147788145
-0.12578892666174096,-0.7805576632948644,-0.5407487198482054
-0.05257704704670925,-0.5543576733343869,-0.5009878204984641
0.5806226104236653,-0.03562985128508501,-0.07413441473188642
0.2049348166089846,-0.7521484090176991,-0.6662702965667273
-0.3340225801999847,-0.7970488313245033,-0.7227904224594061
-0.30431526829180444,-0.7596927043074677,-0.7180789733592727
0.008095857421684546,-0.44130219461077036,-0.6730979230320641
-0.4187565715187567,-0.9592628873050845,-0.951413713905039
-0.4412588539021994,-0.5917184398005746,-0.6053697594711359
-0.3496427824543559,-0.7367193579291681,-0.6936653777666819
-0.017691010939401095,-0.8793182925776976,-0.8410157338627546
-0.3581292028094142,-1.0095476319547207,-0.9917962118202323
-0.32958125996266074,-0.8287688798013687,-0.954873726073152
-0.3033313431899511,-0.8611053636168906,-0.7584871249246459
2.357344985153456,-0.6518217924105836,-0.23129350806038945
2.115041448128102,-0.47190871924889444,-0.07822103649469406
2.3331393434002754,-0.48844332934649376,-0.02648597270452427
2.3433498603846066,-1.466545166782372,0.18656045721429204
2.229381587491725,-1.3491989345213926,0.40354593001000005
2.4034738255534656,-1.4649443648085825,0.16685189730928962
1.9814848523949193,-1.3605867156911153,0.3508583149397319
2.1922962831412898,-1.3938980687504214,0.2663729017645802
2.212540948998258,-1.0639533849072587,0.41898269757014545
2.33393297829162,-1.1786734778311017,0.33257935500970665
1.9210176575393674,-1.3268110086034781,0.38466274166986447
2.0866388659978634,-1.351299618909055,0.3189525773572515
2.46944223359551,-0.5903814436053904,-0.11288290185241819
2.221294253696971,-1.283430489673104,0.3002158089699826
2.418544860309128,-1.4686714237056349,0.16028023953677384
2.350170993982039,-1.3026806675370048,0.2780817500317483
2.252763477996842,-1.4276737758380584,0.2325684750344476
2.1171241651958805,-1.3941302457645868,0.2917133949870897
2.041768991417569,-1.3754949512793246,0.32457168384966867
2.176744726824257,-1.3406438971673715,0.29267877309227824
2.0412655878770862,-1.3236094046558988,0.34524562185985963
2.5543443469638794,-1.5187239913411057,0.09455724839907093
2.454661430190709,-1.2249989865695199,0.27342802164451957
2.4700905077703403,-0.5819994445831892,-0.18791367373721304
1.9969371894493868,-1.3044880739893596,0.26481766818402974
2.0571603738808117,-1.4122400853003754,0.30484388370703136
2.3584208951402688,-1.4702722256794243,0.17998879944177623
2.283065721361957,-1.4516369311941624,0.21284708830435523
2.2669878795253284,-1.3441387790502581,0.26076662209725293
2.2674912830658114,-1.396024325673684,0.240092684087062
2.349987938149136,-1.2838131960375772,0.28559954567181767
2.2525804221639394,-1.4088063043386307,0.240086270674517
2.2958027942481065,-1.2148037284735134,0.3021273249427247
2.7501076249336998,-1.5506667194407877,0.015703768541426372
2.026285624069367,-0.6217120432988564,-0.1073909750752329
2.5540011172771866,-1.483347482279679,0.10865311522420111
2.297633352577136,-1.4034784434677887,0.2269493685420304
2.063317930083971,-1.1799810018695833,0.4236171857197393
2.5069803366602827,-1.2858500245316749,0.20260632048743416
2.417698227081952,-1.3814093680207822,0.19505004437209497
2.205056238006552,-1.1594232999672007,0.35471341394794104
2.1913123580394362,-1.292485409440998,0.3067810533299534
2.3049578897150518,-1.2914994908458477,0.2977967233492957
2.162337269462868,-1.405311422455744,0.27199842166954236
2.025851323434731,-1.2845058366974198,0.36591314645750567
1.9376746706449794,-0.7112478217031917,-0.19091774753037555
2.297976582263829,-1.4388549525292156,0.2128535017169002
2.614628485986529,-1.5336322269293152,0.06827061730900774
1.9506792054893214,-1.2847380137115854,0.39125363968001514
2.207550373729855,-1.416492599146901,0.252283448351995
2.4854670770963074,-1.3008476885490496,0.2330326969042363
2.408784748529449,-1.1454232256929382,0.3203950041573186
1.6952953658911245,-1.3062816342091186,0.4691417414324712
2.1172843390496707,-1.4106392833265857,0.28513532380202894
2.4488471036742427,-1.4926345790617388,0.1405588528066815
2.2580744009728253,-1.1081526367224142,0.38611158188247646
2.331468958925036,-0.3162776519142173,0.04211391251110929
2.4160507245858254,-1.2116021245259345,0.26271020513271987
2.252763477996842,-1.4276737758380584,0.2325684750344476
2.1022133042940085,-1.4069122244295333,0.2917069815745448
1.973334170499255,-1.3023479708335013,0.5086860409577079
2.2371890397006964,-1.3720611703175802,0.25981407081715435
1.921582015671075,-1.2858527795040977,0.29767595704660865
1.9967770155955966,-1.2879790364273607,0.2713957393690905
2.252260074456359,-1.3757882292146326,0.25324241304463857
2.3887840930966084,-1.401391605312722,0.09395456609861905
2.0704008503074443,-1.2272924292031522,0.37345018233520993
2.042180410073093,-0.7103427239433328,-0.14779271322806112
2.583479609394238,-1.4224070158883588,0.1227618088744213
2.297313004869556,-1.3704603683437908,0.2401055109121519
2.1470831788743023,-1.382716892059264,0.2860878750821276
2.086318518290283,-1.318281543785057,0.332108719727373
2.508971068843102,-1.4910337770879494,0.1208502929016791
2.373148700209238,-1.43862277551505,0.18751300849439062
2.3584208951402688,-1.4702722256794243,0.17998879944177623
2.086799039851653,-1.3678086564710545,0.3123745061721907
2.327775422088461,-1.4109325612618935,0.2138060529969988
2.28805629663036,-1.0990977169545197,0.3795463375225057
2.374406752091938,-0.8607326038639107,-0.3196211934186603
1.8753240317110096,-1.2661027192263232,0.42411192854259416
2.132195199951543,-1.3978573046616392,0.2851417372145739
2.2378526170949695,-1.440455754503005,0.23256206162190263
2.5235387000582814,-1.442875289361576,0.13495257313935427
2.538769908667734,-1.4631113858206273,0.1218028441817777
2.072231408636474,-1.415967144197428,0.2982722259345155
2.0871422695383464,-1.403185165532481,0.2982786393470605
2.2676514569196016,-1.4125333632356831,0.2335146129020012
2.1022133042940085,-1.4069122244295333,0.2917069815745448
2.5381063312734606,-1.3947168016352025,0.1490548533770294
1.8619915703994174,-0.7340126013641289,-0.09618482915312326
2.8623650472295443,-1.5057354081975936,0.12753630356433682
2.6207860421896885,-1.3013731434985234,0.18704391932171566
2.327775422088461,-1.4109325612618935,0.2138060529969988
2.1164605878016074,-1.3257356615791618,0.31896540418234137
2.086478692144073,-1.3347905813470562,0.32553064854231223
2.176401497137564,-1.3052673881059447,0.30677463991740844
2.49390003408744,-1.487306718190897,0.1274219506741949
2.4935568044007472,-1.4519302091294701,0.1415178174993251
2.5243624513063447,-1.5277789111089999,0.10112249275904177
2.614468312132739,-1.5171231893673163,0.07484868849406857
2.3198759849945296,-0.6710325515062887,-0.09415254687769418
2.524248171862481,-1.2959751934161399,0.459946095651876
2.2958027942481065,-1.2148037284735134,0.3021273249427247
2.373331756042141,-1.4574902470144777,0.1799952128543212
2.3884027907978034,-1.46121730591153,0.17342355508180543
2.3433498603846066,-1.466545166782372,0.18656045721429204
2.636520654339624,-1.3734947865810003,0.1532202523539482
2.0400986069423297,-1.2033292738470485,0.39317156906530226
2.2829055475081668,-1.4351278936321632,0.21942515948941602
2.6212284911389463,-1.446102465844755,0.2326828279245895
2.252420248310149,-1.3922972667766316,0.2466643418595778
1.868591575551835,-0.6464828402795687,0.06822738146245856
2.254509630200582,-0.8248925676027189,-0.34301842757833745
2.282722491675264,-1.4162604221327355,0.2269429551294854
2.116041398327186,-1.7679072395175048,0.648627544205498
1.9473541238767411,-1.611980839390352,0.9590736611990761
2.160659690346414,-1.9023614916293583,0.7721582824279783
2.070645238227296,-1.7378585913269198,0.6758603131631147
2.3183132727421487,-1.8874788285767492,0.8567580484932719
2.1012907112791037,-1.7971982557444504,0.6420430596078922
2.544699141784664,-1.9764027871565335,0.7450270395354134
2.1285268886522695,-1.689723621278979,0.867057625558765
2.4771514202153235,-1.9806297284674588,0.6341534692051467
2.0885018445054087,-0.06796999456710322,0.22243839327205633
1.9650794682094965,-1.889286235029104,0.8434939666455533
2.5441269730976668,-1.7328495809269862,0.6497072752008284
2.5380991366322463,-2.0639325482410937,0.5806148289198317
2.296893815395134,-1.8126319462821336,0.5697676509353085
2.3424272673697013,-1.8568311980972887,0.5368965352476396
2.477654823755807,-2.032515275090885,0.6134795311949558
2.5534217539489745,-1.9090100226560225,0.44489332643241847
2.3035930398101168,-1.8344549984823793,0.7939146369788943
2.2520010588357273,-1.8344688447149744,0.5763264818827343
2.3582077739295633,-1.7136581610489057,0.8553183999876454
2.0186383457141854,-0.6153588450646681,0.029762812932552188
1.9650794682094965,-1.889286235029104,0.8434939666455533
2.356926371856718,-1.9861897663524664,0.6726308645601428
2.4477643368055477,-1.8664115728146566,0.49747300202508965
1.7541535083583861,-1.6595903544888193,0.8138651263859464
1.649159668609233,-1.6853864888328784,0.839192792783366
2.2366096763724848,-1.797723710693924,0.5960542820253716
2.2800838694360697,-1.8142562659343553,0.766571242998286
2.070988467913989,-1.7732351003883466,0.6617644463379845
2.7408741761693403,-1.8662049683360913,0.5304456437778106
2.3489358638148436,-1.9444600590568515,0.823880519393058
2.556710729011908,-0.2872799136225793,-0.022630873696315147
2.613545719117834,-1.9074092206822333,0.42518476652741594
2.342106919662121,-1.8238131229732908,0.550052677617761
2.356994898584881,-1.8086727103709153,0.5509988154853146
2.3270358849064587,-1.8200860640762384,0.5566243353902768
2.650104737948673,-1.8084661058923501,0.5839714572380356
2.3725693368810266,-1.8642853158913935,0.5237532197026079
2.161414676447963,-1.7955974537706612,0.6223344997028898
2.2218589893244025,-1.8270147269208696,0.589469797427766
1.8901360508460405,-1.7285103936237178,0.7406243396081741
1.619017599097908,-1.6779323710387732,0.8523361083283976
2.1745018359026878,-0.40191333308968,-0.07067758720444474
2.281571198078406,-1.9675544718672042,0.7054891534227218
1.905367259455493,-1.7487464900827692,0.7274746106505975
2.0407549896953885,-1.9409396046383642,0.7974795354128529
2.2218589893244025,-1.8270147269208696,0.589469797427766
2.71032035024316,-2.0008913974621105,0.6793168752228003
2.4177824411480136,-1.8754664925825508,0.5040382463850606
2.650287793781576,-1.8273335773917778,0.5764536615979662
2.2968024066878585,-1.9877905683262556,0.6923394244651453
2.2280776921780148,-1.7993106664351182,0.8333509970265339
2.2209438293690633,-1.917269727217568,0.7458716513379152
2.059023352388357,-0.12891046095842343,0.20832969962183623
2.4605930568173244,-1.8236044636375575,0.7018072165532266
2.628555799282271,-2.003980055302092,0.48492595536796523
2.52311951058386,-1.8850468672999188,0.46461471316251074
2.3872590693378832,-1.9278380753872546,0.5966505509132787
2.2670720935913895,-1.8381959036120266,0.5697548241102185
2.281982954493262,-1.8254139249470804,0.5697612375227634
2.341763689975428,-1.788436613911864,0.5641485444428913
2.265493356241777,-1.8600563197233004,0.7534086872156196
2.387228615221833,-2.01015292170857,0.6529094778300506
1.905115676894427,-1.9073960745648926,0.856624455365495
2.289573741629415,-0.6470693961501848,-0.07443116014760186
2.115858342494283,-1.7490397680180771,0.6561453398455673
2.4620803854596613,-1.9769026695704064,0.6407251269776625
2.267278161855106,-1.6394102610431653,0.9154222846329311
2.4177824411480136,-1.8754664925825508,0.5040382463850606
2.6203058981240415,-1.836388497159672,0.5830189059579368
2.161414676447963,-1.7955974537706612,0.6223344997028898
2.424321491709206,-1.8807805072207975,0.7347633036137072
2.402299649977495,-2.0138799806056227,0.6463378200575347
2.2342071877748095,-1.7346805050577732,0.813538225511085
2.5508590914975087,-1.829457779457873,0.6689553411031925
2.1951660687298014,-0.2143395376553208,0.12851084165900312
2.0853959252753778,-1.708567575099974,0.6824447977607205
2.1768060589112057,-1.8323425877917117,0.6026066995602525
2.2059642033206766,-1.738384046276393,0.6298715355805942
2.372248989173446,-1.8312672407673956,0.5369093620727294
2.1613232677406873,-1.9707560758147835,0.7449062732327266
2.3874801977828985,-1.851503337226447,0.5237596331151528
2.5074765455595514,-2.0069513177609912,0.6134923580200458
2.635376932879704,-1.8401155560567244,0.576447248185421
2.3559195647757516,-1.882418673105615,0.7139787405805247
2.100878954864248,-1.9393388026645746,0.7777709755078506
2.261086753373887,-0.7350043725807305,-0.17766649250774705
2.37199740661238,-1.9899168252495187,0.666059206787627
2.9151265880848714,-1.9984594361852803,0.2871735398920393
2.6585986495310308,-1.9020813598113913,0.4120478643949294
2.161163093886897,-1.9542470382527841,0.7514843444177874
1.8747217864036851,-1.6894068256652386,0.7612918642058201
2.2517494762746613,-1.9931184291970978,0.7054763265976318
2.2131363771600925,-1.8944074914213807,0.8896035105307608
2.3876403716366887,-1.8680123747884458,0.5171815619300921
2.2817313719321963,-1.9840635094292034,0.6989110822376611
2.2214472329095467,-1.9691552738409939,0.7251977133277243
2.2412029242448517,-0.31042433609390196,0.07496578796114332
2.402208002851868,-1.8198538870620729,0.5312838421677671
2.408899655129913,-1.9263502195210627,0.8107500306731162
2.266660337176534,-1.980336450532151,0.7054827400101769
2.1747468000002232,-1.8046758912169876,0.8059947762208358
2.6132941365567683,-2.0660588051643565,0.5543346112423136
2.4931376149263254,-1.8941017870678127,0.47117995752248165
2.20662778071495,-1.8067786304618183,0.6026195263853424
2.5835638234602993,-1.9164641404501273,0.43175001088738685
2.327356232614039,-1.8531041392002363,0.5434681930201553
2.5080484758281973,-1.8813198084028664,0.4711863709350265
2.358839892555462,-0.7307018490732351,-0.3410940847805054
2.5212958091367126,-0.5041447252838844,-0.22840378715736875
2.161163093886897,-1.9542470382527841,0.7514843444177874
2.723942705146282,-2.648314436769618,1.2427164174651677
2.1294349996664987,-2.494297249336192,1.287431484170064
2.325175448639062,-2.6059225914068174,1.2623234513051182
2.1062132830151716,-2.432331445581526,1.451830867960556
1.9184176840899685,-2.521801038748402,1.4331801399779838
2.558458702466947,-2.504659727237508,1.2169789359239829
2.431176042487326,-2.6018565024012386,1.1428421863496265
2.476045970049476,-2.659702217939341,1.1900288023948995
2.0841990664022543,-2.5627986866159786,1.36089190448031
2.4987376698796586,-0.5105735057146427,-0.09125641256212862
2.099270101157917,-2.566525745513031,1.3543202467077944
2.8899985453760144,-2.5227658031039546,1.0337378974803773
2.400690796271164,-2.641066923454079,1.2228870912574785
1.752476127923892,-2.4642943533188264,1.5120464466607182
2.6033744271009827,-2.6184979655931993,1.2952896796452942
2.4008509701249543,-2.6575759610160774,1.2163090200724176
2.5061880395608007,-2.667156335733446,1.176885486849868
2.738876395045411,-2.5558498441337285,1.1889773838850144
2.235092416809925,-2.5368956991775584,1.234851808577393
2.3707089006136295,-2.6501218432219726,1.2294523356174492
2.4913139134791775,-0.5131996450517787,-0.22183854279739793
2.26548611524144,-2.4574861494093665,1.1387636555379428
2.280724902610562,-2.4033040965982195,1.0768954394358148
2.5214420771675097,-2.6077098182215535,1.1099903108995928
2.56663235243724,-2.698573608883654,1.1440207845747439
2.573415360440705,-2.54787027139015,1.2481094770125665
2.3019537319877355,-2.543956787652151,1.4267228350956098
2.0090268954749897,-2.480989815721772,1.3334266751651298
2.280724902610562,-2.4033040965982195,1.0768954394358148
2.385619761515502,-2.6373398645570267,1.2294587490299942
2.099704732929154,-2.41648850154179,1.2110518910356167
2.1897865176817364,-0.13243660014767297,0.21969972840120025
2.476045970049476,-2.659702217939341,1.1900288023948995
2.3402464833947243,-2.6096496503038695,1.2557517935326024
2.385802764366549,-2.5741662881480822,1.1691352308522347
2.2868826972320733,-2.5402297287550986,1.4332944928681257
2.196639491549146,-2.45469379896384,1.4124009213254611
2.4677579432972783,-2.5052718215487846,1.300689152605238
2.4460640743919413,-2.6687571377072348,1.1965940467548704
2.521259074316463,-2.6708833946304984,1.170313829077352
2.3111570623924367,-2.408630897717384,1.5269870422273355
2.4460869033891983,-2.589074523736292,1.1428485997621718
2.4201079566799653,-0.8470227439708679,-0.4077888674359418
2.4008737991222113,-2.577893347045135,1.162563573079719
2.4917193891898353,-2.4554829211569533,0.9848922306205936
2.5884863951963673,-2.551597330287203,1.2415378192400506
1.9636536173542125,-2.4532996014686157,1.359719719667738
2.392562943372756,-2.503145564625522,1.3269693702827559
2.4913000076561853,-2.6002557004274487,1.1231336264446243
2.4530987113155955,-2.4311901326514342,1.2177379016982743
2.204607170593763,-2.576106120230398,1.3148967134852445
2.611868285701484,-2.630072171603868,1.070560364264498
2.099270101157917,-2.566525745513031,1.3543202467077944
2.2909084751776314,-0.709440415250837,-0.17765366568265714
1.9709933517478597,-2.254015136237559,1.3727343920891675
2.5063710424118475,-2.6039827593245017,1.1165619686721084
2.498151641728793,-2.425862271780592,1.2046009995657878
2.039420593906504,-2.4015802659535805,1.2373385221256796
1.9788848259636649,-2.4735356979276673,1.3465699907101614
1.9485597536012933,-2.529255156542507,1.4200368244329524
2.114341135913579,-2.5702528044100834,1.3477485889352785
2.2801225182258653,-2.61125045227766,1.2754603534376048
2.717182526140074,-2.7193351602921796,1.0848822780346468
2.001135421259185,-2.2614692540316637,1.359591076544136
2.366767052496426,-0.7799612563595247,-0.23118589255542701
1.888458617429691,-2.451173344545353,1.385999937345256
1.7980324088957165,-2.4288109911630387,1.425429883980351
2.0843820692533015,-2.499625110207034,1.3005683863025508
2.3320958014990603,-2.551410905446256,1.4135795195505783
2.2868826972320733,-2.5402297287550986,1.4332944928681257
2.114363964910836,-2.49057019043914,1.29400314194258
1.7981925827495067,-2.4453200287250376,1.41885181279529
2.0692882055003823,-2.5755806652809246,1.3608854910677652
2.3253356224928523,-2.622431628968817,1.2557453801200573
1.9485597536012933,-2.529255156542507,1.4200368244329524
2.3502011103387574,-0.6973541407998209,-0.11481365806279523
2.5518357755990246,-2.5283002684533624,1.0139021578601428
2.551561317681578,-2.6948465499866017,1.1505924423472598
2.596614248094775,-2.6895186891157605,1.1374555402147732
2.4913000076561853,-2.6002557004274487,1.1231336264446243
2.28690552622933,-2.4605471147841556,1.3795490458754274
2.317207769594445,-2.4845102701402597,1.3598276591453349
2.437593044788697,-2.577500317725623,1.367577915142968
2.159988871951803,-2.4313967371299996,1.1847652599455534
2.702713875769108,-2.507661745715687,0.8928890218053724
2.31026458773719,-2.6187045700717646,1.2623170378925732
2.3142903656827483,-0.7879152565675027,-0.3486311206582098
2.1746252749362287,-2.585161039998293,1.3214619578452156
2.581985423870019,-2.461336236977269,0.9520403551705596
2.913105977963684,-2.7677869259538603,0.9994507269919415
2.241669592965086,-2.529048552063941,1.4530094661856732
2.3174593985146346,-2.3976466025779626,1.2768828216509165
2.476228972900523,-2.596528641530397,1.1297052842171402
2.769758193797965,-2.4515492577813363,1.0244365301458307
2.241852595816133,-2.4658749756549976,1.3926859480079141
2.099270101157917,-2.566525745513031,1.3543202467077944
2.4310158686335357,-2.5853474648392396,1.1494202575346877
2.222689597454348,-0.7196909216465351,-0.21255673967312044
2.2805571499971022,-2.4612132083064187,1.1321919977654271
2.279962344372075,-2.59474141471566,1.2820384246226653
2.6271909493773364,-2.546935562938624,0.9810438689975638
2.20552990268604,-2.401177839674957,1.1031756571133329
2.2505828330992372,-2.3958499788041148,1.0900387549808463
2.1748082777872755,-2.521987463589349,1.261138439667456
2.566655181434497,-2.618890994912711,1.0902753375820453
2.20520197621879,-2.442577913821157,1.1650502866280061
2.355477692004177,-2.629885746762922,1.2426020645750258
2.4828289780529404,-2.5089988804458367,1.294117494832722
2.2860956808042587,-0.28858743766106104,0.06840695701371742
2.6226238348963236,-0.8823628978181863,-0.2800897207185134
2.355660694855224,-2.5667121703539775,1.1822785463972665
2.44992209972404,-0.8958769359111719,-0.35905755346630003
2.436462798674189,-0.29048151757015833,0.016786246113689667
2.329697051365434,-0.9014369737961793,-0.32058015811130386
2.229953180001039,-0.7005557447473999,-0.07539653825279036
2.829316509402377,-0.49115614214037245,-0.1954247319921028
2.6367185233098023,-0.7102591481356183,-0.2949717140702079
2.415762797056761,0.29342028993429164,0.2545301198183406
1.9497634693562989,-0.4827966180047437,-0.026606739007211222
2.777717047006359,-0.29430093469471574,-0.04317299591197639
2.1909000254468967,-0.5424295603575822,-0.1317532633674639
2.057571792536335,-0.7470878579643835,-0.1675205133706984
2.04812153516272,0.22694535819356426,0.22058568654788613
2.516806243899107,-0.8232554104148213,-0.22093197394078137
1.89739118705517,-0.44037120649519784,0.0618093216183872
2.344104508726823,-0.836769448507807,-0.29989980668856797
1.8364634711891734,0.3475187669377229,0.339840904558359
1.9825598484447164,-0.7638290725405482,-0.14875809133324963
2.1009772204534056,-0.5719527535986937,-0.11299725474256019
1.9263815788511818,-0.4043217766880779,0.14437071596834142
2.264767870582872,-0.4077666489099953,-0.10352946265447875
1.7523526888903516,-0.28104664641021354,0.11990690161105823
2.3136192095288055,-0.7939388216522753,-0.2726606243184061
2.1152016219818917,-0.4884177568108935,-0.08479910767975479
2.0555810603535156,-0.5419041054081088,-0.08576448578494333
2.431243421479915,-0.2250876176245096,0.10139706167082609
2.4252130544303765,-0.6806129262236564,-0.13357608010024402
2.0724826534382075,-0.7343058792994368,-0.16751409995815345
2.103916108947764,-0.10707356252558234,0.20177086867441035
2.253998647900429,-0.8474251702494906,-0.2736260024235947
2.185731579595575,-0.7163690780954685,-0.1448082036451681
1.9787385579328676,-0.3699706049899979,0.008175892653199804
2.3362817532984086,-0.7371306295039932,-0.2039467101852652
2.31541399906752,-0.21113793370774173,0.0890937218489983
2.455683050408951,-0.6466669698715618,-0.20859402515994896
2.264928044436662,-0.4242756864719945,-0.11010753383953953
2.0554208864997254,-0.5253950678461097,-0.07918641459988257
2.3581687364015194,-0.7367254141580077,-0.26512358844070194
2.470613911861749,0.07070216245267115,0.015905330907252976
2.0082170500499186,-0.30903013859867773,0.02228458630341992
2.58602904727517,-0.20983040966926014,-0.001944108861034318
2.479743821527784,-0.8703129785812785,-0.3590447266412101
2.6380456780983486,-0.847048316506468,-0.34947573246071123
1.85333748496327,-0.6238883098830889,0.08231683487504377
2.2819898113751442,-0.6331864979253217,-0.19843521919781046
2.169165637437906,-0.6337619625357647,-0.028435969152536295
2.440787492726522,-0.7362255317441345,-0.16082167588295077
2.2158889523263428,-0.800599779097199,-0.11017275650065644
2.216056704939803,-0.7426906673890006,-0.16546931483026908
2.4117971009305106,-0.7722749615512545,-0.24338307023290504
2.124799166398095,-0.7098428415294596,-0.043490800670309956
1.837785928646237,-0.5706341383000393,0.10862270620274177
2.5052408492791964,-0.3990050070774089,-0.18142397781947975
2.6759876210589755,-0.9517828193669579,-0.45763242005403687
1.967328639835264,-0.7435929760814969,-0.13560836237567314
2.042683813613576,-0.7622282705667589,-0.1684666512382521
2.357184811299666,-0.6353127548485845,-0.2247154368753287
2.34392145289392,-0.8179019770083792,-0.2923820110484985
2.310644552244132,-0.4873424097865775,-0.15049644516727786
1.7553273461750245,-0.5876430582759116,-0.002257277540070101
2.696839607050475,-0.0017127585651140382,-0.08924760686554468
2.162085110724118,-0.6717646109343274,-0.1731139662129358
1.9068690237393817,-0.635399119723662,-0.1505224227900923
1.7228741967733,-0.3419871128015337,0.1057982079608381
2.115544851668585,-0.5237942658723201,-0.09889497450488499
-1.6916158661793312,-0.38821067044388524,-0.06378823260608793
-2.0376652406536864,-0.2872969350675345,-0.462517153007433
-1.4578010728378954,-0.09235792836112472,0.29973901653124857
-1.8834873465214144,0.41404444041616106,-0.33255153606020504
-2.079413507586255,0.2750056958432929,-0.6034590800330644
-1.8835177873920013,0.31121933211775255,-0.263091178509011
-1.8168520414727278,0.08170580001375115,0.20689167966465394
-1.8762974174280784,0.3861595941429537,-0.04330448089334562
-1.8307868739235518,0.3853393002194122,-0.10163873339485069
-1.800705805362576,0.3568273236223263,-0.09467420954729583
-1.921261602016106,0.296713928161859,-0.4628734400857817
-1.8458731589168014,0.38380189441571944,-0.09004011577418826
-1.79690723126154,-0.29105098470445645,-0.08565058614845633
-1.9895107230078108,0.25850982051981425,-0.113119816891537
-1.8156090875047792,0.4184634942275772,-0.14339911010439257
-1.9439316130387299,0.3736757966465449,-0.2534818265646028
-1.9215971072430256,0.18089570474546182,-0.3522803234265566
-1.845865533798008,0.3864341267660921,-0.09255359569826159
-1.8986803235731873,0.28335960281033307,-0.2263577616476156
-1.6958567567749856,0.199294340458201,0.013563541736422954
-1.830924185666425,0.4302552968096224,-0.11580253261643225
-1.5905016815011985,0.31068302375630324,0.3716571509017696
-1.717660213496367,0.3888401866508207,-0.4199206511023185
-1.864510866792429,-0.38530203169629257,-0.2464754136611057
-1.6958033809434307,0.21771996691080964,-0.004030817732090139
-1.8306419966664733,0.435351714876493,-0.14939485195224333
-1.8009346185309731,0.37015653200806437,-0.07867624967999783
-1.91365229138912,0.413601861159148,-0.31186778074295346
-1.8310156870919487,0.3986685086051504,-0.08564077352755263
-1.575209518300521,0.383290703020058,0.2921945753311282
-2.0789711910916364,0.3353789932679892,-0.6898344777744145
-1.4995722151268451,0.4620480054985845,0.16633752927783715
-1.612251702786436,0.4263583175046138,-0.02001496355058394
-1.973806803392278,0.47325804670369276,-0.3283103083621365
-2.052804841873903,-0.3995561462207542,-0.3739177380633567
-1.6808924736824344,0.15871602865593137,0.04218060290093327
-1.8155252111980495,0.4474180500816765,-0.17104738926919882
-2.0720328909184897,0.22063047943248384,-0.3176425851131364
-2.019057973648646,0.37898188274606887,-0.23662149756932174
-1.6505113162472773,0.4203516239579286,0.30745850472519404
-2.0038725621110784,0.41473830910460635,-0.28089535420293693
-1.9059846294484277,0.2717609638279505,-0.47790261795337563
-1.6427292775246802,0.31799421188232135,0.10372146865367277
-1.7327742301189728,0.47196818278326896,0.017477419085102593
-1.6728865972735922,0.3201838649756808,0.12189174404685099
-2.1731623854387982,-0.39123150057153183,-0.807467446627748
-1.7029981663097424,0.33816691217127626,0.12498113989558934
-1.8762315006001657,0.22235917506175795,-0.42226489522557
-1.8014607517277335,0.1885324998323506,0.09475386508105965
-1.8759999781905392,0.39652047691056946,-0.0819237600773033
-1.973618825059079,0.2592771663315418,-0.6880799636246323
-1.476650515579443,0.3796536256792788,-0.0665924838828596
-1.9511977337154147,0.28294214051910777,-0.4581876446358282
-1.7403072895580225,0.38140257328970656,-0.15866303949845847
-1.5900899250863432,0.45282357067642703,0.23592923500181154
-1.6348710472187353,0.33425530220735844,-0.1845568045134827
-1.917813723774988,-0.5645432471789842,-0.2788233023246695
-1.9891703019033278,0.18946976605203444,-0.5825655084903998
-1.695998924790835,0.33677243603567003,0.4176587553093801
-1.409443326621234,0.24473241155481829,0.2843397375365019
-1.6053515878118454,0.39074482081416284,0.30533789087615976
-1.876556611862474,0.20436751533336514,0.10156027438004743
-1.9289013535136779,0.0770008868661616,-0.5444187418774155
-1.680305339535325,0.36139791963462636,-0.15135735125271052
-2.1245350508231304,0.225477481842004,-0.5544994279494954
-1.5444955648796743,0.5732540115039028,0.09054026548059929
-1.8908727598575672,0.468685576917311,-0.14070258033069324
-1.6906550416067465,-0.14884557319384759,-0.3210802651844224
-1.9059083782604913,0.29808328733167727,-0.5030374171941084
-2.1394230827277463,0.29237811714800027,-0.6082512883547387
-1.8383504934423638,0.3765409402212772,-0.32713171013701947
-1.9442289926716816,0.27101873498201096,-0.155456109525744
-1.9361724496725141,0.2634216875198194,-0.4496784228639041
-1.6876679371196848,0.5162319320838124,-0.026455273150319536
-1.567442789420099,0.3679650051406233,0.03407806125285254
-1.552325944347087,0.2877351614488889,0.07183196179079787
-1.906396385863283,0.1296204169078268,-0.3421747020534174
-1.8832737835906055,0.3954507673296777,-0.34352253607935634
-2.188515549589825,-0.4848970386382681,-0.7078970316645202
-1.54441925408715,0.5072801561107118,0.1248119040947672
-1.9811721102178672,0.44060154891832914,-0.5597473252753099
-1.6275210502353203,0.45394351418889467,-0.007499265607063356
-1.9060608806363635,0.24543864032422397,-0.4527678187126425
-1.7029752909533618,0.34606360922239415,0.11744070012336941
-1.537430287323678,0.2234667584932652,0.12307034227196793
-1.8531774647920423,0.3722032554333369,-0.34158497207994826
-1.9817516192461835,0.24055189029000681,-0.3687228510457394
-1.6127473951126092,0.3475593936273085,0.08395479365927945
-1.5976687352381533,0.3464645670806287,0.07486965596269039
-2.278659628728435,-0.36514208829216505,-0.7614658422201375
-1.5153295105739335,0.2288741528620973,0.3991223802169498
-1.7710136774646634,0.2863676760531522,-0.018928647426903793
-2.0339613153954357,0.5329142322482376,-0.34475283598131934
-2.169877841714197,0.2842068874737439,-0.5514617337776031
-1.8086201803458946,0.22694627550704874,-0.20454710978209295
-1.9887329012862733,0.43470134136090793,-0.31008833129211244
-1.5744088808271905,0.6596750998091876,0.028279183303432064
-1.9664670215597113,0.21823115830647105,-0.3862655088374066
-1.7862067141210238,0.24797901734424205,0.027858689130784733
-1.8382513668980467,0.4107599607761219,-0.35980694914997224
-2.210842370662148,-0.3817808932837305,-0.5522055768717389
-2.0415476910614525,0.33162681740514893,-0.4438924972414663
-1.906020105405754,0.5383864912075548,-0.16840256117234534
-2.056733102599019,0.2958703910466114,-0.3996186406078511
-1.6879881921090172,0.4056781733681605,0.07911088366075905
-2.2303220486269253,0.1515420648072097,-0.41298558642709954
-1.4545878644236667,0.37189985829624733,0.22202695368248873
-1.4616759577314558,0.6214942353588492,0.256443754518241
-1.7036158605366143,0.2172522706880085,0.2691665758906255
-1.8607383750696238,0.5508954056697515,-0.21073885380655238
-1.438937320639689,0.5682224580275174,0.024430821680402434
-1.6175465686313246,-0.7564989008044954,0.7438771185701857
-2.1803495456863167,-0.26815232296069275,-0.680968968924142
-1.989480222532637,0.2690387499213049,-0.12317373658783017
-1.352772109211932,1.2206627498338027,0.48563862203050384
-1.7296067724175064,0.920432575338405,-0.04515376421921743
-1.639208414722065,1.1673279816860673,0.22240286600264464
-1.5717114116451103,1.0401354179788505,0.5372292881621218
-1.7222415251965042,1.0453852520206866,0.12687681483905527
-1.692023144892656,0.9719572788333906,0.1480051379081917
-1.6996248304008477,0.8577015781864743,-0.005514001358709832
-1.8955483418290462,0.9984495227450735,0.020511111829094562
-1.473775078633056,1.192738155935898,0.6220738020279072
-2.0307448999593567,-0.5948004238383349,-0.44163739551357284
-1.5866451942624873,1.0912426591826105,0.4985583073013182
-1.5716504702993492,1.1534894556787494,0.45771501091463457
-1.45092963027359,1.0840214526128658,0.41427858810794327
-1.3081233233402616,1.1069925581119864,0.5925147252394795
-1.7522691583213368,1.0000266761734633,0.16172436937788837
-1.3381128308711256,1.0747951440166266,0.614794880157946
-1.6768072924845026,1.1105388134903367,0.034270923723382286
-1.7223864024535833,0.995372837363606,0.17463293339644784
-1.6246863885195433,0.9740801935621833,0.3968017627634062
-1.5186858277849395,1.0294219375104943,0.24431692122185897
-2.0689815784592294,-0.6852065992308197,-0.062297929155113826
-1.3304833541289889,1.012089263830484,0.4019210047129896
-1.375490580188548,1.094340713981703,0.3537720200805579
-1.7521929667379885,1.118645178574108,0.07718313228225442
-1.8576597095524512,1.1552635202549655,0.11313081699357179
-1.8126753588492726,1.0651153730526284,0.16882024139822335
-1.5865487769594002,0.9379711695029057,0.10954397327280098
-1.4057241511253966,1.070208043571336,0.39707709471446917
-1.4810183835579471,1.2021973757564972,0.3504211063295608
-1.737236249159643,0.9831384555245477,0.16772011122573904
-1.4884370662150919,1.1511152515185246,0.13657844888490028
-2.151168300747577,-0.5149715380048351,-0.43682025189083906
-1.4356450921917059,1.1539968995262477,0.3373294924613751
-1.3606940497094566,0.9958532904712347,0.43768563957468076
-1.797345010450039,1.0585880351713284,0.13619670406211634
-1.6847112735032093,1.0784843290630632,0.3376300764349772
-1.691962143942307,0.993015137636372,0.12789729851560533
-1.5114959582961913,1.0938332701342044,0.4741575385338174
-1.917786370717076,0.9456619460695334,-0.21029828748256799
-1.5036376683856583,1.017798181562324,0.24528570322156307
-1.5109545152572559,1.1884255881137458,0.3551069017795142
-1.722043212503282,1.021527114233458,0.1209327746680505
-1.7293644774718238,-0.4024501543094376,0.21409495646658114
-1.5117094616224136,1.0201307643237703,0.5445349764078697
-1.578969966807589,1.0443301730987038,0.2706035523119222
-1.270394758953744,1.1162334973671348,0.7973239466643967
-1.5488278972962644,1.0368760553045993,0.25746023676689056
-1.8424742384102963,1.098723767716585,0.12826339821485747
-1.2325290616381175,1.3574469767228263,0.8380776537461927
-1.7374498120904522,1.0017321286110312,0.1786911112448904
-1.2404205016604672,1.143166446761749,0.7800707515940766
-1.7600435719251406,1.1050163205994434,0.36294792552533633
-1.4883504210625444,1.2752641387102557,0.5246757025905596
-1.6991946763311427,-0.4945696740396835,-0.22484781164520914
-1.4738818302961663,1.1558869030306809,0.6572625209649332
-1.7525284719649081,1.002826955157711,0.18777624894147943
-1.4210010640884867,1.0028648290083262,0.47151271043696386
-1.9176414934599972,0.995674360726614,-0.2580544060399606
-1.631434001118261,1.0623383372600874,0.021179309855196612
-1.6847188390174153,0.983555917815773,0.3995499942139515
-1.2099504924364288,1.156602141136751,0.7182542371687942
-1.5637388641618486,1.1881761724563953,0.15184237827896627
-1.1800829272016746,1.0543876587292302,0.7955961988904012
-1.7672868172454443,1.0221793615231245,0.150701667681891
-1.6381147561081384,-0.14053141385150442,-0.09679082196842963
-1.4363161622501333,1.0146566315903716,0.4991092879249243
-1.428023240568363,1.0886587869897324,0.12696909694049202
-1.5795037847277311,0.9523700874695356,0.387140709142152
-1.8953195882652378,1.077416493256253,-0.05489328589310438
-1.5490490257412795,0.9605413171437919,0.3303511545650162
-1.5711498620956117,1.0474301016718779,-0.005107321234866564
-1.4056708348984288,1.1809298489208622,0.3200762973910551
-1.7369617448830719,1.0778988201379636,0.07723483395910032
-1.4438846380419206,1.0984203705794955,0.6918753239772945
-1.578809839312923,1.0996070524565298,0.217820473906383
-2.392414258137927,-0.7719765376886814,-0.5934176657542239
-1.4809649481218041,1.128326823312188,0.3922331847159485
-1.5183960732707824,1.1294467668246555,0.14880468410707368
-1.5110383915639862,1.1594710322596464,0.3827551809443206
-1.4357519034594048,1.2094418255179487,0.3131117735435004
-1.413452814016438,1.1909910820995517,0.5832197713174776
-1.0824389983404192,0.8271788782406495,0.6790202927103084
-1.3608084860959488,1.0486659841125627,0.4159814005808794
-1.7071247397280807,1.05745158722587,0.10522427752209973
-1.473609975656238,0.9708605785126293,0.26984458653763094
-1.533474792749826,1.2228377722682535,0.09848338394876183
-1.9320841210573196,-0.28443179149280223,-0.53616703657985
-1.209965802278604,1.2436338553329234,0.6638747591620399
-1.8578808379974658,1.0789287820941584,0.18602173479169742
-1.307559004944945,1.2094815731426456,0.4659236487129565
-1.6697621810436571,0.9403453736631305,0.43068053530253503
-1.714555903776995,1.0962993296247845,0.3121541127960512
-1.616606970163995,0.9743798431511099,0.09503900965302635
-1.631418750880674,1.0676028019608328,0.016152350007050013
-1.6616828818972849,1.1252373810458927,0.010104906482353411
-1.8126296081365108,1.0809087671548643,0.15373936185378365
-1.164950951100251,1.164014637532077,0.7095102638703981
-1.7744888491591049,-0.45487652075144025,-0.2120973621752166
-1.5186324519533845,1.047847563963103,0.2267225617533459
-1.661515069679237,1.0908503138571735,0.014214786007641774
-1.6164517585468927,1.2145150003931127,0.4011085061871248
-1.6015816861210945,0.9548593901518214,0.1035482314249503
-1.4209324976239324,1.1188510990585983,0.3894849532654034
-1.7672334414138888,1.040604987975733,0.13310730821337796
-1.6918553922791961,1.029866390541589,0.09270857957857923
-1.6767843575235335,1.0261393316445366,0.08613692180606343
-1.7830212969407395,0.8891983848346733,0.31653964099388276
-1.7520785303514963,1.06583248493278,0.09888737127605593
-2.2332253364118446,-0.39228470571943314,-0.7946652954809097
-1.8716447108129801,-0.15150104873592685,-0.1969777332809136
-1.6541345126160607,1.1287712763432827,0.2406248430726687
-0.9732428052746843,1.8984550900581496,1.0502291424135481
-1.2367574112374145,1.7627259420911088,0.5540633732249928
-1.2371207076982789,1.8238692995077705,1.0310495045960753
-1.3198411883021803,1.8098480962076686,0.8324707765454807
-1.4405009081684148,1.7157816002826982,0.9746122356693875
-1.1544258116919883,1.6425032955222048,0.8808295774033252
-0.9730749930566365,1.8640680228694306,1.0543390219388369
-1.2742467684909238,1.8379823581382266,0.7464882448791692
-1.176699256932756,1.764045067329351,1.0189266727275939
-1.8191376946353643,-0.24891015013270593,-0.37837990323909315
-1.161427319451818,2.108542738673455,1.2439371940898356
-1.3422698451600505,1.6912547107728124,0.6644983753356507
-1.1689450690486918,1.9309454149837204,1.122176213513029
-1.462601744522747,1.8026703848107841,0.6391537598695048
-1.297079675854032,1.7644730159274549,0.5929174039354222
-1.304426963596217,1.8322753141804682,0.7721989600445673
-1.1689984448802473,1.9125197885311118,1.1397705729815422
-1.1240141537816568,1.9146678202256926,1.1360535595312928
-1.5909547705318727,1.7473537578282612,0.5391249631055879
-1.3723585388398198,1.717134455019526,0.6600473314121693
-1.9471704060505695,-0.28596919729649506,-0.5245684189591875
-1.0785978805484715,1.7870664067600475,0.6921355332482018
-1.3572036277774275,1.7423619519765725,0.6258273944748474
-1.1090574958078987,1.8714572760730503,1.1671841006198764
-1.1994329781469595,1.6324585667765057,0.8920870306257945
-1.334637659176684,1.8160393408212192,0.8079635949062586
-1.078556986108686,1.8954218998495425,1.0953136664983005
-0.9806996135257972,1.8342118040683144,0.8489538845892546
-1.229117540530667,1.79784662559297,0.7544215507264282
-0.7850250813811464,1.8863868810788849,1.2028062660565326
-1.2143210696561626,1.7916553809794196,0.7789287323656501
-2.0296773237236616,-0.3185840736830801,-0.7341181470289335
-1.470307532057408,1.9313501203901182,0.8177559967002932
-0.9582098961129899,1.8815668694092338,1.0562248842613993
-0.8598616874769037,1.99171779649257,1.1241543579370281
-1.0261082616401886,1.9644454498843316,1.290358430948272
-1.0939254601018875,1.8887880759789792,1.1405046034547743
-1.0184253494619087,1.8278690172538798,1.1192966338897037
-1.4101682702918372,1.866429470144828,0.8392254841676225
-1.4549798928994038,1.7373322722742688,0.42879336434862164
-1.3197954375894185,1.825641490309905,0.817389897001041
-0.9358878717090546,1.7787166441450375,1.378198880118057
-1.9853689589564738,-0.36321421093711653,-0.15779635222109492
-1.3195742495398153,1.8096800495737941,0.8039054170578163
-1.3721145350384236,1.801365890231451,0.5796159738418238
-1.395303113743603,1.7916321377877134,0.900517784345086
-1.6509643456733636,1.7647261791329685,0.5343327547839134
-1.5002616232355332,1.724823357812072,0.4711296569828287
-1.184179000144838,1.7842012631853148,0.7657854168206186
-1.1313947108448337,1.8767468577395836,0.909643502466266
-1.1013670181154132,1.829809254689889,0.9342023857823339
-1.2895694917713636,1.847141928369899,0.7765983022912029
-1.297140676804381,1.7434151571244738,0.6130252433280086
-1.7521897597161387,-0.47332726416983667,0.05801063559876058
-0.9278237631956815,1.8660480079301363,1.0220566490009226
-1.3951811118429045,1.833747855393676,0.8603021055599132
-1.2818027032863537,1.7395200515935465,0.5778882260678283
-1.2892491771774437,1.8653995081886336,0.7304385833350255
-0.8829538488789953,1.8287125543691274,1.0560418344117732
-1.1462064319569247,1.8776736376523886,0.8901632806751906
-1.4026150447376369,1.7774012664549586,0.6514864079633993
-1.131631089527436,1.795147654878031,0.9875613801125381
-1.3496858185759657,1.8276630967693892,0.8069948129065546
-0.9881842130108552,1.9469300989115377,1.014071641476818
-2.060238834373223,-0.3636065562625538,-0.6421398735147715
-1.138599830571169,1.8070710604151279,0.6848298450024539
-1.1537776169899419,1.773946866406963,0.7265902217119958
-1.0788849258213997,1.874532087680436,1.1439868653785517
-1.3044955896653592,1.8085852230271142,0.794820279361227
-1.0939330852206814,1.8861558436286063,1.1430180833788475
-1.0939712108146495,1.872994681876743,1.1555854829992136
-1.3045565906157082,1.7875273642241332,0.8149281187538134
-0.8224686879218938,1.9774366912282386,1.38015025816627
-1.3723204728504395,1.822591795668307,0.5880734939369019
-1.327203726281952,1.8723859297599366,1.0167792925027725
-2.1734139547544005,-0.5703913470307478,-0.6651161712784285
-1.455254456780562,1.7348680865577706,0.4598722037603595
-1.2667697941246598,1.722631830944631,0.583883967915679
-1.4174953919188702,1.7546379552144094,0.6546275054889836
-1.2293463536990634,1.8111758339787083,0.7704195105937262
-1.1315651726995228,1.631347235796835,0.6086009657803141
-1.0864103601416553,1.7865987105372465,0.9653329268709175
-0.9579963927867687,1.9552693752196686,0.9858474463873467
-0.8453702213541449,1.8802372578641133,1.2492007365391826
-1.3421707186157334,1.7254737313276574,0.6318231363226979
-1.4552468316617688,1.7375003189081433,0.4573587238362862
-1.3916259841580556,-0.7701210200204444,0.6336519326849407
-1.4325893020309137,1.750468317060344,0.6687396030337194
-1.0865372779199172,1.9293412708154607,1.364401180595728
-1.4248378233880792,1.729878154480164,0.41565004880359
-1.4776880295159962,1.801132979007091,0.6507523774901673
-1.0259127177927843,1.8453929807594716,0.8686688579068019
-0.8755579819736431,1.7796018026590643,1.3368313694835545
-0.9733723726895879,1.7614109612048963,1.1523647389776954
-1.1914652869366738,1.8730614202413096,0.9249591335371777
-1.2746128337976057,1.8039313842172569,0.8077288433797868
-1.169123215626763,1.7752097395875173,0.7642407188962494
-1.9996725659552097,-0.28112219488697493,-0.7614252617955466
-1.1988992198314057,1.8167148313025918,0.7161434359406638
-1.1311326879600327,2.061437088989886,1.2399307179182395
-1.0181279698289576,1.9305260789184135,1.021270916850845
-1.3573305455556894,1.8851045122547871,1.0248956481996578
-1.1464123697689406,1.8988995430892446,0.8986208007702687
-1.3198564385397673,1.8045836315069235,0.8374977363936272
-0.8676387507173491,1.8169207517870822,1.0284452569238127
-1.4028285480638583,1.7036987606445237,0.7218638458374519
-1.2594655478540075,1.8265266488239311,0.7760223863665379
-1.4328486156744848,1.7532685960445913,0.6947914825973105
-1.9771065973544666,-0.2074448060423284,-0.5792890613641349
-2.293329241429265,-0.4093972250599113,-1.2444477154390712
-1.2893178032465862,1.8417094170352792,0.753059902651685
-1.9548836994948482,-0.34451405186136946,-0.22463982649452405
-2.0451753651317666,-0.4622620264068968,-0.586791613508313
-1.969629563383614,-0.41509151213284223,-0.6824869004727244
-2.2342090363408107,-0.6395465000205887,-0.5298328231303552
-2.0904418452303095,-0.4695064761683482,-0.5494822807222526
-2.045106798667212,-0.3462757563566249,-0.6688193706798736
-2.1584497312664364,-0.5186734799360995,-0.6959055479688188
-1.7818084052719327,-0.47173962443456796,-0.45861525863283
-1.8798716560622495,-0.48159980211340137,-0.14439151877380457
-2.0077899906955503,-0.4791753640216005,-0.32828223335499834
-2.090983228664656,-0.6563949730448072,-0.3710252061130485
-1.9854707947420205,-0.5849237417265107,-0.48146020822370655
-2.3160830691540313,-0.4536860913262427,-0.948001384898185
-1.940209230521042,-0.3928210140808825,-0.15991696607012923
-1.818992757773697,-0.2911939143725434,-0.3667295839415849
-1.767031981303404,-0.4829294136585224,0.04858433350397838
-2.1889959320738233,-0.6507276767117458,-0.5495477964479025
-2.1808833040018705,-0.45240858748677915,-0.5050253742390112
-1.8949961262540551,-0.40400219077203964,-0.17963193938767658
-2.074959054059791,-0.33109298814527693,-0.6917818543947265
-2.098277259784462,-0.38557469054534943,-0.32815088518221813
-1.909688554706678,-0.5484502034878217,-0.5956669349794893
-1.8201975861476776,-0.6147904468345061,-0.029006193792904825
-2.1049943719080053,-0.2867876174459547,-0.713827257786721
-2.098318094619659,-0.5862263625317623,-0.671922580577416
-1.9173028408158153,-0.3881836797040157,-0.4472264572375803
-1.9470102785559031,-0.23069231793866907,-0.5773514973647268
-2.0755614980490753,-0.4467431649277993,-0.5526233782478369
-2.2935808703494547,-0.49626089262220907,-1.1615028779446521
-1.909510527337783,-0.2081221702977829,-0.35654431607251147
-2.014606288967999,-0.32231113258013255,-0.7406898048014494
-1.6009837794379291,-0.3395027503661377,-0.17108213719116164
-1.533784215598514,-0.4770561968409707,0.18236356415227334
-2.346408141516403,-0.5094055499410817,-0.8745345511753942
-1.8124461075048428,-0.6353806094146861,-0.282095748023034
-2.2786138184110856,-0.441644873086847,-0.7171402839096763
-1.8490918454180776,-0.36314073381383427,-0.7844126808114585
-1.9019877426541691,-0.3999754822860607,-0.47482303472554077
-2.0079348679526294,-0.529187778678681,-0.28052611479760575
-1.9018734254768523,-0.268195818133553,-0.5719316714415412
-1.8946529363037539,-0.37784791390218775,-0.2333320981160741
-2.1353880703395194,-0.36619716721414786,-0.6177391047472707
-2.1580455999703747,-0.3791651653663484,-0.8291199839447037
-1.9023004321292956,-0.4156008297544222,-0.43117679569343653
-2.158518357335579,-0.5423635710894534,-0.6732842286521592
-2.0753174942476793,-0.36251172971587403,-0.6330547358181824
-1.5271203600973504,-0.77886125418681,0.7044471719350911
-2.2870467014723705,-0.7505177210274656,-0.6560965493074893
-2.052987904329538,-0.3704335437327802,-0.3730006577404985
-1.7818819472186394,-0.3105714377037449,-0.07714136437653235
-2.158518357335579,-0.5423635710894534,-0.6732842286521592
-1.6615499882513551,-0.5142832906386346,0.0076096889445144
-2.112878246416149,-0.40613973615974147,-0.8337540777178113
-1.9552192643263555,-0.3680360963808488,-0.1734531476901999
-2.3171125197957587,-0.7167412797296341,-0.6680880330031908
-1.9181339191597324,-0.7673931847915539,-0.1138507076586902
-1.2922331342472428,-0.29935426093605383,0.35723465676252786
-1.7512746858563155,-0.24975556102203514,-0.1842005174351342
-1.9776327305512262,-0.38906883821804217,-0.4058589466030774
-2.301012034398369,-0.45741315022329515,-0.9545730426707008
-1.9774039173828297,-0.4023980466037802,-0.4218569064703755
-1.992352950237794,-0.3565552701007651,-0.4555009274830325
-1.9996725659552097,-0.28112219488697493,-0.7614252617955466
-1.8649150576930793,-0.4325141673691258,-0.17266741554012183
-0.6428015519861121,-0.21209556655772258,-1.536547022512524
0.15402921697205144,-0.12567532144469606,-0.6557321284913232
-0.262908207895525,-0.18087845539631373,-0.687063802932521
-0.3733402275910359,0.19318282390122715,-0.33498375109172945
-0.26671443360628294,0.5053881445342822,-0.7199768076761317
0.06456620162292492,0.32600025183534065,-0.7715545214807674
-0.33481379349721024,0.0010883918994179797,-0.9270103346821517
0.05907236332826501,0.3841672135255434,-0.4434381703989325
0.014324391307688996,0.5559145635894329,-0.5770454724498563
-0.1923734006275232,0.1366659474494561,-0.41854226663696237
-0.39978350822239545,0.35318021831733254,-0.8390362244620232
0.17428398898986905,0.5624491962314987,-0.27914487330265575
-0.12772636910852123,-0.4236315814348772,-0.5623963508547092
-0.001585472742592061,0.37264737383095675,-0.35999817620138985
-0.1737865798429426,0.22230858876546034,-0.8819861951470442
0.04416145606726876,0.4431711517804216,-0.489649591031956
0.07972873780411088,0.35385998114276035,-0.8082879383421628
-0.4184389219624587,0.19257183090524213,-0.3199674000492254
-0.2036084274785951,0.3915921202179491,-1.0074126129991472
0.0438869186770383,0.399686442109738,-0.4321678903513734
-0.6115709409288856,0.02905556855184482,-0.4196239503710671
-0.28872380056895636,0.2926139355011169,-1.2357754992681285
-0.5602540550910687,0.27283732808576244,-1.0345408218684253
-0.35085561344285404,-0.478405656394357,-0.7296692807749678
-0.14687057496003836,0.276785255015192,-0.5667730536553511
0.45939075498409315,0.06258120407675918,0.0056908566434916395
-0.6106712100248978,0.39093464083855123,-0.7492181579977721
-0.3855054195939502,-0.02685031490394124,-0.518198816958804
-0.16675684555138806,0.6242236097283463,-0.48878833462958005
0.265221146710336,0.6138951004386884,-0.42097082167854927
-0.2036084274785951,0.3915921202179491,-1.0074126129991472
0.15466449693511336,0.241727562329734,-0.7359084079667664
-0.16155272865722578,0.4147561637812504,-0.6883888720105735
-0.1884229828273684,0.3760728916337544,-1.0186828930467065
-0.43622261545340485,-0.6642475086734867,-0.87508732954953
0.23465966255170195,0.527852093905029,-0.3025896868955424
-0.5607420626938605,0.10437445766191204,-0.8736781067277342
-0.031727542253916795,0.38010149162506157,-0.3468548606563583
-0.4367418086990535,0.03242182095898568,-1.2894682073085084
-0.6207973819253813,0.09569835387583721,-0.8567887201877579
-0.056139361674319106,0.35971219564778417,-0.7067421972533777
-0.5651988517189276,0.46924936406006457,-0.8543914487338115
-0.21856505233869314,0.3835270094278592,-1.0055395775016747
-0.09835518799035452,0.281271272726657,-0.9729828598364123
-0.44880215303245846,0.174966865481272,-0.2669367432921243
0.3485419555915217,-0.5585387620398558,-0.3421770467525809
-0.3995623135500604,0.3269636465926753,-0.8459199890880366
-0.046569790332110395,0.41151986609056174,-0.3826840240199853
0.049662886367062474,0.43891207738332394,-0.8532829986239201
-0.08641105820513541,0.3224183634855539,-0.6508697229991
0.6088042591944035,0.6506448739088914,-0.3015725316633733
-0.3845828133335815,0.3429254544338831,-0.855333464357729
-0.3191022487628835,0.2184688504336692,-1.1447143060768248
-0.35408995524409004,0.40527836981418863,-0.9510932798240761
0.08916099078071439,0.4608387791642941,-0.5049942796475632
-0.10104746118956122,0.47618266635384804,-0.7875664208987622
-0.31998153252734124,-0.23316546855268608,-0.9841066690310358
-0.18830857293180403,0.3642807219466122,-1.0233815153217498
-0.20677342492934656,0.37202945317930264,-0.6331568421828967
0.2041439291058296,0.4576024814736055,-0.19928943165697532
-0.011749803350703542,0.11552558005911172,-0.48800491535706503
-0.26413657030264054,0.3222689205942334,-0.9006946243387386
-0.31929281050540426,0.05011173178888803,-1.0158701548028803
-0.04607415761052481,0.5826149688647848,-0.5460602190847498
0.00371014557709373,0.1947667160883329,-0.5897604726712631
0.32945878380401344,0.11166027827046296,-0.33365801235975323
-0.011292263109426078,0.22218386613873922,-0.605810134215407
-0.19400325938045232,-0.40137911221613953,-1.304144426542135
-0.44510329792517334,0.22495883221780807,-0.7181253790353376
-0.10624388673760995,0.5857310347658522,-0.52447221026973
0.1950623984800731,0.5229820265119464,-0.6512067434450025
-0.5048003028007138,0.4425489587847127,-0.8853767020989181
-0.2488215317455822,0.4027732969091063,-0.9876976396815998
-0.01092625740733203,0.348531018956627,-0.7264571705709251
-0.42987976079363843,0.2738764203282089,-0.7749666352893191
-0.053042924065390386,0.2530334616476123,-0.9923694955808564
0.19432276195709142,0.2676554885257981,-0.40739919080989256
-0.6805707042161779,0.38951746682447946,-1.064912397182718
-0.13925870936522453,-0.3739137802163824,-0.9872338270059234
0.09409063651196611,0.10533531366105037,-0.5811059631758618
-0.1614916945932168,0.38453836764149946,-0.6754931348171036
-0.4703158541598863,0.08201210427959763,-0.9131080533628289
0.10449897092147362,0.4466885426448207,-0.5335305815905322
-0.42992557773372014,0.3606343361114373,-0.8258929089169916
-0.10194719209354901,0.11430359406714168,-0.4579722132720571
-0.15828091331604366,0.3686187738396496,-1.031826208591738
-0.19183970853928942,0.42347352186100684,-0.6604930144942054
-0.23410884445956023,0.22405566260180662,-0.8431321644366147
0.0741357067378138,0.48035923216358256,-0.5135035014194871
-0.29991232531226464,-0.41487893697143213,-1.1884220594066783
0.40544684244219625,0.31150026886613186,-0.5751351349204158
0.06399428459974318,0.1798584805001233,-0.6160471037613261
-0.046508822495421424,0.48385337983627513,-0.43579543999862785
-0.2492714137544061,0.24747158823711918,-0.8394023241612752
-0.21948769171272173,0.06502689503276718,-0.7014085066888057
-0.5149112906909299,0.2551284464082082,-1.0639813773091626
0.2047006290050842,0.5472041331653457,-0.31676631294221386
0.008784736072947118,0.7008394410628639,-0.29985539499569397
-0.11324315366764999,0.24562059814718887,-0.9607275670695434
-0.21893109115444706,0.3084555115527037,-0.9178961177322127
0.0835044299260343,-0.291659893246594,-0.7983245904883146
-0.34229073582960984,0.4476887008587371,-0.6142276010154273
0.14973488431752158,0.5459553728902458,-0.6267931478524118
-0.21911409400549403,0.2452819351437598,-0.8575725995544534
0.013630439270149217,0.4189327295909851,-0.41432595253129834
-0.05684846460846633,0.06363893212039455,-0.4399849877285051
-0.38463618916513687,0.32449982798127436,-0.8377391048892159
-0.288609390673392,0.28082176581397467,-1.2404741215431718
-0.4481768601777213,0.33953426326909786,-0.44003852048007863
-0.09169142628723399,0.505563485928923,-0.4261343863773736
0.07962961125979376,0.3196409605879156,-0.77561269932921
-0.1995885991006357,-0.37479893873040876,-0.9458663163714205
-0.30462071014386116,-0.1881433530783096,-1.0531869873322808
-0.4215640553939403,0.11682166990988269,-1.3642321606041066
0.009519175693986257,1.0511856904494064,-0.3797033368980337
0.2750447751895853,0.8502183821945307,-0.018411355130879114
-0.11093469245574833,1.0692099919386833,-0.33182869699295076
-0.05105471784282094,0.9660690967234545,-0.25790446869318523
-0.48899482842401243,0.7891681492742025,-0.9717963017737742
-0.030268683233823458,0.9292341593542749,-0.6324798187596054
0.0544120580853011,0.8781751000998651,-0.2608485768184465
0.024704620345212973,1.0356664618652116,-0.3909736169455929
0.029901045893261716,0.9261180934532075,-0.654067827574625
-0.2338031876537932,-0.49504051789836845,-0.39137742538964015
-0.08067821304885925,1.0499637044574361,-0.3496706348130257
-0.020653328065193006,0.9455595689565561,-0.29049894848459673
-0.30143289894018166,0.984529049814076,-0.5188886011293644
0.20013179207398382,1.1240744628868715,-0.1973420550366635
-0.4490925596006383,0.899327510682192,-0.7237184421872453
0.07674164692364682,1.2527787227914144,0.1163803813764153
-0.5947208915047778,0.8388419009278539,-0.9163974528160769
0.12055607421836458,0.8801714006966086,-0.7028950187598066
0.4986162101866287,1.1602132433610892,-0.06292741397898353
-0.16645697147426575,0.7219813052581826,-0.35936076768762976
-0.3002020798264223,-0.5149037662855931,-1.0929098222918932
-0.37373738582232646,0.88069221619693,-0.7565767310498245
-0.12612013710697503,1.084729220522878,-0.3205584169453915
0.16022952325060993,1.0139151014788823,-0.44541991462319164
-0.3625024583122345,0.7795930082566335,-0.26671711444580787
-0.4643924141474293,0.9266389089535289,-0.7077495398646428
-0.12080930166336197,0.9633886824237314,-0.5883512498494671
-0.025704909469822953,1.156396006968373,-0.10816443299901338
-0.32875310134646807,0.8930953788800572,-0.7668944598172851
-0.06086063475397212,0.7813865684763924,-0.4710411876942494
0.2106314941741721,0.7880020141398839,-0.6597084654735857
-0.20075527538972027,-0.7262548333946938,-0.5943074645742619
-0.41363965464570057,0.7705328547889404,-1.0046545906363533
-0.4371866216367073,1.0298647495746898,-0.45504505890167884
0.20496990326605224,0.7882598641218879,-0.2762955560621385
0.4064252858646311,0.7460779534645996,-0.7354144343931014
-0.3016617187313103,1.0081133891883602,-0.5094913565792776
-0.2413775797086609,0.9932051536001507,-0.5357779876693407
-0.056075798772276364,1.1874344641367622,-0.08562387290389503
-0.22328629230468608,0.7539257273137354,-0.7368349913564902
0.009519175693986257,1.0511856904494064,-0.3797033368980337
-0.24767205547665158,0.7749877185012237,0.05625375544019015
-0.7631410102402825,-0.20586343475558774,-1.4933710048824846
0.40830441154821884,1.1707834270562614,-0.028196089618932146
-0.6548906206318629,0.8419579668289212,-0.894809444001057
0.4383320711639792,1.1751214789492987,-0.036640782888920344
-0.18679315718809936,0.9653936062420818,-0.1660843097275903
-0.2417130518219205,0.8261112752410213,-0.39218129442405986
-0.11093469245574833,1.0692099919386833,-0.33182869699295076
0.16522776193734431,0.7333773820717245,-0.5771564940542061
-0.26824014253268985,0.854602803917563,-0.802578335457435
0.13984765305133437,1.138982698475081,-0.1710554239466003
0.235111972777377,0.7808057463277831,-0.2894388716071701
-0.3304509010008578,-0.5443009013967056,-1.0445777878098355
0.10942345414464553,1.049044219305397,-0.06491335121085674
0.07967792392424926,1.1420987643761484,-0.14946741513158057
0.13984765305133437,1.138982698475081,-0.1710554239466003
-0.15108859019931203,0.8721869629683962,-0.49696171908506037
-0.21123551019733616,0.985751035806046,-0.5489213032143723
-0.020508483921774123,1.046847638556369,-0.37125864362804556
-0.2630437169846413,0.7450544355055586,-1.0656725460864678
-0.30143289894018166,0.984529049814076,-0.5188886011293644
-0.1862898662340601,1.0878452864239454,-0.2989704081303718
-0.06608762700451513,0.9829573173723704,-0.26390021054103596
0.10740539950092379,-0.49890581968701725,-0.23703052239232822
0.1657691784853517,0.8689902240054515,-0.722609992077354
-0.012406215620977308,0.7135390724421438,-0.8241395778966679
-0.22325585805683154,0.8670059666006904,-0.8128960642248956
-0.31698438240716237,0.9249767805231149,-0.41997486131234324
-0.24156817456484153,0.8761236898981019,-0.4399374129814523
0.20530544160663178,0.8528024325955527,-0.35388509613530744
-0.27204578241674576,0.8190352392185416,-0.34920455736325173
0.22074248206438812,0.9754225265163882,-0.4811037902633416
-0.14107676196707303,1.0766641097327883,-0.3186853814479192
-0.1055094471165709,0.9360772841523947,-0.6043201521720698
0.672246455716693,-0.22299405644885836,-0.11430394104965125
-0.3286386914509037,0.8813032091929149,-0.7715930820923285
-0.31356765669524134,0.8775761502958626,-0.7781647398648441
-0.3320249166876502,0.9392327688216581,-0.4234571232361204
-0.28331117728835226,0.8583298628146154,-0.7960066776849192
-0.13632252708173465,0.7118949551137052,-0.3699906033085882
-0.33180378824263507,1.015567506982465,-0.49634804103424596
-0.09043841236090853,0.9323502252553423,-0.6108918099445855
0.13702578594629627,1.2378704872032047,0.09009375028635214
-0.20832204232579438,0.7646230704541979,-0.7412215067780361
-0.09088836059705234,0.8795998264688195,-0.5286036475963732
-0.2757520685847319,-0.5839046184419169,-0.6795827321431279
0.024704620345212973,1.0356664618652116,-0.3909736169455929
-0.15102755613530297,0.8419691668286453,-0.4840659818915905
0.3020369981467662,0.9822930268907214,0.23866341053402532
0.17504896219974267,0.8720487200767996,-0.3360431583152325
-0.020508483921774123,1.046847638556369,-0.37125864362804556
0.45328869602407723,1.1831865897393885,-0.038513818386392736
0.1753005580062723,1.01018804258183,-0.4519915723957074
0.1753005580062723,1.01018804258183,-0.4519915723957074
-0.056075798772276364,1.1874344641367622,-0.08562387290389503
-0.16602240593034906,0.9745698591148887,-0.5686362765319197
-0.21451478971287927,-0.26978381023354375,-1.0200543537423532
-0.32321344611172637,0.748170501406626,-1.044084537271448
-0.46427800425186494,0.9148467392663865,-0.7124481621396863
-0.49478611257894367,0.8472293591853358,-0.6116613868251926
0.014776701533363856,0.8088682160121867,-0.5638946571614842
-0.045576096672088146,0.8513620153897749,-0.5479902833408172
-0.16602240593034906,0.9745698591148887,-0.5686362765319197
-0.23877677482131773,0.7154313168257557,-0.6580290909320552
0.2507701416801485,0.9797605784094255,-0.4895484835333298
0.15069814372968932,0.8727172829025038,-0.7160383343048382
-0.6095631064693113,0.8189846204506218,-0.9192230395936478
0.033163526180141206,-0.1472402569900785,-0.5381367258583944
-0.7429998967230269,-0.48415918673552827,-0.4607804616506985
-0.2562197946731946,0.9733478731229187,-0.5386035744469119
0.36156559835482455,1.5311792631306997,-0.09108264408268808
0.09005815296177322,1.6218506626519276,0.036604440372683004
0.45822849571215646,1.6882554212152465,0.4910836053172485
0.17743367459958057,1.7219604373720214,0.2677209125206276
0.17072416218369826,1.481874830067519,-0.26404668139397147
0.06514307570099184,1.4277340315500544,-0.15739322123549845
0.33119470905237114,1.5622177202990892,-0.06854208398756972
0.3764078133193582,1.5510365436079319,-0.0882570573051171
0.23794663341335873,1.683467862409527,0.23203703688047755
-0.03673596801113864,-0.14865743100415021,-0.8538309650433399
0.12042904226422665,1.5908122054835383,0.014063880277564634
-0.04535234004805936,1.6318098533511145,0.08635211577523837
0.2827479150381702,1.6326974486837107,0.28204282629077615
0.2982307724360082,1.6685596268213174,0.20575040579041437
0.37618668487434304,1.4747018054471248,-0.015366139506991403
0.9256745769390858,1.6569480306185476,0.2069308567989134
0.3532040760150445,1.774991929332254,0.44725660760442676
0.08723628585673511,1.720738451380051,0.2977536146056355
0.30128145933217504,1.5460874987189093,-0.0647960129926249
-0.040041504604446186,1.5104693152519681,-0.1814407171288372
-0.02134461203882417,-0.14438204107101538,-0.8999616264548221
0.5695093980379308,1.6014725666743743,0.08746056588513007
-0.04535234004805936,1.6318098533511145,0.08635211577523837
0.1955553962514098,1.5957612503725607,-0.009397164034927566
0.2764502252644635,1.432201078413868,-0.3194455303516689
0.8256025789886267,1.5499047351116255,-0.019558993972595
0.14752042487938455,1.7058302157918415,0.2714669835155723
0.4518773969932343,1.5206090794355278,-0.12581396844273943
0.5188710484317662,1.7457864511518202,0.37966699438179646
0.042023181589747965,1.7319196280712084,0.3174685879231829
0.13530182393125478,1.5186471054767965,0.07284270053095464
-0.2905409408313701,-0.5340606175238081,-0.7330062549752682
0.34321505691186666,1.680962789504445,0.1954326770229538
-0.2210083315679589,1.5669861917037393,-0.09788220158360422
0.11737835536805981,1.7132843335859462,0.28461029906060387
0.6297935370605802,1.5865643310861646,0.06117393479506692
0.4940398143640547,1.6319000308467786,0.12501747702275248
-0.28160513357480693,1.5252485558694022,-0.0015464701925917731
-0.018489777224030095,1.7704122030337028,0.35315246356333285
0.011766702182858902,1.7511659155524555,0.3353105257432579
0.0804123635452884,1.4924450137626915,-0.2293153570339201
0.12573987770783981,1.4694716673843917,-0.2537289526265109
-0.47152301803247004,-0.4828082057727822,-0.6444207795818886
-0.0402703243955749,1.5340536546262529,-0.17204347257875033
-0.11551108827832236,1.5408967794243729,-0.14388380599121475
0.08029795364972406,1.5042371834498336,-0.2246167347588767
0.22264677886656767,1.7107792606808643,0.24800593920308017
-0.2059372968122965,1.563259132806687,-0.10445385935612002
0.11055443305661314,1.4849908959685867,-0.24245867257895168
-0.1304677131384204,1.5328316686342827,-0.14201077049374242
0.48190505660899474,1.524947131328565,-0.13425866171272766
0.4037280157256448,1.6424702145419505,0.15974880138280378
0.1256254678122755,1.4812638370715343,-0.2490303303514675
0.06908159649515005,-0.16674439445332978,-0.9393915730899168
0.4516028927166639,1.4258487148221115,-0.0353286911761008
0.23794663341335873,1.683467862409527,0.23203703688047755
0.47885436971282797,1.6474192594309733,0.13628775707031168
-0.0003680555722009458,1.6442130160342419,0.07603438700777776
0.09005815296177322,1.6218506626519276,0.036604440372683004
0.1558819472191646,1.4620175495902872,-0.2668722681715425
0.13233498022815782,1.7213494443760362,0.28273726356313156
0.5338276732918643,1.75385156194191,0.37779395888432404
0.014718295648368655,1.5431991119524706,0.1304429225592275
0.060030493346012855,1.6175126107588902,0.04504913364267123
-0.5684986446013205,-0.593978925394412,-1.2225450818529884
0.6244827016169672,1.707904869185311,0.32896676769914246
0.31635249408783744,1.5423604398218569,-0.0713676707651407
-0.0002536456766366253,1.6324208463471,0.0713357647327344
0.16564214653121376,1.5796310287923812,-0.005651093039982747
0.12031463236866231,1.6026043751706807,0.01876250255260805
0.406549882830683,1.543582425813827,-0.1014003728501487
0.5238616288860471,1.5138921543370218,0.21744031828879926
-0.07018357411577092,1.5179234330460731,-0.1682974015838056
-0.23607936632362125,1.570713250600792,-0.09131054381108844
0.34321505691186666,1.680962789504445,0.1954326770229538
-0.22403861034232636,-0.30579808657408536,-1.3591934065201854
-0.018489777224030095,1.7704122030337028,0.35315246356333285
-0.025084879744348167,1.5185344260420583,-0.18331375262630953
0.2259262855538632,1.5647227932041714,-0.031937724130045926
0.12042904226422665,1.5908122054835383,0.014063880277564634
-0.14565315778964708,1.5483508972184774,-0.1307404904461832
-0.13058212303398473,1.5446238383214252,-0.13731214821869897
0.135500077019889,1.587085146586486,0.007492222505048844
0.28304532778478153,1.6840788554055124,0.2170206858379736
0.2259262855538632,1.5647227932041714,-0.031937724130045926
0.09017256285733762,1.6100584929647854,0.03190581809763962
-0.7802327345899153,-0.8484022937645587,-0.8537307438166012
0.2559539451696236,1.569060845097209,-0.0403824174000341
0.27091057002972163,1.5771259558872985,-0.042255452897506526
0.2829309178892172,1.6958710250926545,0.221719308113017
-0.0634740616998885,1.7580090403505753,0.36347019233079336
0.20098064159058734,1.4626285425862722,-0.28188861921404645
0.07521593799723955,1.6019933821746954,0.03377885359511202
0.2516189911967518,1.318314658108826,-0.5740950477107128
0.19566980614697413,1.5839690806854185,-0.014095786309970923
-0.07560881945494842,1.6510561408323619,0.10419405359531336
0.5035560098747078,1.6652820748369472,0.4666700097246578
-0.5716560500469382,-0.5596337051399533,-0.8838063675468668
-0.1358929584775979,1.6659643764205716,0.13048068468537657
0.32825843205176863,1.672897678714355,0.19730571252042622
0.06545573868519039,1.4843799029726013,-0.22744232153644775
-0.0002536456766366253,1.6324208463471,0.0713357647327344
0.4888433888160058,1.7414483992587826,0.3881116876517846
0.2829309178892172,1.6958710250926545,0.221719308113017
0.5491275278386553,1.726540163670573,0.3618250565617214
0.14058209267237348,1.4893289478616238,-0.25090336584893985
-0.05511253936010854,1.5141963741490205,-0.17486905935632138
0.12031463236866231,1.6026043751706807,0.01876250255260805
-0.5683842347057562,-0.6057710950815541,-1.2272437041280315
-0.47892644937223233,-0.9111513020184647,-0.9804652769918735
0.03508484938273695,1.5154183601409907,-0.20490176144132932
-0.06705341525471685,-0.20174465726861684,-0.7828776112446226
-0.03706381500560463,-0.3131190770129069,-0.712747751722132
-0.30069771254800787,-0.6859988690598163,-0.9295336272271287
-0.09404560509823741,-0.3850949569075396,-1.0069488003234708
-0.3383777915694011,-0.1504509912239095,-0.6495068917948986
-0.30487999729650433,-0.2263635980482478,-1.0007322464998447
-0.6009516982585107,-0.31127745139721513,-1.1166557469879153
-0.5564096706726824,-0.45154376503570226,-0.9811916401591246
-0.7523635898578077,-0.4648965837182437,-0.8527025928340698
0.09868221634480748,-0.25853569923842923,-0.8400849671978566
-0.34518636430228067,-0.5273069289687203,-1.0825920935244324
-0.5682088900871627,-0.4939540960802507,-1.3180573189677736
-0.5257719022124522,-0.3904540899410484,-1.0917039975968084
-0.034241848559586285,-0.5658338305692269,-0.8748861961969161
-0.14273643602749447,-0.34757100879211134,-0.6089361090608356
-0.54569626528411,-0.10745255192248973,-0.9681483023646146
-0.2597126437422791,-0.25333816884164106,-1.0053663402729522
-0.35985330087554096,-0.33279590055918484,-1.2422384483138575
-0.35978470792005834,-0.25783015446309887,-1.2978633442165732
-0.22984507850752478,-0.3555526512491617,-0.9280243785513455
-0.12395892104575343,-0.2986738686022549,-1.069209882500638
-0.3269121733882388,-0.5495858140179954,-1.4429833451475094
0.14376569359230296,-0.3144648258859216,-0.8170707818061578
-0.24535074503442375,-0.501862836323351,-0.7781843651066517
-0.13928158472160534,-0.38181047726750034,-0.9796933872337035
-0.4563528567324906,-0.4523162441149902,-0.6836676763673573
0.17334353742655942,-0.5679797925503357,-0.6112130063837093
-0.17041498590342133,-0.6139952551363774,-0.7058048347312552
-0.19403375985562682,-0.41190804161763006,-1.2940905068458415
-0.6611825276769245,-0.1753922794709325,-1.173970628538477
-0.38044101616858406,-0.3300742319657799,-0.8670064231012309
-0.5008644500704642,-0.19896969118954808,-0.8951928560645532
-0.24437472982883976,-0.16493709547565022,-1.0999097953880337
-0.25982698741052346,-0.34409730903996316,-0.9346605648257971
-0.27497427335412206,-0.36669257364663727,-0.9029541078125483
-0.586803302876877,-0.6335046246893598,-0.8190963339475621
-0.2258152299075809,-0.9703838791536475,-0.740549007625051
-0.43572698273181926,-0.4931524058992637,-1.0384635246142944
0.09836199446913517,-0.42036511289681305,-0.701515233800722
-0.6322604771725799,-0.6040035733246635,-0.7849571562317813
-0.19436163996375283,-0.5250940326836547,-1.1860108701106902
-0.4713629236514638,-0.3762556714722243,-0.7302074345734837
-0.25440180829866604,-0.37467870694078764,-1.2731591731770284
-0.6159922325389985,-0.2970214630986722,-1.1201380089116928
-0.3208203287083,-0.4714353721509468,-0.7406274539690293
-0.36571314487229484,-0.40097609168687,-0.7934750608765043
0.2293843907503633,-0.1443106159299581,-0.6885904173539023
-0.5861017919478634,-0.3913392484550748,-1.0503364869623053
-0.31988237286936416,-0.2502221029405737,-0.9837783314579326
-0.3154637425519253,-0.5769825161478573,-1.0235011664175448
-0.3198748139778905,-0.14503856070473675,-1.0522989645541183
0.0034103377272913455,-0.005542289326967979,-0.6531808864411011
-0.2607267845418312,-0.6034250714412053,-0.6710735103712039
-0.33915555368635086,-0.41893869096192105,-0.39313193953942227
-0.5863229535065386,-0.41639833167315005,-1.010449145750236
-0.22142258833105588,-0.527031803705003,-1.5194750462171027
-0.012972217460874532,-0.4545591946940135,-0.21429068172797822
-0.2703115730079673,-0.7117728615274602,-0.9571011471703937
-0.3540664609473471,-0.35993475270704267,-0.4393433601724456
-0.647217102032678,-0.6120686841147531,-0.7830841207343089
0.5067930197398528,-0.17136172740072167,-0.0840881891150172
-0.45616982076778356,-0.4404183226487783,-0.7109876179590602
-0.1097648080650179,-0.5538319928494313,-0.8197349255907809
-0.3058941380960566,-0.576450500647812,-0.6664394165980964
2.387692502394629,0.07837787751089158,-0.7413472771741291
2.3274083633719793,0.09328611309910119,-0.7150606460840657
1.9037266138412485,-0.3867118195661626,0.026938314690648512
2.1268398697884563,0.6204999680587571,-0.4388650306745985
2.4289700367059033,0.6928588860631449,-0.24530466361239264
2.3596655701295997,0.6356148081255318,-0.3796057578318144
2.0665557307658067,0.6354082036469666,-0.4125783995845353
2.3981184953903787,0.5534129079118137,-0.5571548705798828
1.9075345274597286,0.747426575037104,-0.18245602465634053
2.1486710835503264,0.6877936326842655,-0.2876025490165933
2.601511598024397,0.7228819617181296,-0.1597587596795451
2.0665557307658067,0.6354082036469666,-0.4125783995845353
2.319097507622525,0.16803389551871464,-0.550654848881029
2.1034579792833394,0.6989748093754228,-0.2678875756990459
1.915845383209183,0.6726787926174906,-0.34686182185937736
2.329523500618275,0.6430689259196367,-0.36646244228678276
1.967818666482378,0.7325183394488943,-0.20874265574640374
2.4651628134192363,0.609525395846165,-0.42560736223942497
2.585731091464535,0.5797089246697458,-0.4781806244195513
2.1419109045441185,0.6167729091617047,-0.44543668844711426
2.1788131530616512,0.6803395148901608,-0.3007458645616249
2.1720529740554433,0.6093187913675998,-0.4585800039921459
2.292621252100742,0.5795023201911805,-0.5111532661722722
2.2821952591049923,0.10446728979025843,-0.6953456727665184
2.4440410714615655,0.6891318271660926,-0.2518763213849084
2.0966978002771315,0.6279540858528617,-0.4257217151295669
2.5344672799955394,0.666769473783778,-0.2913062680200032
2.1486710835503264,0.6877936326842655,-0.2876025490165933
2.3076922868564043,0.5757752612941281,-0.5177249239447881
1.7417531451474428,0.7884242229046805,-0.11016778915866685
2.4199497091522493,0.6207065725373223,-0.40589238892187757
2.428260564901703,0.5459587901177089,-0.5702981861249143
2.4289700367059033,0.6928588860631449,-0.24530466361239264
2.563846837627502,0.3960921209524069,-0.053101591157705026
2.2058869454774777,-0.2059264595210622,-0.3483023933947771
2.0966978002771315,0.6279540858528617,-0.4257217151295669
2.284310396351288,0.6542501026107939,-0.3467474689692354
2.1268398697884563,0.6204999680587571,-0.4388650306745985
2.4433315996573657,0.5422317312206565,-0.5768698438974301
2.4573122424255396,0.16209544622031324,-0.22401387252746432
2.292621252100742,0.5795023201911805,-0.5111532661722722
2.3529053911233917,0.5645940846029709,-0.5374398972623354
2.3596655701295997,0.6356148081255318,-0.3796057578318144
2.247408147833755,0.5906834968823378,-0.4914382928547248
2.006271591743157,0.6503164392351762,-0.3862917684944721
2.2068400853266805,0.12310258427552047,-0.6624873839039395
2.344594535373937,0.6393418670225842,-0.3730341000592986
1.674708827118585,0.7323117349703291,-0.24171529749912465
2.4138990019502407,0.6965859449601973,-0.23873300583987683
2.27755021734508,0.583229379088233,-0.5045816083997564
2.1034579792833394,0.6989748093754228,-0.2678875756990459
2.5555890219532102,0.5871630424638506,-0.4650373088745197
1.8254191746752089,0.6950411459998052,-0.30743187522428256
2.1486710835503264,0.6877936326842655,-0.2876025490165933
1.9979607359937028,0.7250642216547896,-0.22188597129143534
1.922605562215391,0.7436995161400516,-0.18902768242885634
2.6439000932408887,0.015017876261000776,-0.8530654593068973
2.1419109045441185,0.6167729091617047,-0.44543668844711426
2.292621252100742,0.5795023201911805,-0.5111532661722722
2.1326469089454605,0.362491647784735,0.03315409926508474
2.1336000487946643,0.691520691581318,-0.28103089124407754
2.374736604885262,0.6318877492284795,-0.3861774156043302
2.338543828171929,0.7152212394454592,-0.20587471697729784
2.27755021734508,0.583229379088233,-0.5045816083997564
2.087296552540188,0.3262926421691843,0.09811171121595154
2.8653205728159117,0.4378740821031892,-0.7608762615278724
2.4350207439079115,0.6169795136402699,-0.4124640466943934
2.4185440437101535,0.21782385566222284,-0.4294970702066388
2.263188654393617,0.7338565339307213,-0.17301642811471893
1.8623214231927416,0.7586077517282612,-0.1627410513387932
2.563899877702665,0.5124152600442373,-0.6294431060775565
2.4440410714615655,0.6891318271660926,-0.2518763213849084
2.29938143110695,0.6505230437137415,-0.3533191267417512
2.006271591743157,0.6503164392351762,-0.3862917684944721
2.8509590098644493,0.5885012369456776,-0.4293110812428349
2.27755021734508,0.583229379088233,-0.5045816083997564
2.1426203763483183,0.7636730051071405,-0.12044316593459252
2.4350207439079115,0.6169795136402699,-0.4124640466943934
2.52404128699979,0.191734443382856,-0.4754986746142494
2.351814999135903,0.18818485849968006,-0.17801226811985382
2.2172660783224303,0.5981376146764426,-0.4782949773096932
2.202195043566768,0.601864673573495,-0.47172331953717744
2.1419109045441185,0.6167729091617047,-0.44543668844711426
2.0823362373256686,0.7785812406953502,-0.09415653484452935
1.9376765969710534,0.7399724572429992,-0.19559934020137212
2.238144152235097,0.33640223550536824,-0.012847505142525788
2.3520590029372994,0.27241629371160525,-0.25844362569019924
2.5395648473483443,0.26186105756432015,-0.14428066059284161
1.7869662494144298,0.7772430462135232,-0.12988276247621422
2.243742333844213,0.18666919000397666,-0.51779656001845
2.27755021734508,0.583229379088233,-0.5045816083997564
2.0733159097720146,0.7064289271695277,-0.2547442601540143
2.0966978002771315,0.6279540858528617,-0.4257217151295669
2.118529014039002,0.6952477504783704,-0.2744592334715617
2.04317384026069,0.7138830449636323,-0.2416009446089827
2.1336000487946643,0.691520691581318,-0.28103089124407754
2.8961721141314363,0.5773200602545204,-0.44902605456038225
2.27755021734508,0.583229379088233,-0.5045816083997564
2.1720529740554433,0.6093187913675998,-0.4585800039921459
2.293330723904942,0.7264024161366165,-0.18615974365975052
2.161626981059693,0.13428376096667768,-0.642772410586392
1.9761295222318325,0.657770557029281,-0.37314845294944055
2.3435041433864483,0.2629326409192934,-0.013606470916816996
2.0281028055050276,0.7176101038606849,-0.2350292868364669
2.5103759176862233,0.5983442191550079,-0.4453223355569723
2.0665557307658067,0.6354082036469666,-0.4125783995845353
2.1788131530616512,0.6803395148901608,-0.3007458645616249
2.27755021734508,0.583229379088233,-0.5045816083997564
2.5254469524418854,0.5946171602579555,-0.45189399332948815
2.0213426264988197,0.6465893803381237,-0.39286342626698795
2.2692393615956252,0.6579771615078464,-0.3401758111967196
2.101342842037044,0.14919199655488727,-0.6164857794963289
2.2972662938606545,0.10074023089320602,-0.7019173305390342
1.8321793536814168,0.7660618695223661,-0.14959773579376162
2.2429232799276324,1.0529365486183129,-0.30725229967302375
2.272905175585167,1.061991468386207,-0.31381754403299456
1.948262763820593,1.198498450081922,-0.017985004792186815
2.8532343209645346,1.1217750122042138,-0.08729094863061251
2.400393806490464,1.0866866831703497,-0.21513473796766064
1.9565736195700474,1.1237506676623086,-0.18239080199522367
2.4539177665069056,1.000757724059579,-0.3992555084882448
2.4757489802687758,1.0680513886850878,-0.24799302683023963
2.1893993199111907,1.1388655077290835,-0.12313152915243958
2.062889916776265,0.2313938967686055,-0.4389366667482605
2.56688466060695,1.1925891312482095,0.03757054904718758
2.355180702223477,1.0978678598615068,-0.19541976465011326
2.318278453705944,1.0343012541330507,-0.3401105885356027
2.1675681061493206,1.071571843103575,-0.2743940108104448
2.2579943146832946,1.0492094897212605,-0.31382395744553954
2.2276920713181796,1.0731726450773644,-0.2941025707154472
2.2736146473893672,1.208891564331643,0.011175978479527122
2.439556203555443,1.1513848789020678,-0.06769032820320736
2.340109667467815,1.1015949187585594,-0.1888481068775975
2.838003112355082,1.1420111086632654,-0.07414121967303597
2.3341685423781873,0.16430683662166223,-0.5572265066535448
1.9564134457162574,1.1402597052243075,-0.1758127308101629
1.9028894856998158,1.2261886643350783,0.008308039710421346
2.1893993199111907,1.1388655077290835,-0.12313152915243958
2.107283967126671,1.0864800786917843,-0.2481073797203816
2.272905175585167,1.061991468386207,-0.31381754403299456
2.1975500018068552,1.0806267628714692,-0.2809592551704156
2.394343099288456,1.162566055593225,-0.04797535488565997
2.062070862859684,1.0976612553829417,-0.22839240640283423
2.3784024188748036,1.0359020561068402,-0.3598191484406052
2.016857758592697,1.1088424320740988,-0.20867743308528683
2.0399683110269065,-0.21230899396019387,-0.23077151926378406
2.5509439801932974,1.065925131761825,-0.2742732445077578
2.0386889723545676,1.1761360966996075,-0.0574149514272816
2.159097076546076,1.1628286630851874,-0.10341014242234721
2.1440260417904136,1.1665557219822398,-0.09683848464983143
2.611228119215947,1.0510168961736153,-0.30055987559782094
2.062620160810094,1.2610703888903767,0.10317918729474827
2.3851625978810116,1.1069227796294014,-0.20198500901008412
2.3399494936140246,1.1181039563205586,-0.18227003569253675
2.4755888064149856,1.084560426247087,-0.24141495564517887
2.3099675979564895,1.1090490365526642,-0.17570479133256586
1.814993181679459,0.22000611559888297,-0.49162428181852874
2.294736389347037,1.129285133011716,-0.16255506237498935
2.2346124241781777,1.1276843310379263,-0.14284650246998692
2.303207418950282,1.0380283130301031,-0.3335389307630869
2.348420523217269,1.026847136338946,-0.35325390408063434
2.1379753345884054,1.2424350944051148,0.07032089843216931
2.746867432016908,1.0174733661001436,-0.35970479555046314
2.1675681061493206,1.071571843103575,-0.2743940108104448
2.560124481600742,1.1215684077256485,-0.12026359038333373
2.1674079322955304,1.088080880665574,-0.26781593962538397
2.4989706969201024,1.006085584930421,-0.4123924106207314
2.3413890061401537,-0.28685017190124196,-0.36220467471409995
2.4002336326366738,1.103195720732349,-0.20855666678259993
2.349129995021469,1.1737472322843823,-0.02826038156811257
2.324878458858362,1.121831015217611,-0.17569837792002094
2.3338987864120164,1.1939833287434336,-0.015110652610536008
2.4991308707738926,0.9895765473684219,-0.4189704818057922
2.393633627484256,1.0156659596477888,-0.37296887739818174
2.619699148819192,0.9597600761920027,-0.47154374398591864
2.016697584738907,1.125351469636098,-0.2020993619002261
2.046999828104022,1.101388314279994,-0.22182074863031842
2.4305358760017888,1.079232565376245,-0.22827805351269226
1.9054193902134333,0.1976437622165685,-0.5310542284536236
2.1674079322955304,1.088080880665574,-0.26781593962538397
2.0385287985007774,1.1926451342616067,-0.050836880242220835
2.1291151808885416,1.153773743317293,-0.0968448980623764
2.077691195565756,1.2573433299933243,0.09660752952223248
2.5509439801932974,1.065925131761825,-0.2742732445077578
2.3851625978810116,1.1069227796294014,-0.20198500901008412
2.294736389347037,1.129285133011716,-0.16255506237498935
1.9564134457162574,1.1402597052243075,-0.1758127308101629
2.2647544936895025,1.1202302132438213,-0.15598981801501852
2.400393806490464,1.0866866831703497,-0.21513473796766064
1.9657035292360827,0.18273552662835893,-0.5573408595436867
2.363331384119141,1.0396291150038925,-0.35324749066808936
2.295445861151237,1.276185228957152,0.16243846013753266
2.324878458858362,1.121831015217611,-0.17569837792002094
1.9714844804719198,1.1365326463272551,-0.18238438858267866
2.3784024188748036,1.0359020561068402,-0.3598191484406052
1.9113605153030602,1.1349318443534657,-0.1626758286776763
2.092212932371009,1.090207137588837,-0.24153572194786582
2.5057308759263104,1.0771063084529822,-0.25455827119021046
2.0535998332564396,1.1889180753645543,-0.05740853801473663
2.303207418950282,1.0380283130301031,-0.3335389307630869
2.357550432883304,0.08583199530499638,-0.7282039616290974
2.6415303625810616,1.0270537408175113,-0.3202812623279133
2.400393806490464,1.0866866831703497,-0.21513473796766064
2.1221948280285434,1.099262057356731,-0.24810096630783662
1.8576763814328288,1.2373698410262355,0.028023013027968682
2.318278453705944,1.0343012541330507,-0.3401105885356027
1.9934758680875804,1.1873172733907646,-0.03769997810973424
2.1884461800619874,0.8098364639325007,0.1910534613567227
2.5057308759263104,1.0771063084529822,-0.25455827119021046
2.1138839722790888,1.1740098397763445,-0.08369516910479984
2.4757489802687758,1.0680513886850878,-0.24799302683023963
2.228671299088551,0.19039624890102905,-0.5112249022459342
2.016697584738907,1.125351469636098,-0.2020993619002261
1.9934758680875804,1.1873172733907646,-0.03769997810973424
1.9633337985762553,1.1947713911848694,-0.024556662564702635
2.294736389347037,1.129285133011716,-0.16255506237498935
2.068831041865892,1.1686819789055025,-0.07055826697231318
1.9782446594781278,1.2075533698498162,-0.024550249152157675
2.1674079322955304,1.088080880665574,-0.26781593962538397
2.394182925434666,1.1790750931552239,-0.0413972837005992
2.1532065431978578,1.2221989979460632,0.057171169474592734
2.5961570844602844,1.0547439550706676,-0.29398821782530515
2.357550432883304,0.08583199530499638,-0.7282039616290974
2.2811048671175045,-0.2719419363130323,-0.33591804362403677
2.137426036637996,1.0790259608976795,-0.26125069526541317
2.245038417173928,1.6027193614388484,0.04134590412425931
1.8531915135267063,1.699622892762211,0.21220900620966998
2.6677368621366737,1.6452618082668171,0.18233300900633903
2.1485615014379453,1.700961087244038,0.24793523384135474
1.9368575430544726,1.6062398158573354,0.014944920144054158
2.223916675216257,1.6823257927587758,0.21507694497877575
2.4108197994862137,1.561721713571272,-0.030942331373414466
2.351245132267764,1.7235300451049176,0.32033782222917073
2.254058744727582,1.674871674964671,0.20193362943374416
2.2588133685998755,0.18294213110692426,-0.5243682177909658
2.3294139185058937,1.6562363804794091,0.16907534057116522
2.4205495988440675,1.7807741230425302,0.45463891644859206
2.630834613619141,1.5816952025383608,0.03764218512084935
2.5320975493357127,1.678805338340289,0.2414779289589812
2.380677729974889,1.5691758313653767,-0.01779901582838287
2.540408405085167,1.6040575559206753,0.07707213175594409
2.2842008142389068,1.6674175571705663,0.18879031388871256
2.3143428837502316,1.6599634393764615,0.17564699834368097
2.0732063276596335,1.7195963817293,0.2807935227039337
2.3746270227728807,1.6450552037882518,0.14936036725361784
2.101342842037044,0.14919199655488727,-0.6164857794963289
2.6820984250881366,1.4946346534243289,-0.1492321712786987
2.7664739264201024,1.5481516724648894,-0.02150273483179281
2.5313880775315125,1.5319052423948527,-0.08351559355354075
2.599983072303617,1.4422492243870297,-0.2742080218466408
2.547168584091375,1.6750782794432362,0.23490627118646543
2.51702651458005,1.6825323972373414,0.24804958673149702
2.058135292903971,1.7233234406263525,0.2873651804764495
1.9368575430544726,1.6062398158573354,0.014944920144054158
2.1093991043729665,1.63626289151232,0.10049082407690142
2.1847542781512788,1.6176275970270582,0.06763253521432243
2.5825255622307517,-0.3464831142540804,-0.46735119907435263
2.208136168656395,1.5391527557103923,-0.10334491976123013
2.2299673824182653,1.606446420335901,0.0479175618967751
2.2751804866852527,1.5952652436447436,0.02820258857922772
2.0641860001059795,1.6474440682034774,0.12020579739444881
2.26010945192959,1.598992302541796,0.03477424635174351
2.290251521440915,1.5915381847476913,0.02163093080671192
2.0340439305946547,1.6548981859975822,0.1333491129394804
2.290251521440915,1.5915381847476913,0.02163093080671192
2.3595559880172186,1.6487822626853041,0.15593202502613362
2.214896347662603,1.6101734792329534,0.05448921966929084
2.243742333844213,0.18666919000397666,-0.51779656001845
3.053533058581887,1.6242376493663293,0.17862929000292876
2.600692544107816,1.5891493203324656,0.05078550066588089
2.3746270227728807,1.6450552037882518,0.14936036725361784
2.1485615014379453,1.700961087244038,0.24793523384135474
2.00390186108333,1.662352303791687,0.14649242848451197
1.9285466873050183,1.6809875982769489,0.179350717347091
2.380677729974889,1.5691758313653767,-0.01779901582838287
2.501246008020188,1.5393593601889575,-0.07037227800850926
2.049114965350317,1.6511711271005298,0.1267774551669646
2.351245132267764,1.7235300451049176,0.32033782222917073
1.9338686833525731,-0.3941659373602674,0.01379499914561699
2.2751804866852527,1.5952652436447436,0.02820258857922772
1.9074249453473475,1.7605940295968765,0.3530817582016074
2.592381688358362,1.6638971027520792,0.21519129786891802
1.997141682077122,1.5913315802691261,-0.011341710946009038
2.6677368621366737,1.6452618082668171,0.18233300900633903
2.1847542781512788,1.6176275970270582,0.06763253521432243
2.26010945192959,1.598992302541796,0.03477424635174351
2.5163170427758503,1.535632301291905,-0.07694393578102496
2.3203935909522397,1.5840840669535865,0.008487615261680318
2.1033483971709583,1.712142263935195,0.2676502071589021
2.1766980158153557,0.13055670206962527,-0.6493440683589078
2.269129779483244,1.6711446160676187,0.19536197166122837
2.1184194319266205,1.7084152050381427,0.2610785493863863
2.555479439840829,1.600330497023623,0.07050047398342826
2.6067432513098248,1.5132699479095908,-0.11637388241611973
2.5773106536026997,1.6676241616491314,0.2217629556414338
2.591672216554162,1.5169970068066432,-0.10980222464360394
2.3957487647305515,1.5654487724683244,-0.024370673600898667
2.5313880775315125,1.5319052423948527,-0.08351559355354075
2.23827823816772,1.5316986379162876,-0.11648823530626175
2.163632536193608,1.6972340283469856,0.24136357606883893
2.222620591886543,0.2662756213239041,-0.3440655191639335
2.3656066952192267,1.5729028902624291,-0.011227358055867083
2.501246008020188,1.5393593601889575,-0.07037227800850926
2.223916675216257,1.6823257927587758,0.21507694497877575
1.883333583038031,1.692168774968106,0.1990656906646384
2.2457478889781277,1.7496194573842845,0.36633942663678126
2.00390186108333,1.662352303791687,0.14649242848451197
2.299271848994569,1.663690498273514,0.18221865611619678
2.17870357094927,1.6935069694499332,0.23479191829632315
2.290251521440915,1.5915381847476913,0.02163093080671192
2.6225237578696867,1.6564429849579745,0.20204798232388643
2.2068400853266805,0.12310258427552047,-0.6624873839039395
2.49519530081818,1.6152387326118325,0.09678710507349148
2.3294139185058937,1.6562363804794091,0.16907534057116522
2.169683243395616,1.6213546559241105,0.07420419298683824
2.3656066952192267,1.5729028902624291,-0.011227358055867083
2.0574258210997716,1.5764233446809162,-0.037628342036072224
2.1629230643894077,1.5503339324015497,-0.08362994644368275
2.510266335573842,1.61151167371478,0.09021544730097568
2.3964582365347513,1.7123488684137604,0.30062284891162333
2.9925394477550378,1.4922457890091032,-0.12007760141952979
2.6609766831304658,1.5742410847442563,0.02449886957581776
2.0410587030143943,0.1641002321430969,-0.5901991484062658
2.4868844450687253,1.689986515031446,0.26119290227652864
2.591672216554162,1.5169970068066432,-0.10980222464360394
1.9285466873050183,1.6809875982769489,0.179350717347091
2.6368853208211496,1.5058158301154858,-0.12951719796115133
2.306032028000777,1.7347112217960747,0.3400527955467181
2.3889885857243436,1.4944280489457635,-0.1822048130314197
2.600692544107816,1.5891493203324656,0.05078550066588089
2.275889958489452,1.7421653395901797,0.3531961110917497
1.967709084369997,1.745685794008667,0.32679512711154424
2.4198401270398677,1.6338740270970946,0.12964539393607044
2.635589237491435,0.08976565868061415,-0.6886596621038606
2.439665785667824,0.1382174243422954,-0.6032281110611554
2.1395411738842913,1.6288087737182153,0.08734750853186983
2.1155674886066143,-0.1467128532335306,-0.3440611656967085
2.056129737770057,0.1603731732460445,-0.5967708061787814
2.3274083633719793,0.09328611309910119,-0.7150606460840657
2.1908159107218155,-0.2021994006240098,-0.34173073562226125
2.3281178351761795,0.24018620904453722,-0.39006712357154405
2.2075495571308807,0.27000268022095647,-0.3374938613914177
1.9958455987474073,0.1752814088342541,-0.5704841750887183
2.0167236726600746,-0.08645397033682012,-0.10503670292155082
2.357550432883304,0.08583199530499638,-0.7282039616290974
2.0869812790855815,0.2998191513973757,-0.2849205992112913
2.1766980158153557,0.13055670206962527,-0.6493440683589078
2.025987668258732,0.16782729104014932,-0.58362749063375
2.5903761332244475,0.10094683537177138,-0.6689446887863133
2.1826118066354714,-0.09060036529917923,-0.21251365735625063
1.9054193902134333,0.1976437622165685,-0.5310542284536236
2.077960951531927,0.2276668378715531,-0.44550832452077627
2.4178345719059537,0.07092375971678679,-0.7544905927191605
2.0862718072813813,0.15291905545193968,-0.6099141217238131
2.394452681400837,0.1493986010334526,-0.583513137743608
2.174791736116949,-0.5275013855235403,-0.020974087340583362
2.3274083633719793,0.09328611309910119,-0.7150606460840657
2.403473008954491,0.22155091455927522,-0.422925412434123
1.6642828341228353,0.257276704569407,-0.4259077040933708
2.52404128699979,0.191734443382856,-0.4754986746142494
2.2889554381112003,0.17548801331281944,-0.5375115333359973
2.4938992174884653,0.1991885611769608,-0.46235535906921776
2.4788281827328027,0.2029156200740132,-0.455783701296702
2.0862718072813813,0.15291905545193968,-0.6099141217238131
2.3565972930341013,-0.24319704849158627,-0.414018971119935
2.116413876792706,0.14546493765783486,-0.6230574372688447
1.7094959383898225,0.24609552787824981,-0.4456226774109182
2.34923957713385,0.16057977772460982,-0.5637981644260606
2.0701103805382313,-0.21976311175429866,-0.24391483480881568
1.9657035292360827,0.18273552662835893,-0.5573408595436867
2.4630476761729407,0.0597425830256296,-0.7742055660367079
1.9958455987474073,0.1752814088342541,-0.5704841750887183
1.6190697298558483,0.2684578812605642,-0.40619273077582346
2.191769050571018,0.12682964317257286,-0.6559157261314236
2.319097507622525,0.16803389551871464,-0.550654848881029
2.0862718072813813,0.15291905545193968,-0.6099141217238131
1.9573926734866283,0.25748330904797234,-0.39293506234064995
2.236982154838005,0.11564846648141565,-0.675630699448971
1.7547090426568095,0.2349143511870926,-0.46533765072846556
2.3263179713844915,-0.2831231130041895,-0.3556330169415841
2.2219111200823427,0.11937552537846804,-0.6690590416764552
1.769780077412472,0.2311872922900402,-0.4719093085009814
2.3274083633719793,0.09328611309910119,-0.7150606460840657
2.3274083633719793,0.09328611309910119,-0.7150606460840657
2.52404128699979,0.191734443382856,-0.4754986746142494
2.4672686906208714,-0.745770066125906,0.2206173881102211
2.0250345284095292,-0.16120175275643334,-0.26944250012458754
2.2428959456581206,-0.10550860088738881,-0.23880028844631376
2.03274784726494,0.2388480145627103,-0.42579335120322886
2.243742333844213,0.18666919000397666,-0.51779656001845
2.1623364528638933,0.28118385691211367,-0.3177788880738703
2.192478522375218,0.27372973911800885,-0.3309222036189019
2.2136002643328885,0.19412330779808143,-0.5046532444734184
2.5903761332244475,0.10094683537177138,-0.6689446887863133
1.9194000329816072,-0.18249252278377462,-0.17819825708365772
2.1606738412104907,-0.194745282829905,-0.32858742007722963
2.2068400853266805,0.12310258427552047,-0.6624873839039395
2.3855117184196524,-0.6744405746956899,-0.022492018889165886
2.175744875966153,-0.1984723417269574,-0.33515907784974547
2.598686988973902,0.026199052952157947,-0.83335048598935
-1.9804988232211869,1.031900493851869,0.28334705889720463
-1.322564478924178,2.214541789014286,1.440201770218301
-1.5706034433351308,1.550366346686013,1.176445072845356
-1.6805848126713152,0.5335368808137589,0.24517477841587626
-1.5168780123576513,0.627747905694172,0.3086937109376087
-1.9152693132782683,0.624703427021126,-0.27406368563025546
-1.3650466674503736,1.8236615052491987,0.8496722699389547
-2.002906609733506,0.14108093683698122,-0.6858170715701504
-1.6075864628734333,0.7270548889179875,0.3289102543708249
-1.6559241489386551,0.37445283163535564,-0.12518144649759227
-1.5279781367335743,1.379732168353297,0.45066933346905236
-1.8415539771408975,0.7169768224498062,-0.2021710017530156
-2.4619178379525466,0.12171420774819958,-0.47804942016786073
-1.806286119135402,-0.1674409509388491,-0.20138827443481006
-1.7726079895657307,0.7617442136799089,-0.15368287501670588
-1.806751635500269,0.2667904730241115,-0.4309074874645893
-1.429240828488857,1.2857076226836062,0.6082349364849132
-1.7824310087536366,-0.41805111902220515,0.05102346761905541
-1.5505696899319283,1.110667572222983,-0.08026552220570392
-1.926582821771237,1.1183928260759806,0.057102250485042416
-1.7684538511620562,1.2245005402403468,0.14582189234964404
-2.0723228110009475,0.37698392483198323,-0.38714823092863143
-1.4690104329452713,0.0866101175476545,0.34498858376933494
-2.305342217440676,0.6348607616019414,0.04815761780434619
-1.8076896906801845,0.19940416864193464,-0.2867673397338541
-1.2230641978606243,2.064852935346847,0.9759291883270579
-1.8353604534654637,-0.1298936267146041,-0.3223085427920702
-1.6555882595932798,-0.10452654228394034,0.14706692524143292
-1.5356790017679394,1.3132984950599078,0.2770197106774143
-1.4703074183952427,0.7466847647473164,0.05940291660298463
-2.2869478464600648,-0.29583832994221726,-0.9594011163261019
-1.9693215182540398,-0.6350682573107076,-0.09665123655953121
-2.12678976641028,-0.771448184147027,-0.7141777196135957
-1.7447052132129366,-0.5040045111046887,-0.1599128438264929
-1.914481522744632,1.0180496373596823,0.5518062965517838
-2.0385347757281713,-0.16691105247961427,-0.44660976966873683
-1.9797381441616222,0.24836745455577858,-0.5900336247479386
-1.9481085671941973,-0.1892734058619287,-0.48603971630383164
-0.9753785008100989,2.1869431308084475,1.0939319894329504
-1.8089787794793513,0.4416506776615658,-0.30423715881861807
-1.5824145850450002,0.2315738577872309,0.12018664040500608
-1.8320454622475435,0.6381147386405341,-0.12916247217590787
-1.7607404385086018,1.0984530370113854,-0.03529382440521776
-1.6363050662568357,0.6085304444782805,-0.20707622757854374
-0.9824741066502379,2.2595680487153875,1.2430744305853665
-1.7580280299653679,1.6839279623898435,0.9928154222821507
-1.9983680613501564,-0.7744825139195213,-0.5839645196286488
-2.1564467042040643,0.48368469738755154,-0.5126888566652007
-2.03568464414893,-0.9902573598651246,-0.700077336168343
-1.7955526108286373,0.9080278133679218,0.040582570695732484
-0.9662207347585198,1.9767432278934867,1.289161310834641
-2.0912503859771774,-0.3178076037889001,-0.560283452093354
-1.8917145103208395,0.4223650096607187,-0.497788927021066
-1.9986959414582823,-0.8876685049855461,-0.4758848828934973
-0.697136156005719,2.4568730388253273,1.5316148145020085
-1.8099524165803047,0.804971996475736,0.043791600617768156
-2.1487615821237696,0.8408752228165302,0.10653067916349857
-1.4798284742849543,1.007772894090393,0.34776044188958805
-1.5600165346260164,0.5037204096373397,0.19260151623574995
-1.3938692602738016,1.7737352702304523,0.7580193244798664
-1.7947010352329695,0.5948869558447069,-0.32663694781038183
-2.307024548855945,-0.5135126570022125,-0.8389097001933433
-2.061832755733103,-0.49328274696003643,-0.38745189738911207
-1.9316369493654468,0.6937075357821472,-0.17023620662583974
-1.2932353444175022,1.1221329707143615,0.593460863107033
-1.8035279271577167,0.6647927275527451,0.010223947708422604
-1.8351040157071428,0.9465219876177717,0.0008478401883930961
-2.5090683316844578,0.4077804183909722,-0.4271763553191273
-2.1012674057250735,0.2849419722072747,-0.43858549760254695
-1.9644077427805327,0.15979906876610744,-0.5698514395463559
-2.1544177007271723,0.06604922483511841,-0.4617965468926758
-1.9216735239992613,0.41095165595539596,-0.49216340711610385
-1.8786817004301322,-0.7478102006993306,-0.1008471759932989
-2.110650989850623,-0.7553371676024851,-0.8482122459711918
-0.5997718128668984,2.576140446321168,1.6993588775979118
-2.1352277242946975,-0.6493396104783541,-0.4526985776848399
-1.3787904878129018,1.5983032168784832,0.8611463471758679
-1.6443159645069536,0.7960029818594506,-0.03354623886020262
-2.0981379496534913,0.3598873124841363,0.47306348820745714
-0.9056544133586504,1.9771865413606942,1.2226816450915554
-2.0149796482568747,-0.8717508882787968,-0.3468999605161979
-1.9288301307897495,0.4625187150593546,-0.32291312657110127
-1.7730577589881102,0.43210527820263245,0.10682460089620918
-2.3067347347371996,-0.5057840065849691,-0.8750154994532277
-1.7722036927013687,0.6448742535359994,-0.12187942806231043
-1.1763970210268289,1.7741400300066257,0.5026419428941965
-1.7961169292239536,0.8055387983372628,0.16717364722225553
-1.772119591221751,0.32515435577951995,0.07489661355806458
-1.2076956708855666,1.9894457113090391,0.983543973908274
-1.8051351316344586,1.2863282645805623,0.8141142929514888
-1.473419407290985,1.1289625661688636,0.14760115058089765
-1.8727688102974933,1.0535332385032368,0.191676312241355
-1.5666677376200997,1.4592903234815968,0.2919292544717108
-1.8195676831367693,0.8469828273797914,0.005971789977686583
-1.6700063504133533,1.1124922131648662,0.3460940099426004
-2.0347464763825704,-1.097208282288237,-0.7320053235064876
-2.1058334131300476,-0.14561767446799737,-0.7145745094615293
-1.737899912649432,1.1848497425610764,0.10916282129724503
-1.6185520377295688,1.3286736926607243,0.07590485857059592
-1.7835905235151668,-0.0490156121378673,-0.06198123271264434
-1.835078828847973,1.177628065690521,0.8807200061804168
-1.7833465197137714,0.035215823074057816,-0.14241259028298991
-1.9901791887129991,-0.5395859702022819,-0.571177611977702
-1.918706359378742,-0.10337960803160312,-0.47979979999893463
-2.0286855085937345,-0.8275697401839878,-0.5130111658299316
-1.870147047087884,-1.4539057655666583,-0.4741106086277012
-2.2938022184203466,0.7761518206765279,-0.43587032512459734
-2.1563142012993213,-0.5507832459727365,-0.9046262779185014
-1.8574533335644026,-0.5531291592634671,-0.33024473265546567
-1.3009869356467807,1.3170603600998314,0.7343382569445716
-1.7732530832096383,-0.7975897041320512,-0.12422746108424974
-2.381363506076966,0.2993198744090919,-0.28444471233748103
-2.7230064455156,-0.97951214256292,-0.6686272394372692
-1.6768345859378269,-0.49196255865509875,0.0251523467361816
-0.9960697293265575,1.4221786551896365,0.5047771058696287
-0.9317737115586099,1.1407485467414717,0.2191152007880163
-1.028522883095294,0.9335564273139005,-0.14903794120058844
-1.252175122091651,-0.6755322004701699,-0.2261809493342029
-1.625745317743033,-0.7643385065009931,-0.48326105140859293
-1.4949112970022715,0.001068024510535027,-0.5188485846927391
-1.2710806441061915,0.27121707817002705,-0.5872503724685997
-1.1702176539212386,0.3546922218466771,0.16067438491922442
-0.9867698910077382,0.40965243604533075,-0.4553129960385242
-2.2581689675615597,0.5412836058041224,-0.1290687625264088
-1.3148441418518697,-1.1263912142589465,-0.653868889541114
-1.5569417013288158,-1.0292348324653922,-0.46964964616722943
-1.0883951067575197,0.8444820660971197,-0.10006205839741425
-0.8420569174840422,0.995920530726407,-0.08402237362350676
-1.057184855572457,0.05226118529597019,-0.11982841406075234
-1.0705676656834424,-0.38715036171743006,-0.18182768539941715
-1.1228969037395333,-0.01638556741571485,-0.026248621430267516
-0.9914170627047068,0.6376652426749918,0.09126834418641938
-1.1400755844099135,0.34723810405257227,0.14753106937419283
-1.3280389269134731,-0.8948657417899727,-0.5767312881762592
-2.130766788055873,1.0269930703616252,0.3286953920531242
-1.6234882389904273,0.0707825454940639,-0.8662387192446444
-0.9885566232563702,0.04546220182858959,0.16522353150945956
-1.0207887236858635,0.4905144573263317,0.12117951540570768
-1.2720313318207137,0.7954234776601565,-0.058858761079124924
-1.308981567308835,-0.327307525796456,-0.3909643953829094
-1.2030038684282929,0.00801081469068724,-0.30247614912544046
-1.4074671790693918,-0.323112503591344,-0.462411345445881
-0.3846910064996804,2.2625072153163273,1.083267379413195
-1.101426648684204,-0.3912580721217874,-0.08423370928735345
-0.6055980796678557,1.533940938088607,0.541492572109373
-1.323472113101703,2.2807459858961567,1.4950794144462083
-1.2816993646646089,-0.44388250539668284,-0.00497754604760938
-1.1247733454928202,0.053214817680210406,-0.2882353092217315
-0.7434240595972883,1.5400696013931032,0.26193936822824193
-1.2612335720563352,-0.9201650190256507,-0.48101652606090267
-0.4099036490867648,1.9444936346621773,0.582244188569584
-1.2078977744729373,-0.5791113112263822,-0.38713133292570867
-0.9168399686776246,1.15117209146899,0.21818188974555258
-1.0273170519193509,-0.419138012699222,0.1951392990804584
-1.1731138608273128,1.0164262923614198,-0.126682522933242
-1.1739064007121582,-0.7299734766027942,-0.15189964056153693
-1.9767488019449673,1.2920495127972715,0.6243318987174729
-1.531750108549873,0.3117509148461322,-0.400304978608922
-1.1218745754026787,-1.1521196776263112,-0.24245656407788413
-0.47425529871208677,1.8432127672047591,0.8956729205585046
-1.8111409251275108,-1.1241224516050123,-0.6442807103493103
-1.3706613812254618,-0.3633823088074935,-0.18194098151030375
-0.4849155335737956,1.8354562411890947,0.6604130484619337
-1.2406129400365273,0.11991953321645375,-0.37029204420639955
-0.9268568865678917,1.7917476459944084,0.6572423345057092
-1.6471621508645382,-0.7512098478291799,-0.6168965331919153
-1.0865688790932666,-1.1462559079839891,-0.003033395158587289
-1.6976523895171949,1.700606515006106,0.936367032103208
-1.1604218313623271,-0.4134937257822802,-0.1724915654567505
-1.1228283174067826,0.06883530966891765,-0.08847423265019444
-1.1875185074509762,-0.40743125306656663,-0.6797531701893225
-1.2406436058231463,0.6741524340956668,-0.30502479004801286
-1.6512960751002272,-0.5827839688599362,-0.6783179701048382
-0.7370119604417283,1.1120066908417172,0.4182666678108952
-0.4450513967102662,2.2510931274008104,1.1346888097439913
-1.4253855398524464,-0.2707956463939539,-0.40583649169595537
-1.465885217221306,0.09064799651187153,-0.3020940536198933
-1.0333653578089435,-0.17303302249817365,0.2893498202707259
-2.3626616895701193,-0.34866381859166334,-0.2663004802848121
0.04732516459472337,2.4916823754372044,1.4115544326739233
-1.1979550784069042,0.5088318927187587,-0.37308065761079395
-0.7978734424156906,1.3069562578896552,0.21818790878161148
-1.3700898905697032,0.875237594566313,-0.22485557966972258
-1.44147142655256,0.9162932744496197,-0.23620994310175072
-0.8129394844902327,1.778849921451854,0.4923932612433529
-0.992637439082359,1.0786686955639164,0.3572177223011156
-0.8203351549734194,1.6370373557151283,0.41150464256910096
-1.2410935673047538,0.6419122972862371,-0.23593805833422288
-1.6571538656064224,-0.09653594309428205,-0.7591566074089938
-2.364993352394279,0.683651924477246,-0.015361709093872312
-1.1267819109654893,0.827499923293158,0.020323694969155516
-1.2567516964711336,0.3814266792733158,0.0037758454952041536
-1.2711081758735894,0.3140233749486269,0.1518659628504807
-1.1146321309151614,1.4161579343272694,0.364955935540474
-0.8895886867669754,1.489524072383229,0.2929537588696319
-1.1211044447703993,-0.5676255236830825,-0.28268753433412436
-1.1584113554782747,1.0600381639399368,0.048344092869272805
-1.5772148455903507,0.11855736175896402,-0.6190532655833332
-1.618057647195902,-0.26547169322461295,-0.8360659503915092
-0.41483829026856817,1.9595966887048486,0.7055295598778232
-1.9794843115486431,0.807700061092833,0.31869428675928385
-1.4810149612752626,-0.049822857655432394,-0.7876220471690698
-1.1386167386352843,0.9168810337588784,-0.15129531936347643
-1.7543454129854574,0.03657837451741114,-0.8801095721187752
-1.0876322372506295,0.5539282277528784,0.005028576324661572
-1.086294613235048,-0.6823108277829018,-0.3311444238448295
-0.7936428358674312,1.2233739109061559,0.387093927707628
-1.3357578424511927,-0.12792062054606917,-0.6383452025555392
-1.008608516010413,1.2025078386359447,0.38314996779140953
-1.4065520850845172,0.17807736215786144,-0.46458913513576816
-1.0521107920652095,0.8905239214311281,-0.16410697317247722
-2.0536953466349197,0.646882872775394,0.34417064477469617
-0.8326828412177422,0.010524743395295707,-0.05957852334286879
-1.1932591075597576,0.5352696900759101,0.09375933944151814
-1.033228065934266,-0.1871836261227444,0.2837114735406738
-1.465462908510186,-1.180595408946508,-0.5391054870983011
-1.2154668661747263,1.0861823018266168,-0.054841461001259986
-1.389803087350801,-0.23178078046831294,-0.8087103826608434
-1.2877708110767174,-0.1038525282719382,-0.3874864151659443
-0.9348245074447754,1.2466854082981538,0.47862633957246825
-0.856255732002546,0.023302731245350417,-0.5309307686576704
-1.2905169559853644,0.7786617628971854,-0.2635450026874523
-2.521538346599067,-0.013813188757387315,-0.4262090757353596
-1.6968210065276061,1.608079994620508,0.9066241871160333
-1.3888569432039966,-0.5712378573669705,-0.27308272071849304
-0.8131520829052296,-0.2480557323172766,-0.6520210704822865
-1.0983120603427083,-0.2887864658276581,-0.8695399812656258
-0.6967608414142643,-0.2500569352947743,-0.6893143377782213
-0.5356904404840825,0.8499762170272964,0.11536622790141286
-0.17397045545157835,0.9196182330269808,-0.146391248245281
-0.413780010256465,0.8125351952466854,-0.362860617807375
-0.46908373155990946,1.1380855335755087,-0.12337036475238294
-0.8778745873168048,-1.392669332436411,-0.3507228889280239
-0.9659143622769818,0.28099468006293393,-0.6824620852951234
-2.147449571609099,0.5347394939281921,0.16266506569652095
-0.8207486846075593,-0.2719583365643272,-0.7687840552865753
0.10254032604066687,2.202758457424775,0.850234554083627
-0.89519362503691,0.23395344143634242,-0.3283247155177485
-0.6939849506043082,0.6432921776877225,-0.6144087243107785
-0.5486134013501899,0.17166456550906975,-0.7751953675694203
-0.864952528322248,0.41454530902527864,-0.47315399983390105
-0.34805781393235313,1.0611003836505204,-0.19473811603268293
-0.7194488401527172,0.40866820555249195,-0.4152958290273646
-0.7375351431920134,0.24380743185966242,-0.5089637039889333
-0.4780756404702373,0.020429226519348573,-0.33433161834544106
-2.2294150405436666,0.629050535600793,-0.05439878965392823
-1.0031443577817123,-0.45183282313771017,-0.91222597765
-0.0643495150382873,1.9128158812119205,0.7219705012057887
-0.5932873691694707,-0.4614735592147019,-0.9312828289470525
-0.6968064596723862,-0.47095294916793906,-0.5422191518895572
-0.5251196972431611,1.3040763263688293,0.011093501675267979
-0.6255523240000085,0.9645724544517236,0.03480581332719575
-0.8931747133956078,-0.9448975636346705,-0.605383314611081
-0.534808606528241,0.45910123663695224,-0.8331801454677648
-1.109137637779586,0.02872447666876627,-1.1054918125275093
-0.608058213193322,-0.12977294988932286,-0.34903530292848156
-2.2900958049527604,0.69167504676346,-0.016224078221855464
-0.5773519854122481,-0.054409733426505964,-0.7624822858490905
-0.12472793347165995,1.6195451848891333,0.13772088268587349
-1.0618167205927262,-0.024553207241391855,-0.7918702953183614
-1.0098307923624006,0.11409236601611135,-0.6873950647201527
-0.8496072521922813,1.1184723786359103,-0.302959861462349
-0.5577175350297493,0.7338377096670181,-0.288249259402446
-0.9612086486963062,0.5387355233476728,-0.6920900688158776
-0.516432210035456,0.46676998372692624,-0.3830926032072242
-0.8061811792242879,-0.028952360055571637,-0.880095366075913
-0.8484478963763188,0.9955600154766866,-0.3483723287437186
-2.5344813572972322,-0.2294204860411803,-0.507031792278651
-0.5092932888317748,0.3335772281549726,-0.4024348444420146
-1.0462703172349586,0.4020937335059951,-0.5938930058508293
-0.7835161440932479,0.8305960704431151,-0.24464261357121855
-1.27529255157178,-0.21308422546011435,-0.8110323309920756
-0.465537274454217,1.3649117751912745,0.011424848766400531
-0.6847432667635239,-0.33298167864810746,-0.8495652818365673
-0.3072452794169244,0.6821099069300557,-0.16674928113097248
-1.0357502082412693,0.04883240498560749,-0.9519223531839622
-0.8850037490014954,-0.25129931941740763,-0.44876092792392164
-1.1388980804782378,-0.4064971233770962,-0.8483824354223146
-1.538338616235162,2.0204049429149795,1.292914177543545
-0.5245018627589183,1.475428041591474,0.1208185105776525
-0.5506929496915816,0.7654255074070475,-0.11498958663688455
-0.27052130992802836,1.4228461491622943,0.2413821021662347
-0.6108390463153219,-1.7855002278810275,-0.3362005920390835
-0.775784737101233,0.1125301638630269,-0.4837845102385467
-0.5328940990424296,0.1865746366227649,-0.8633985125439422
-0.10270595214886595,2.1540540186485697,0.8052238226882301
-0.8330333039843764,-0.024783450760376604,-0.6855791968159439
-0.5557393921529766,-0.40827957163560846,-0.8308333147580754
-0.7749655725446993,-1.4912172206275225,-0.6047153252317679
-2.1774008873186745,0.41315193169923126,0.2383849741667332
-0.9567562832109154,-1.1446941026573991,-0.6193410356504466
-1.079979241706299,-0.26701195938067995,-0.8273997944531415
-0.36410450165035324,-0.03881902702259221,-0.03468137163132306
-0.6775127701042682,-0.28159926239074823,-0.7111659904349288
-0.4603811510531717,0.7548553237118752,-0.1497209109969359
-0.4877392177405918,0.43092774483515156,-0.22230763777004509
-0.6604253245132767,-0.5128365815394699,-0.2552286688337019
-0.24552503130808756,1.672945995439837,0.19969138941608666
-0.3918600892217431,1.7508393573211285,0.18477749423114728
-1.044602087028112,-0.7448515760573193,-0.5674282367114817
-2.4097816828268566,-0.05206867854739972,-0.22548133513237192
-1.0932273366289935,-0.4648469788168223,-0.8868918978400355
-0.9795208720766355,-0.2550744293968432,-0.7721196320726139
-0.8220017490992946,-1.0733713458322423,-0.6509508970990349
-0.4219460269960041,-0.04305510065607461,-0.948388340123312
-0.39461835035283105,1.4888598875598362,0.23420458734575766
-0.6587450878007987,0.17960316463565357,-0.34879881983906674
-0.8964110770105971,-1.2410957893280916,-0.599728352960984
-0.34547713768356403,1.018120186337882,0.08837406427684685
-0.9519156625393725,-0.602838824822985,-0.4228020210595157
-0.43073745795497304,0.514233128993142,-0.4918870403540199
-2.6759198343188766,-0.2397539187716959,-0.4617207118229618
-0.21625471393124146,0.4349109581482701,-0.4084614356253083
-0.4045207862680479,1.079686164822972,0.08048062614307255
-0.6801642795722455,-0.5067274792468233,-0.6969276162573446
-0.9173528253843292,-0.39921122957253413,-0.9175814403007295
-0.3463037552680629,1.7042816715685447,0.1509666540884697
-0.7145547787025022,-0.04771728575210845,-0.518109747321983
-0.4953307724473684,0.09120612407440738,-0.6689652284449432
-0.41171318926699624,1.3585353897590602,0.011805781770996717
-0.5414183185270225,0.5890292736065551,-0.04953782102066929
-0.7691746518694612,-0.060095559467472776,-0.6671959304498438
-1.9619523972977837,1.388409578069185,0.5828319271845827
-0.9132878259070111,0.22112598142469247,-0.8054038617968889
-0.720142858417577,0.37423768143950825,-0.3185834622809189
-0.7506818613967374,1.3798825801210148,0.042789423032335364
-1.0351171909267582,0.06220507029560994,-1.0285268805378216
-0.7554308248842013,0.1550075979146963,-0.6720692923695457
-0.6655888432445094,-0.4670304713619789,-0.3918240791430546
-0.5215883334365014,1.0768264352063253,-0.22194684344388785
-0.32183357673122226,1.7214818307276414,0.31570963268543534
-0.7137594764379197,1.4641952398980196,-0.09598689810122285
-1.0182150945144346,-0.909586658725247,-0.6086221306029796
-2.492090407939046,0.11863939614081372,-0.4548521849265359
-2.6294025896970954,-0.18026321012534602,-0.6670142854202284
-0.3471576459280537,0.7461408106931622,-0.08868511272344795
-0.31803608746604367,-1.172001784409447,-0.5887317448675662
0.6374714762733583,1.9187952985942471,0.4079100353324165
-0.038966051586141276,1.3996229201928314,-0.22560776651424508
-0.27823887058944874,0.12702267658419947,-0.8700977204285484
0.22763026242303386,-0.2062021141227097,-0.46032794662923826
0.2595820391372066,0.31298729008989146,-0.7823062823439315
0.15132621708627608,1.505529767754295,-0.03009034228275336
0.20451487214311564,-0.02523505426174883,-1.089089702705649
0.23684829841594102,1.7966726914060924,0.27714381072089406
-2.3830415222937313,0.47910845047954204,-0.2199320625149853
-0.4940310072682189,0.7694010392501971,-0.642672293840479
0.5692805782468021,1.6250569060486588,0.0968578104352169
0.04009600280845552,0.998921327844161,-0.4107014170882302
0.03725863739845962,1.2913671360852883,-0.29417558466715393
-0.07236976549140826,0.5068618796811529,-0.6679595028339151
-0.480208131602761,-0.3278532380264287,-1.2182721814686812
0.28406992430904926,0.6468425772501954,-0.6323737738695591
-0.07924929979203345,-0.13490792680742913,-1.1474595016145288
-0.6802213040859387,-1.248383008953667,-0.27266272311056977
0.08677158249032282,0.03154439719711261,-0.19655552944745627
-1.9469499886112633,1.360992428018779,0.5988815887287267
-0.15729698821419022,0.2672061145302264,-1.0722343601571112
-0.23754853824611005,0.4071314296175909,-0.5698118605528506
-0.49128936824166675,-1.829160467666021,-0.671449519850149
-0.1630706306247888,0.6703318811866193,-0.6898607312280393
-0.14237796272594624,-0.36742792216424625,-0.6346596510513238
0.6027021544454224,1.4715463207778612,-0.19622916844294078
-0.057380071581709984,1.3218651985701837,-0.032059578968400185
-0.06053778469928608,1.6473290819353095,0.09762239582279758
-0.21870168553661634,-0.436962992451198,-0.44100657944450516
-0.014648480979452197,0.8689046859589398,-0.6616048634523294
-1.8503482359014456,1.2975094412717196,0.8338292662690363
-0.41949965758802243,0.9484758073863699,-0.7143083708120688
0.5065738256845724,2.395249754591067,1.079638852330404
-0.16213239663110923,0.46082964887804234,-0.6557815653940721
-0.23580987511007814,0.6113052923806138,-0.9096940965033345
-0.1356668891009453,0.9422419326771209,-0.6103865874119011
-0.2802066545658357,0.22729668531758151,-0.7232742641256898
0.1778787952091929,0.4333988456456501,-0.3576454963712784
-0.3790829900318713,-1.0306218062937393,-0.5619243034241994
-0.17141437979301782,-0.1794277379056672,-0.8781933287857056
0.3320568405845051,1.281397645101233,0.04131145298898534
-2.7537282690963236,-0.7926678368209195,-0.7086859163994821
-0.2627942315038268,0.29329552680959325,-1.0262327557495008
0.3872382982649845,1.7924201775595663,0.22458337536585762
-0.3162979958838282,0.9670302032742724,-0.5207744634519268
-0.4801117098324578,0.9014737068512872,-0.61294567957291
0.09702688039890889,0.04593101018851674,-0.8799573362699137
-0.3290623081616506,-1.3368708562086384,-0.683542434656985
-0.16004275948041466,0.44766687713617576,-0.8934602723839575
0.015379178636308251,0.8732427378519773,-0.6700495567223176
-0.33463305991744635,-0.2795131191675196,-0.9903628160555383
0.14619327009083807,1.8426193841626912,0.3259710019060757
-2.2432809356569443,0.474382970498126,-0.07531690212116551
0.031149925263672603,0.03979166752653185,-0.4422395431832083
-0.40286167292858727,-1.22223079475485,-0.8796032916652767
-0.3538226756961068,0.06271600512691475,-0.7375983232107611
-0.5142932785729225,-0.11620319955875262,-0.8913324780780605
0.05189491455097746,1.3324503219993762,-0.2828924777945048
-0.554983237016983,-0.7899819255882756,-0.9165544452667229
-0.29847038975516194,-1.1377476103880242,-0.8779846423083972
-0.13545820087445337,1.621154131609431,0.11262592004021163
-0.1409420946749644,0.1675279129566692,-0.9303801646981495
-0.3624388784197793,-0.19960956848087416,-1.0502402857741309
-2.2883438961980005,-0.16125050835755356,-0.3203648419200393
-0.1245463730839983,-0.009109472130721176,-1.1925062635731323
-0.3089986445468226,0.2146897772345984,-0.8205465645996954
-0.06379728565385297,1.2857364998877898,-0.48025728387328903
-0.42805676135608256,-0.019981836901903718,-0.7816239585938282
-0.2210891689377883,0.010784524461916375,-0.4727760625437534
-0.4008361521116394,0.5744746203130516,-0.8684167680209472
-0.23770621263057803,-0.45355839649834184,-1.4058577051100614
0.009519175693986257,1.0511856904494064,-0.3797033368980337
-0.46683779333473,-0.276469854209526,-1.055946170524148
-0.40667574893102654,-0.18992197356404836,-1.1344271372699954
-2.581847719628038,-0.7062609527745853,-0.6068753195080314
-0.1103141676229547,-0.19983077968330223,-0.9886022828696975
-0.5938380774410486,-0.0815354989197915,-0.6433285699240422
-0.6924760828443346,-0.42183341274344965,-0.8737018588993348
-0.5510887077631698,0.3287085177984387,-0.6696782271001052
0.06004311540458645,0.9186639756591026,-0.6672111431196567
-0.25470958405174515,0.8176912332526415,-0.6006253884774846
-0.45066829774974204,-0.5882492308855262,-0.9822110111100676
-0.11602690180145213,0.3679246796157224,-0.718746507774169
0.08413990985125896,0.6822041465776018,-0.332713683858273
0.7111946458605013,1.8764092280908293,0.5873352490423385
-2.5534423086338864,0.1444749492530685,-0.320904831203026
-0.10416138159725491,-0.008326300116354414,-0.365760668938705
0.22028484248213073,1.022591205264957,-0.462309301163168
0.5294727135862638,2.010754424477739,0.701904671602858
0.26671069164209993,0.8864130298900925,-0.5318296705961754
0.3335973168592225,1.3145821568691023,-0.16721315176348106
-0.245038307223113,-0.09654251129022533,-1.072657786192782
-0.36445411944799133,-1.3305901753520564,-0.33030411115950714
-0.12716230237702078,0.06855241116054642,-0.9398146094352581
-0.4413886067535989,-0.44161890097452755,-0.6880541917889029
-0.009993179299000208,1.0866327978233243,-0.14104837551177213
-1.946987988373324,1.1529837774845335,0.736862579376106
-0.10487599932448051,0.28286643520687893,-0.2518781839072005
-0.5960166665923751,-1.239816789331169,-1.0707301319730664
-0.11263224044632215,-0.7578812659028439,-0.35868484293147485
-0.2694602710998274,0.7884002170256956,-0.6072098730750902
-0.20123606848310238,-0.25626735017829266,-0.8452025790247392
-0.029874135059434266,0.2403439976360898,-0.4559761180981174
-0.06933135986819651,0.740844068625133,0.015814671246353367
0.031868896096968545,0.7232927748343613,-0.7348841307053714
-0.29488111691690966,0.2653485165485478,-0.7813964092328736
-0.0797171699261187,0.9509094790854417,-0.3891390619233902
-2.695602893024698,-0.229585930042103,-0.8751500048970487
-2.0726715482091613,1.0155138433688975,0.5353245656984676
-0.2864356026576694,0.05677054175827231,-1.3297479447689966
0.6044522042465165,0.5695888320520269,-0.6961039639022456
0.8056996777847364,-0.25662315512887623,-0.8527620960592533
0.9977055503947494,-0.08055864554725864,-0.581639120529145
1.0888838631926523,1.3701444687281163,-6.195383852604207e-05
0.34746662611041873,0.713135587174485,-0.5524351502991821
1.0718733443041866,-0.046121941580228566,-0.5612514726976636
0.8639876733828278,1.4413062748519934,-0.07704707576684691
0.41253028197328434,0.5754672619493492,-0.806971926871852
0.5000761779334106,0.48011498139739994,-0.6961488577900604
-2.2093507258981644,0.7504941643898333,0.23335650721649345
0.31552695411523163,-0.0023502096033540475,-1.3648761778936918
1.239527915402292,1.4754852350468195,-0.19059339950927295
1.0449658815033773,-1.3325570895365266,-0.06265554541507522
0.5682211777008137,1.0688503237251565,-0.30535990201429036
0.9921169958540587,1.9102569693011686,0.42730570814458824
1.244478063619002,2.1075778160623146,0.6010952757638929
1.5415539994951775,2.1109864829470526,0.6800575011510188
0.19188271384162006,-0.1023258062952303,-0.8582108579913776
0.21530500727157467,0.7400588506931967,-0.6965993934460989
0.6076757465070575,0.607202250160235,-0.8604528464442622
-2.0851340572141526,0.7811448263647464,0.41496548964836044
0.4202415299865912,0.6435071486982326,-0.2351711386494367
1.4573717544646434,1.8596489746970202,0.4310949371829514
1.2492147368950055,0.2959075540711235,-0.4717974481922159
0.6206444559787095,0.4502985102209807,-0.7487221199701868
0.7594700092777906,-0.618258493640214,-0.44372812001866574
0.9628596827998055,0.6842178520355239,-0.5908693876107599
0.6031250494579701,0.7063780004228767,-0.6415999455117423
1.063692085234069,0.624685944662935,-0.03399543288637354
0.868889118093691,1.2076735191961887,-0.5334161917599348
0.4845095435698226,0.26147128257749697,-0.4931974283667242
-2.2423656763606257,0.41081100596662756,-0.13270802627314637
0.10261578165082448,-0.07981424420958207,-0.9434019624441867
0.5291634251561689,0.2917858064198654,-0.4394200773359095
0.539139501845361,-0.2308027335363761,-1.0086217154161015
1.05013134057264,0.34969479182715285,-0.010237005337895965
0.6548260957229386,1.4403464378933928,-0.18785586466293552
0.20075780810417362,0.7078328403806499,-0.6830180865863359
0.4032355888109991,0.8525526752529133,-0.19306112431212574
0.9546784743474717,0.11359234924355571,-0.9947888321064715
0.3265509150924446,-0.03141156298437131,-0.8401498440399235
0.7818266598302888,0.7295191189483252,-0.5331150102529477
-2.08583581318425,0.9184192967066794,0.40197917592628885
0.7272631480404965,-0.05028374959150515,-0.6097451865708302
0.30881783305445165,0.41759882710929735,-0.8342688299549185
0.6824588708075476,0.6475278041106841,-0.8698180239316243
1.2174045298991565,1.9345378397179498,0.3606814730271465
0.38808842089250273,-0.24823246377550542,-0.911227575197782
0.8924547740833069,-0.009038971384314348,-0.6314907546099047
0.36518915364880034,0.8059827948213519,-0.6998625792384976
0.9620109307778947,0.2770142696443097,-0.19744050536243082
0.503348300946551,0.14285892834513222,-0.8305294548563016
0.4057605946983945,-0.8618725465118054,-0.8045907354492439
-1.5869178625363216,1.883919225624757,1.1042610247681897
0.877498149223209,-0.01710408217440421,-0.6296177191124323
0.5002214459316773,-0.07492533226975905,-0.35446277263199155
0.7576415631207637,0.07513699041867475,-0.73380995634819
0.767516031404718,0.4814935128294844,-0.40603083684033175
0.8022390876969545,1.6071542824356233,0.009381920443771768
0.6960302626868358,0.2370895253662806,-0.6596200221848346
1.0439178697375693,-0.2494188027783722,-0.6071849133569449
1.130570792085903,1.5866260649239985,0.25257468022587853
0.9446538169056798,1.0110503603602732,-0.45555547950205505
0.5995325787372494,1.0766521285991426,-0.4940632060753795
-2.3036108253923557,0.4734978119840996,-0.03394939148666252
1.5469055658132156,1.9292655448744152,0.42831424429319515
0.48647734741440546,0.1304318808784758,-0.6202187387179491
0.27076141556444755,0.8709184839680251,-0.46413311859109097
0.19417904019933216,-1.1149269228172314,-0.4530424193082667
0.46062199206154897,-0.5466320590012804,-0.626900208570545
0.9293159361059005,0.8713736320515502,-0.3280084478009176
0.5985311443416286,9.49192633201969e-05,-1.0972698225189943
1.658939331853433,2.273456275596245,0.8857399795277139
0.6941768753605492,0.3460816263896131,-0.5306966187914419
0.7051442319224503,1.0387705466326336,-0.5447634327580335
-1.9623795231594021,1.425596924242152,0.6047739272228857
0.8392228689630276,0.8945284173504133,-0.28473900714885503
0.9015763774245201,1.9444114923706255,0.4714342770547264
1.297292686132171,1.5844686790987974,0.014123700762233656
0.5128669698491057,-0.6914905174616656,-1.1499115677339276
0.4881682434102073,-0.1488628910025316,-0.58192645302961
1.0040050849226774,2.0988161742297287,0.678989790928894
0.68430458783999,1.5012869042847128,-0.17374717101271545
0.3904079868568556,-1.8169690876164415,-0.15056023384027414
0.3800572991824404,0.09439945347641134,-0.43510394642774997
0.7472659184188453,1.2104418980173752,-0.309981563338794
-2.5049190418553064,-0.05748441588738959,-0.573377100330927
0.7136848555329817,-0.5481164685133458,-0.4005200353259014
0.5388425129535974,-0.9385125235251496,-0.5211537946617814
0.8873345581405154,0.2735399685990778,-0.22326404681209502
0.6660484200111572,0.14599355769001482,-0.6002490552871741
0.7706531998880717,0.3144343788558218,-0.6756085591215583
0.4336367865293991,1.1294419461538614,-0.4170763483026624
0.661198763801554,-2.2986421619123494,0.05042980900820171
0.8133651828880125,0.05116303102807604,-0.143984289739202
0.49717016658607616,0.7796360914508125,-0.5768038520039581
0.8976666503971903,-0.5061542668883491,-0.9114620538835244
-2.053649595922158,0.6626762668776301,0.32908976523025635
1.0139634470174848,1.343969518402238,0.014941570378888033
0.5635074900035624,1.5546877148354168,-0.11177666428250224
0.2091430318916761,-0.7042794711234578,-0.7148568321010497
0.4795346474230797,-0.9866286556425499,-0.559164696481863
0.7319006176634716,-0.6137191191482236,-0.7451900484758291
0.5471504602137778,0.10619566131962191,-0.6822828314947935
0.27134892602320687,-0.4045396080283351,-1.1501160832724022
0.8901918551006115,0.28819612497821806,-0.619887067654182
0.5102431475017234,-0.3868729893413825,-1.0641588812836364
0.3672027678107329,0.5984406083276487,-0.7825583312792612
-1.943746332721698,0.7539231400880432,0.6455394785922144
-2.4641069821695685,0.5045830629198995,-0.4893600821692691
1.0525155447722723,1.883556564025817,0.39632045477948163
1.33901139578076,0.5950147750918711,-0.4234254699085414
2.0209017482900324,1.7600597486364817,0.11337533226910622
1.3668532970151128,-0.88663929727809,-0.2841340082987286
1.5944361044035358,-0.24439371620442685,-0.9951035401696422
1.2120390527145724,0.18546659345453892,-0.44373619223561667
1.7648265543848023,0.9530339023428278,-0.27245535192680514
1.490870737226674,1.2960577331688994,-0.04421775078550532
1.3517562527312712,0.5883570664377784,-0.17824154558117603
1.7469995133438723,0.7932720164327104,-0.3419244917144587
-1.605029285815497,1.103160050020082,1.0311478585724612
1.625361056138345,0.5242006560478754,-0.5482869675863415
1.1322676834584042,0.6182591139093052,-0.2031082222875175
1.4934594092063185,-0.2547638148480671,-0.3676005704013164
1.4143714644927186,1.4326147245255834,0.0356267608275075
1.8439801366958508,0.5428985742444437,-0.4613079003208249
1.7328496342794129,-0.6402894287454917,-0.0753795057134867
1.5051000413872604,1.215244714049615,-0.3880736092967603
1.8090050746580633,0.19174700891697605,-0.7417932443675899
1.4700285411024683,2.058458160205004,0.5712184752232579
1.0879274934787841,-1.34955144043361,-0.046854530744668874
-2.366513599766319,0.21925807735123237,-0.21812545231187125
1.584482435790984,1.8021083064030052,0.2776411229318212
1.7326271211395667,-2.955140874850135,0.9613153805113169
1.800241276657834,1.0950272069520708,-0.3818787780992656
1.652213015591063,1.7125962691624408,0.06580055798850466
1.14931184227585,0.0019725097730151457,-0.5935989706281969
1.887167576962436,-0.847722192409154,-0.41907337375016696
1.024317146979116,0.08148623752872715,-0.574869482061451
1.2265122668825852,1.3427849722243421,-0.08986818226827484
1.1854816698596065,0.06613749444711958,-0.7340333038159433
1.8310926798232046,2.035044896923743,0.4398109734231219
-2.118680513562794,0.8123632462194439,0.11349520301105329
1.9916471810304623,0.8192996989519029,-0.4020411255298285
1.7810373031128248,-0.8144951834626967,-0.30966867262311937
1.4335105965968253,0.1528511808472934,-0.630126369535181
1.3706636759135342,0.43190401742748874,-0.4985905994841458
1.4785913039227818,1.0120558516996812,-0.15229247652404845
1.3078931984774071,0.43988037884356446,-0.2007688844747183
1.5196963516354565,0.0411551931230006,-0.15655733089182491
1.4310471269169962,0.1640711347148239,-0.3727324407052478
1.4568236675407908,0.40170935910828215,-0.552039529648837
1.2124511402660276,-0.18514940905265895,-0.24942834227501393
-2.333379144873617,0.4253389571526291,-0.025153716511420728
1.2253681679269415,1.4607066690957644,-0.04288195951784092
2.0060824153046113,1.7378440342218213,0.10961002103652656
1.2370608592536185,0.2555469270698289,-0.5230811560272761
2.057936188447978,1.8989522595953896,0.3092854753650899
1.6709402720711382,0.47528453635786294,-0.5830375321840278
1.5106603546132347,1.6627285270805616,0.2475378733088187
1.4704175347473871,2.0183647832687206,0.5552431594881103
1.3385128871739236,1.503135565634271,0.08915898770027739
1.214227938645046,0.20254784683614988,-0.6898534276054457
1.1492787782595493,-0.4216598116110464,-0.7946684089688214
-1.5872306116160368,1.9605900570533137,1.0885008259453925
1.2265610391807011,0.0537495912619334,-0.3089415873781222
1.124054021304461,-0.7137392310738809,-0.07329678674364824
1.6299979084185383,1.5959194726181938,-0.12634427387489944
1.6678849984834412,-0.9210870982828546,-0.3995918480138969
1.6585513238053282,1.0593100684947616,-0.19450311604889953
1.7048199014876855,-0.18059548658891275,-0.5802508155720557
2.0194552809738218,2.0729891026015586,0.5446319785087133
1.455895675188887,0.9449061678414316,-0.3247030948322703
1.1825605870884486,0.08350560310903321,-0.4314420246169917
1.7902300749077589,-0.5632063135704648,-0.8925901955244548
-2.2099914809179126,0.9088264935347476,0.2002623541018357
1.5520979400250512,1.020105690239039,-0.4810870901049847
1.6968949394048074,0.8994238291131639,-0.4242112724624709
1.9099308170587725,1.4935796280422726,-0.10793943817483664
1.4110437876540587,0.06211715761475924,-0.8119342323934894
1.495546465973978,-0.4696472232443967,-0.9307809464565457
1.2596927446822748,0.16542389683327982,-0.7199053699280884
1.3643816922661274,-0.08840648964285697,-0.5324816789699854
1.7640256774173992,2.056162349978882,0.6243995291711866
1.17671297692573,0.1131824485632397,-0.8660293571462471
2.1039043980256897,1.8099427629690934,0.25855959503225595
-1.5869712383678773,1.8654935991721484,1.1218553842367025
1.490029006631598,1.2189717729466674,-0.38150195152424454
1.4263293919957938,-1.518983484627834,0.1738318380309478
1.1305568088830154,0.3854074325960473,-0.4357316755992837
1.4625085671525064,0.26331875992461073,-0.5962834623297787
1.2932997829069364,1.5143167423254282,0.10887396101782483
1.3524305430570125,-0.884785370347383,-0.34599240709379636
1.9387359342158044,0.9310274506071275,-0.18643524935393221
1.5528150654419117,0.7035033268040157,-0.3543148605212579
1.6727250664419417,0.2913266892384443,-0.6563360396747047
1.49954062258309,-0.28778065778980644,-0.43327736370600994
-1.7430027459224675,1.6644075093905553,1.0013246440540744
1.148223304844179,0.8070645667814708,-0.4286356827632126
1.6302130556110004,-1.5550775109231056,0.26900160680234525
1.8495322681405586,1.5202800333176245,-0.07695418480973
1.4815201972492291,0.7101763077088402,-0.2725772067651594
1.2318666499949966,0.790911430866086,-0.30976370474030585
1.7215031018595206,-0.30286201236068405,-0.20636755566273063
1.4392334625039558,-0.05515623750469333,-0.5446660298223734
1.6163128845214672,-0.2566884265058375,-1.1609168470551685
1.1427496169025562,0.5144950339078949,-0.695952057614766
1.3125891055096055,-0.515600523892744,-0.5674449438092213
-1.7749754532356057,1.983597914041493,1.010437332193266
1.6804261036673385,0.09112695682962654,-0.31106781863557487
1.5373374554112222,0.298927446000203,-0.6075280887271581
1.3864289673524075,0.09342276705574865,-0.36424887258350364
1.3713043713286945,0.3658678671794924,-0.5249028842243888
1.2168262945282726,0.5282788824738752,-0.1350266530993805
1.623530490110862,1.7334586308682094,0.390855513987041
1.3523007703374168,-0.7039204385556964,-0.448478985363197
1.4619234332613185,1.0165252703096406,-0.45199411247498544
1.1576555751723285,0.6916250284799258,-0.3238916386281608
1.468536325224938,0.33493786239282003,-0.7235744799724938
-2.056471750830958,1.0219173257507812,0.4009843458999189
-2.02201528204351,1.2848050630358196,0.6616412315035334
1.3071940468605487,-0.08160067360072176,-0.8335927887465037
2.3268750818931294,-0.8293395826023283,-0.06386554855972768
2.8606856566756114,1.903406454470834,0.21906563711476207
1.911676165679158,0.32055003236255536,-0.3525461510129116
1.9030854283439207,0.43820402383427004,-0.43520233404273817
2.7243500039227357,0.6414928730212703,-0.23854907682139295
2.5619550399297717,0.9328936927313729,-0.19544154678402806
2.634780309194466,1.9428033003646208,0.31106243251743815
2.0572738367257006,0.042451476374622224,-0.6437570289292155
2.577346422393014,0.8961485587103223,-0.21516934692666534
-2.567239577678022,0.013497475303755254,-0.364444262986923
2.1771785373767263,0.08102958938362806,-0.66907828191409
2.362494876511577,2.1136614537584153,0.4707001484431043
2.2143929441221197,1.662059025856379,0.07516315767948178
2.216887079845423,1.4049897266766787,-0.027266807916464342
2.643282410256542,0.29870714057728653,-0.4735679184038723
2.146052542763548,0.18989636648715585,-0.6155268148036853
2.4023060280197344,0.3418310453681259,-0.3749994652286804
2.2479345638050523,0.7564510643272014,-0.15892697470213366
2.3791985908122713,0.17199313142993256,-0.5694236843310226
2.203438704164101,0.2664375197894992,0.10637310390894232
-2.2581689675615597,0.5412836058041224,-0.1290687625264088
1.7873223659123243,-0.027250631849284123,-0.5799712074144343
2.2886856821450294,1.2051645054345905,0.004604320707011326
1.9163259047705532,0.6231516799314932,-0.3665960354145597
2.4113290938786442,-0.2361506783158185,0.1419725875624429
2.054583758358293,1.0875054160551312,-0.09781668958010982
2.4467738916922075,0.955225375670342,-0.2827756584906506
2.1487068523406405,-0.08368197025454376,-0.7245348515846921
2.176858189669146,0.1140476645076263,-0.6559221395439686
2.4163243612845045,0.22658039958706427,-0.6924687786885876
2.119243183174684,1.6235115832907188,0.2272484690060739
-2.3342181529819994,0.5152332451878542,0.007102608399827178
2.0958153982596404,1.4866917444765233,0.045980392273853025
2.1757013343540015,1.2210980783861471,0.18118164193734665
2.377207858629452,0.3771768839862074,-0.4876676567452676
2.099453104008964,-2.5033521691040868,1.293996728530035
2.2568226364170556,0.3881258836631991,-0.44261219020521064
2.581281992348727,0.27048637346691184,-0.730926933805949
2.3859078384755255,0.4823472726360283,-0.3139237890656611
1.8863442541541027,0.23465691358738086,-0.11580432431777381
2.2061765079324074,0.1914971684609455,-0.6352353747086876
2.2366797453082654,0.42581122156951007,0.08689915188129697
-2.7839087092427,-0.4189350342024602,-0.9272016679708989
2.3577565011470205,0.28461763787385824,-0.3825365011063847
2.384865262604245,1.3575939688216891,0.1643563895228198
2.4524028585539734,0.37505062706294445,-0.5139478744227858
2.3431888699318417,0.23645915014748486,-0.39663878134405983
1.8384994772480516,0.8964978396590273,-0.2322475054110433
1.9737908630308372,0.11696708178007013,-0.4540107385036691
1.957397370818111,1.0388470459148846,-0.21622088237553602
2.1170475762486123,-0.8974408888524456,-0.01978828694994923
2.1176823808118255,0.7825098061632229,-0.23968942863624057
2.08650857008244,-0.36027933902220094,-0.30499051097183494
-2.00440133356684,-0.23269307592369684,0.4451027124988238
2.0090503063837257,1.1317046678702867,-0.06494557389244102
1.9821017187802912,0.042219299360456854,-0.6184165357067058
2.342100399650634,0.8964111662022849,-0.2706041344633526
2.2419440508825326,-2.362502270530701,1.3163191816985564
2.1843095253802223,0.8956791067742462,-0.34956555379859405
1.7970847815138007,0.5161789827370628,-0.3685267916249367
2.172190510971204,0.2157283411668109,-0.21999188398538297
2.2531615197589967,0.7654753136517504,-0.292256277403822
2.126229999362338,0.1945636292694687,-0.0991716150872992
2.041432717953738,-0.30171798002433564,-0.3305181762876068
-2.5063680594671793,-0.17816871588197744,-0.34004238149381527
1.965863703089873,0.16622648906635992,-0.5639189307287474
2.455588150982145,0.8285920466273029,-0.46785539370387835
2.445286563049871,1.1085235816031909,-0.2216935689150865
2.336334271365892,1.710748066439971,0.32033140881662575
2.0974072720813313,0.7748541817982978,-0.10072819261704517
2.4294505582672734,0.6433317733771475,-0.26503887716757496
2.297053989248924,-1.8291409838441328,0.5631895797502476
2.214736173808813,1.6266825167949523,0.0610672908543516
2.3283473523571065,-1.285301051903769,0.07150006591197999
2.5857769858744617,0.7950036048006068,-0.12593509271177764
-2.36307120654421,0.39324729483633886,-0.034892125459700614
2.2249234822972235,1.5785546995119242,0.17372906895839382
1.9629120582360136,0.6904760150003472,-0.08856949541483701
2.839563914717941,1.983012885790761,0.3927966779692782
2.465572689867142,-0.7713402530997269,-0.5104486782479078
2.1900628973054643,1.0704709235436587,-0.1503835383476912
2.1024799450334335,-0.9455993765788189,-0.03389056718762434
2.184121772215837,0.13318284140676148,-0.5187619381236385
1.973439443864425,1.7028244967097899,0.172791886399665
2.795632070829573,1.6421102139802075,0.005762101188548728
1.876078435012143,-0.25688715437554016,-0.30657480209708066
-2.6467695203328905,0.1694814510381891,-0.6365645707120945
1.9583684091087625,1.7065515556068422,0.1793635441721808
2.2952397928875206,1.07739958638829,-0.1832290003851803
2.4855471646605665,0.8400054003326256,-0.47348091360884054
2.176319017338348,0.9374088140698612,-0.19831589896567886
1.9052900943305413,-0.35986073716708844,-0.15828930388381676
2.0350865064659356,0.7796514898119213,-0.34493106564900033
2.5587973268121953,1.2583575760964985,-0.06575957199283022
2.0117046159608187,0.858126331128587,-0.17395361067344775
2.1561353060726045,0.7003079059495045,-0.4172385413843089
2.1148678973809423,1.0725971804669214,-0.124103320670173
-2.2573679658379695,0.25363579822319804,-0.02994481210748837
2.4027783601013857,1.8427848385504217,0.21797307929434134
2.208724350623865,-0.559903053693468,-0.4252239339125861
2.229463978877782,1.6583319669593266,0.06859149990696604
2.556966768483166,1.447032291090774,0.009418384407864069
2.055665850597261,-1.9281576259734172,0.797485948825398
1.9950234237095588,-2.180536144692373,1.0343161507878624
2.1885755686631274,1.2237691294765074,-0.08930144877212709
2.4669980690797484,1.2022144177188019,-0.32407113867500537
2.0277595758183344,0.7529866129221116,-0.22093342001133676
2.5451630289574605,0.1121280120629286,-0.6492297154687658
-2.1494784624995464,0.7780377396753355,0.22398491631658646
-2.6758437089628475,-0.01858410648558697,-0.6122691020907078
2.1521639673265773,2.0974456941317245,0.5354513480630738
2.747250351789125,0.33711550452132694,-0.22503187349283774
2.8402544412351434,0.217599146442928,-0.42349803395771285
3.2314087306366877,-2.087822678565262,0.9017028779520992
2.906853599740936,0.9328950197594306,-0.04359450613816812
3.1053549324765903,0.7872892494016649,-0.2880622710106537
3.2096851948314704,0.8814799679311487,-0.2861379282128216
3.066426182985923,1.7003819991682925,0.08593523525771077
3.183936465309817,0.43611476973899194,-0.4534217080294565
3.5471057461089375,0.19572558421431377,-0.6712838596903912
-2.0382733113736666,0.38479865541926606,0.4662053772316235
3.02197637350938,0.08325395005601816,-0.5380674565182322
3.3308484043337043,0.7903442143815899,-0.36314402622317365
2.706651624575227,0.04124205608526794,-0.44798859050084316
3.0495405621086618,0.17295383695799785,-0.3921745582334836
2.8604199678532565,1.2384222253676254,-0.02692148711896026
3.3052823238929445,1.7072434203249687,0.12760850681212546
2.928208989272918,1.831079533937849,0.3041163690401332
3.089414382514639,0.8806367979209981,-0.24578108394780812
3.2377678862226373,1.0862849045056038,-0.21470604280707198
3.0648326339277414,0.31499146891999075,-0.4609908109698856
-1.5705654369503388,1.748119866231712,1.0450647975151877
2.9001434317405828,-2.0364870240166786,1.034062931032334
2.824885940751013,0.25198584652654993,-0.40470995827008427
3.0519361223110537,-1.0436522359673133,0.1889864237872502
3.2247562295871326,0.8777529090340963,-0.29270958598533736
3.034988030144884,0.2917859455275257,-0.4600639133399669
2.90346747358424,-0.09918863313612261,-0.5700693952888869
3.172571904418431,1.4389074064075993,0.06646869652365661
3.01376174300786,0.9299317335928299,-0.20070637717011627
2.8048266345487445,0.7698515037830034,-0.19327836930567638
2.6753425741291457,0.16897630468822344,-0.3869193277503689
-2.0719317924770038,1.08624802356121,0.41032988877315973
2.7382581407497755,-0.11715183370425718,-0.5212742711664302
2.827219902620526,0.011425584908848716,-0.5005618526809694
2.718198834547507,0.40071382355219604,-0.30984268220202227
2.5702350596076795,-0.9833471996973474,0.3757863611325386
3.0439038125191846,0.9224776157987251,-0.21384969271514787
2.6895440936785193,0.25486973541345204,-0.3577814562325549
3.1836389995813494,0.4667744109255618,-0.4412052901143437
2.778780439298624,0.35514594677741657,-0.34834573120719836
3.0693550763123705,1.3985024551774516,-0.03434949498340026
2.871655754720927,-1.0578883776383954,0.24435320568222274
-2.5345194828912003,-0.24258164779304353,-0.49446439265828446
2.9700130854040965,0.7901731382885665,-0.24113376897312444
3.272028711974278,0.6543126779743789,-0.39699976025366596
3.405959659069485,0.6283026629747109,-0.3328179956668577
3.0436063467907175,0.953137256985295,-0.20163327480003507
3.171124591614038,-2.0729144429770523,0.9279895090421624
2.966786726349181,1.1227123234659773,-0.1086326208169007
3.4516912661283574,0.7322265359560293,-0.42699398186340415
2.7947438712396884,0.25943996432065475,-0.39156664272505265
2.9392760844358374,0.8589465384558111,-0.20355761759786717
2.4900968170715263,0.6665203274391137,-0.12763233911851302
-1.8063632658424,1.6214185493230002,0.7303316272536604
3.0256064187086076,1.2587438598731884,-0.07477688678640831
2.946621199731068,0.10188924454128016,-0.5052091676556532
2.9320239422413383,-1.310475463074713,0.3620368936748448
2.990369857334832,0.24164783984554328,-0.46478177585264524
2.9422278597413976,0.5547085605275417,-0.32478207229398687
3.125490667343908,0.0929992600995962,-0.4494656829262882
2.913252771164829,0.44188254751279565,-0.35956470395439794
2.835540753537891,0.7034365375531876,-0.2299147962259249
3.2177175046233395,-1.0846498838348897,0.1166981882895765
3.32309960289416,0.03937241330153983,-0.6572841940534353
-2.1165906150992653,0.5798677282867353,0.03866822831561264
2.8242910092940785,0.3133051288996897,-0.38027712243985856
3.083427493466786,-0.05193441634104215,-0.6122800348137379
2.843289554977435,1.4544083386332376,0.06422537160433664
3.3826299611524844,-1.9487337000608176,0.6675831453140304
2.9520131573219865,1.0957797411764598,-0.11427738095949774
3.0259038844370747,1.2280842186866185,-0.08699330470152114
2.73510821035991,0.03896301942753823,-0.33874494596143295
2.530619115620375,1.1388181079207877,0.04529620084071891
3.2158404472128326,0.24706123876289687,-0.5389238066101564
2.9369421225663244,1.0995068000735122,-0.10770572318698195
-1.9776612922428911,0.4830764108970809,0.3318391094064085
2.5217033332460743,0.5081264376495884,-0.2009180197841001
2.8766579835436747,1.114415035661722,-0.08141909209691876
2.5938321479694717,0.8220303283417371,-0.1012751604904553
3.45697700330343,0.18742829641005834,-0.6440703309704091
2.6874847155583605,0.46712878978201194,-0.27320625528177384
2.8573619721318506,0.003971467114743904,-0.5137051682260011
3.379287867655606,0.44662385251302195,-0.5153601476969448
2.9291933211267804,0.34853499899346235,-0.40184589101724344
2.9925594518976295,-0.838569922547314,-0.0046224722808744035
2.689818677427874,0.2265685281643105,-0.36905814969265915
-2.0234617756980713,0.6710155431857613,0.30086557014078497
2.652651840328898,0.958061864748948,-0.06741942645996296
2.8952528430827194,0.747489150400689,-0.23270831594077113
2.3920280275138537,1.4765996159225288,0.22566557548948069
2.714102960286303,0.8228734983518877,-0.14163200475546872
3.110198836616481,-0.5665068497328922,0.06308899578011021
3.0241955187313203,1.2356177337604222,0.036333379837929274
3.17385370200076,-0.07429676972335658,-0.6517099814488326
2.889669640179179,1.3229470311332296,-0.003415548918653353
2.8080529936036593,0.4373123186055927,-0.3257795174619002
2.992224032766226,-1.0877048488148147,0.19177994350209637
-1.9013173769787193,1.2997365418157358,0.5663388106141609
3.1085812915315056,0.454750064224254,-0.42056341916687756
2.9893418239577514,-2.2160053801067843,1.2276846539255482
3.0305946901552128,0.7446052615137873,-0.2796368179783004
3.3497353098521767,-3.0248321636023467,1.6739020125732678
3.049189549694257,0.3776793762527543,-0.4309260418221529
2.9189421944842144,1.4051134029614056,0.019150664826644823
2.6612701569747306,1.6194131762067172,0.19101121207996888
3.2366773339529296,1.0301407032688394,-0.11675191855285597
3.346491488567189,0.7276563070488262,-0.39320879537090647
3.1554206719985043,-2.2876626691609308,1.1431800005127617
-2.5984825130277374,-0.2986694747576569,-0.6923060864839211
-1.6659543056898034,1.471248103535588,0.898926745520853
2.983696102161584,0.7609615193413196,-0.13753488457631124
-1.2622803399015285,2.1996335534260765,1.4139151391282376
-1.9786861980326236,1.5771896777374335,0.6488892749314478
-1.6167243009888193,1.8123440780528768,1.1322248146810088
-1.9936809816003498,1.6072390601382123,0.6303261334632304
-1.539559006115134,2.173535102213954,1.325430907631445
-1.8501728581691923,1.358050785330291,0.7760192280153505
-1.978983696874751,1.6591249738667353,0.6281021162605045
-1.6041599030638483,1.21864218016873,0.863424022937907
-2.0846841752053282,0.9364465350367337,0.2666701741280359
-2.060116607299638,-0.6701652922671699,-0.45793123151476306
-1.909665791936741,-0.3662162796314144,-0.7154195351442998
-1.9537119218917038,-0.4650601027605613,-0.7502312243494063
-1.7673402526815873,1.0960499139674336,0.10888958929550326
-1.7970856504473436,0.9840018392672562,0.15634983171900363
-1.7093748650272556,1.3884971906289494,0.13382360086491155
-1.6163705384995366,0.973937998104291,0.06992685454444376
-1.6339281368415641,1.319407636439788,0.12360927545114261
-1.5988203997080026,0.3694578527047604,0.18377579649209855
-1.47820659612283,0.7041092292411558,-0.10830266601764867
-1.5956400099160057,0.359544596047146,-0.15146807758765543
-1.6889493411954692,0.6688144945568983,0.01296786569574408
-2.0440082848560306,-0.736369122043944,-0.5357068309555876
-1.6993674507858776,-0.20353841204696216,0.08368987654866199
-1.5203075459257749,0.07663432979710513,-0.01176804374773428
-1.5951287428383774,-0.05889343381357886,0.06297025589768392
-1.5338760481606373,0.004113564381878923,-0.11751044261940774
-1.5061289812055665,0.27769263533377286,-0.0542983162642349
-1.7656926177308205,0.7211400507016572,0.17324373487910258
-1.4631810869070414,0.3359143226312888,0.12463087653945643
-1.584199578097764,0.7231856345630424,-0.004536311620653294
-1.720144008236914,0.825777097426897,0.04293564490233011
-1.7014574552131183,0.1930392017024896,0.052905406168723294
-2.0314998397017816,-0.773350378616857,-0.24560860556800615
-1.5663137155291549,-0.10389561004212307,0.2165431191357464
-1.6937851566253268,1.3073836568435775,0.12135319118569188
-1.6571900842266964,0.1938805361871544,0.12703833796829472
-1.625713122221588,-0.12206774443271676,0.16908968450127707
-1.6763266848276162,0.9276949979532358,0.10034600929194591
-1.6435150555016111,0.6519270081181765,-0.026832302882239152
-1.6603556145222946,0.8141109858697537,0.06781304848444068
-1.5554532364622722,0.7467895460780624,0.1122514330791679
-1.6573580024084567,0.39234969919261664,0.01731701336762696
-1.643873376480324,0.4359159087537436,0.15070769140410673
-2.0457627774336196,-0.2342284158666416,-0.6704837026775401
-1.7925548927510877,0.32218443087404197,0.09569798065429813
-1.6261785856045985,0.23012263162187235,-0.007623805990812394
-1.6585554242137994,0.4098047217030588,0.13470331812426373
-1.6701177453462952,-0.17028926122408986,0.14019939133502493
-1.7028761114271884,0.2982415818688674,0.13757118364810625
-1.5433264909707483,1.2652904482191272,0.08577572841726303
-1.6289245687982472,0.7387475858613073,-0.040072608368417424
-1.5990417533259058,0.6417975681545319,0.03224239350504296
-1.5365300862057185,-0.1427684694068251,0.26212692216725875
-1.747189173521784,0.18931067438504864,0.13792556924787544
-1.9382976442038844,-0.5246739326961333,-0.7576973183126297
-1.7205558176336255,0.7656775984151447,0.12585783826459843
-1.7668748952622884,0.9079416337295876,0.1799916347122134
-1.5234348380409604,0.5356887144262785,0.028651427540635762
-1.7240416029185552,1.2753542893820924,0.17219870559182296
-1.5256468973507546,0.9721916584781386,-0.014723086591819862
-1.860085212583879,1.4257677795994737,0.19954017859006945
-1.7180310754714363,0.3550551328201919,0.11898539804773857
-1.780946708319386,0.7437345810981372,0.18733318829168777
-1.706163584018896,0.7840601350485864,0.17796801080432587
-1.7380525276117482,1.3065423223589125,0.0472202593861203
-1.893297606162807,-1.2863962604417896,-0.2713876428201848
-1.7203422083436923,0.6752980084088364,0.1610918454659255
-1.8594825500444387,1.2029986337599636,0.27820530791114995
-1.7380525276117482,1.3065423223589125,0.0472202593861203
-1.6591657052493014,0.6196865042036497,0.06515238404446781
-1.7202278845436438,0.7968225415727976,0.07058392406713637
-1.7691327582667007,1.4106922315875836,0.09889227758650779
-1.6408148760025807,0.2095497076848771,-0.03210834349788393
-1.6280932056768542,0.6769864584413485,-0.0896175993072257
-1.5084477325738839,0.5850481475834983,-0.0030776736047634346
-1.6154475150070526,0.69764051516369,0.1486372721298251
-2.245026971716782,0.11753418070540692,-0.4214495199347227
-1.7227068230112157,1.141197353361615,0.11518120727724614
-1.6420807053269104,-0.13510468358006691,0.3257228860433824
-1.7346123804531366,0.6067350104844397,0.12817243199592632
-1.6472373254328554,1.2440865920403146,-0.008185002984121986
-1.5991028072581106,0.7027807572599221,-0.0004554896400603826
-1.764190085210021,0.6448922263893785,0.06092967823491327
-1.689368835315563,0.698378942091691,0.03899710112718493
-1.6430421855499624,0.640788187035992,-0.07045589778219294
-1.6278184828501279,0.4333275004327324,0.03772072889410554
-1.8099370537562738,0.6358992343711924,0.15097680116221215
-2.079337143811875,0.12699079254173004,-0.5163817188812065
-1.6409213561336797,-0.2477619157507438,0.2737097034448019
-1.748409636251808,0.4552472745580336,0.09783443084645177
-1.7043788095162884,0.6308676808948069,0.08486735736201521
-1.7657994223757878,0.7663298457048114,0.155626731278439
-1.7510868278080138,0.7311840452371616,0.20778219208246723
-1.562446733909132,-0.3896645045935195,-0.014878182250043764
-1.644178546800369,0.587004889452498,0.08622900543675832
-1.6106420874659255,-0.12579480332976917,0.16251802672876123
-1.6338366354160405,1.3509944246442598,0.09344751636226308
-1.799892574986753,1.379272755806792,0.2034153065888858
-2.0315534340834924,-0.4533566824474333,-0.4458378515674629
-1.6145780858962793,0.7413367283925126,0.02711844371574958
-1.61646203992506,0.942351209899819,0.10008861363332335
-1.6443692343747969,0.6134952595900993,0.08965956568368985
-1.6624226839885663,1.1262891177734056,0.08889457618718301
-1.4038276561002583,0.6869675165302254,-0.03725913006681582
-1.625446190081955,-0.11198066007804516,0.13392360969640132
-1.5954413727089156,-0.16681496017885783,0.16602293278468916
-1.6933884848797585,1.1878814643492952,0.15567011806416084
-1.780687348316691,0.6691483851940646,0.20748631594857503
-1.507067036385482,0.21030633095159618,0.08984183146650036
-2.1204768915465113,-0.8456614759994299,-0.3008983561085874
-1.7178556447573272,0.33355542897039175,0.11398108233174244
-1.6553900065046454,-0.0360885011742511,0.08171644721552726
-1.709809662366792,1.4948382213713687,0.11207407360680914
-1.640158731667873,-0.15887590751876707,0.1345738714300628
-1.6705525426858314,-0.06394823048167066,0.11844986407692257
-1.4371885721341477,1.2039302786574029,-0.006340306682224231
-1.6277039404999236,0.2164327109746615,0.16503641296328647
-1.6898645740008604,0.6913659351342107,0.09676185111656976
-1.6119846580603592,0.262108175053996,0.05703112203713099
-1.7680267319231695,1.1975683250559266,0.11727917699413001
-2.059132582856804,-0.9254049164047897,-0.39932865332196815
-2.0287617597816707,-0.8538920636877144,-0.4878763665891986
-1.6917256592959924,0.9105322446811813,0.15559086594471247
-1.273880656825118,1.8002474151393715,0.7314526535990303
-1.3623999763693424,1.5371958051685801,0.7497784283992324
-1.3304195379736985,1.0565555370512718,0.843763705411347
-1.4379229027611142,1.4979219879456434,0.837933275591424
-1.3504256802718348,1.9210110123938196,0.826378044756483
-1.1692299672898738,1.7383584866823,0.7994294378332756
-1.3048922084290717,1.8460463676130254,0.8133090750204479
-1.184034122887759,1.8342136778423959,0.718029298263226
-1.2272259613830923,1.5994643764360368,0.6789379008847812
-1.9370389499161802,-0.9415314669339978,-0.624562134456193
-1.4409433902313329,1.9117865775716623,0.8959697504804575
-1.1352055533344947,1.2760627122322548,0.6620500214468978
-1.2854507686447072,1.4738994745755112,0.5744443238035846
-1.1061542599291139,1.4869969656705524,0.6254928466460977
-1.3492663310786046,1.8083537802231429,0.7743648621579026
-1.095131605514673,-1.4573034785045034,1.3367850350851607
-1.4088258056611154,1.6426085875778054,0.8391009437838735
-1.1050329237434073,1.1868413449427229,0.6982592240604738
-1.3460016742386898,1.2223423510953881,0.8009149126288037
-1.2305743819432926,1.9821840229044028,0.7922482899712767
-2.1566373851557605,0.49991993653660627,-0.5026575811010582
-1.107733103242438,1.629218645376022,0.7035352646761188
-1.2296972151272823,1.8541752416783086,0.7804281420257186
-1.3023293406729144,1.4485850637699358,0.7938692351832217
-1.3947844930791922,1.796286710807765,0.8418133099006921
-1.335751257657153,1.9444899670941322,0.8448958979603993
-1.090633124614472,1.3001522928234548,0.6884494788212271
-1.3023293936547704,1.530626111678307,0.7410635126455319
-1.3189793247056127,1.758615898189201,0.7728718659103793
-1.3775014586183232,1.4483528867557705,0.8192097284057313
-1.1976635664683826,1.64833887472727,0.6918011766390397
-1.8930461957927733,-0.8611132702574595,-0.5721560857825737
-1.3186894046231552,1.6022624527897014,0.8423775117258743
-1.3641390001591884,1.706181653424595,0.8277982022971032
-1.229926081277535,1.9495454979724183,0.7436203793553268
-1.4261622159535399,1.972116785177192,0.8792988847473477
-1.2125286104301733,1.5487989802790953,0.7427210368541673
-1.154753963332126,1.9497776749865838,0.7182798861328172
-1.2296132858386961,1.8010887496240366,0.805585585398602
-1.1091518124383641,1.8164620734507717,0.7353953196178121
-1.2433266057260497,1.5862593906548117,0.8070057429392221
-1.286098956724021,1.3322007727022063,0.7352843948121253
-1.968401369571085,-0.8424779757721974,-0.5392977969199948
-1.3189640744680255,1.7638803628899464,0.7678449060622327
-1.3024133295660882,1.5939677347211256,0.7093053539554371
-1.1945971097352464,0.9118483565814549,0.8365074276735366
-1.2144660528769537,1.9057250621390827,0.7210734058476634
-1.347062062455903,1.625596878534571,0.6552349732841513
-1.3801253803066855,1.90679737970425,0.8059516850978543
-1.1803880975217194,1.2054766394279848,0.7311175129230527
-1.3661374435563178,2.042049876481601,0.826258410683186
-1.486652292788205,2.0082509262022574,0.914043035932489
-1.1663544100585896,1.3565225303075716,0.736343358963945
-2.169107373579441,0.03730580543406116,-0.4752874402484454
-1.330892513889059,1.231776453950199,0.7817758552359215
-1.1646915314929678,0.9971322627310867,0.7890698293821865
-1.0595605124555811,1.1831150202558642,0.645891655862124
-1.0198147228986292,-1.2327216600279671,1.1514762629126678
-1.2442419511178846,1.783148058037414,0.7785875679674571
-1.2582298348863963,1.5658545133516912,0.8110865649198149
-1.272355136361493,1.5575590610729215,0.7238103175752119
-1.2570094847428168,1.4742551399839958,0.7389655429286481
-1.3186513386337748,1.7077197934384827,0.7704036742506071
-1.1969465271470383,1.4650532141433505,0.7327641070990208
-2.1690615632620918,-0.03919697936062079,-0.4309618819379844
-1.349434083692064,1.7504446685149444,0.8296614204875151
-1.4104428805321196,1.9357512013481546,0.8240993163588818
-1.302314090435327,1.4538495284706812,0.7888422753350751
-1.0191603482620704,1.8183997029025045,0.7270215682623047
-1.2592214844480232,1.8184619051389386,0.7549974666510934
-1.1100808569197935,-1.0730413793794558,1.0853174086045336
-1.3322579068580176,1.5297416873744751,0.7366351128542008
-1.2904847775586106,1.9517344168555835,0.8075865651743388
-1.320230234928955,1.9319825210523236,0.7956403697429385
-1.1058796430660998,1.4074201034786789,0.6472197297720494
-1.9834268721641417,-0.48453820015087673,-0.7656306241598887
-1.1846214226031682,1.8879100615773614,0.7465493694865895
-1.2884710839238942,1.6211306584993228,0.8040993969401098
-1.0945308252598256,1.9138115805953928,0.7121010944353405
-1.3635136278316675,1.7476874793498638,0.7339050089156834
-1.1987085388797092,1.800479592153537,0.7061121603765209
-1.2592137533655179,1.6570120416725682,0.8580954318023994
-1.2245410917262365,1.2441187901989097,0.619282382262382
-1.1699012492757244,1.9271824103799093,0.749986343146066
-1.1687495252012874,1.81189294585886,0.7004866404715587
-1.3346681596518586,1.8055104114197285,0.8180175146025518
-2.0171842413934433,-0.1864925681514491,-0.551205122185796
-1.018923916597612,1.8179578578556854,0.701909413153722
-1.034718005040832,-1.1710854894227165,1.102751362355571
-1.334950289047223,1.7081178144559397,0.9110162717932638
-1.2291404158870476,1.7899499285418523,0.7619619904986481
-1.3476492495848682,1.5049560354642473,0.7959672049001053
-1.3659543877234148,2.0231824049821734,0.8187406150431165
-1.1079466595505156,1.637557187473959,0.7211069800124812
-1.3467415293118268,1.3054351357312723,0.8268988597959435
-1.1363649025277254,1.388719944402932,0.7140632040454785
-1.1501240261096968,1.2401382392398426,0.6777585185928486
-2.016848570598224,-0.32705261944871283,-0.4967803559147409
-1.0479218871532932,1.7074902787783683,0.6680665059483197
-1.2423961226830713,1.5689724147782445,0.7181847976702498
-1.0921280849983341,1.4610733973944774,0.7454443330036533
-1.3163325806427253,1.3901091502002105,0.7257837469083467
-1.0345425147221348,-1.2848813721694348,1.1571534844944755
-1.1223998941155944,1.598116792037536,0.6891046468653405
-1.0491270400411417,1.8863951647551802,0.6823548455536502
-1.169062214676414,1.7962675983904988,0.744132879503663
-1.4100843939851078,1.8953840259989274,0.8115772050028164
-1.0628861702458448,1.748068590580638,0.6394494447838093
-2.29361153746865,0.759916581527473,-0.44590160068874
-1.9844718445754679,-0.33239748272460995,-0.7513196404224076
-1.2306811865882596,2.027373817907557,0.7746312863706132
-0.8398966592444298,2.3676542795200715,1.3911035203637225
-0.900836724051631,2.4125688076898926,1.4685315419938088
-0.9158238825005636,2.445250422441044,1.4474549206015184
-0.689758361165628,2.389344538985258,1.3488800540137813
-0.8857656892959686,2.40884174879284,1.461959884221293
-0.8553566876450109,2.4114747153534073,1.413650493871386
-0.9602208209018888,2.3073649591031264,1.475457585366094
-0.8253976739665893,2.4228880690587298,1.4080249739664235
-0.8690928828887451,2.1887486593330645,1.422611091184226
-2.07412769756113,-0.3825989845766889,-0.7479275606507458
-0.7652965907768428,2.4268473049699484,1.38925613851643
-0.7951869254042657,2.3570829945096077,1.4250660616424224
-0.855539743477914,2.4303421868528345,1.421168289511455
-0.7950725486223615,2.3965664797651978,1.3873638627813227
-0.9909960004459722,2.445018245426879,1.472795413824028
-0.8394008609545441,2.2823711075806337,1.3927452082292386
-0.8691310614645692,2.2576285454895726,1.382372768266903
-0.8549676940000922,2.3713813384171236,1.3976751781362382
-0.7789946074447529,2.135241362793097,1.4384550587465932
-0.6741152769321438,2.3266566316524946,1.3188152848660486
-2.1223153730172744,-0.19813809887093728,-0.5202391090583243
-0.7943402590634298,2.2185452838820225,1.4232998333931572
-0.7947750564029663,2.324886314624442,1.4015503061350545
-0.7350477166205512,2.3742033921726886,1.3937298265720621
-0.900752847744901,2.441523363543992,1.4408832628290025
-0.8403695291960783,2.3787931006022554,1.4347271152636762
-0.9305059236113069,2.408884104401813,1.4380512626388868
-0.870351411608149,2.349227918857269,1.45449379025807
-0.764114313245375,2.2400457219420176,1.3825082386833192
-1.0361937948707842,2.3691677079218634,1.5468898651483296
-0.9149313594832532,2.1584240100989525,1.5362192578831932
-2.0173901792054596,-0.16526666271459312,-0.5427476020907179
-0.749081457065537,2.305198549201473,1.3356982579934802
-0.6296495998752318,2.3138949593384774,1.3804034611774043
-0.7185427158086435,2.1782422389130858,1.3568718693269173
-0.9310779730891288,2.467844952837525,1.4615443740141036
-0.7345824717876962,2.360432338740132,1.3526197115961813
-0.9154729614677567,2.309954835844526,1.4968527270244272
-0.8857428139395875,2.4167384458439587,1.4544194444490732
-0.9310779730891288,2.467844952837525,1.4615443740141036
-0.8547616502243642,2.1860733371635246,1.49482910311654
-0.8860708066341575,2.4778896815832234,1.4502869207916342
-2.0596662881905017,-1.1917022288392478,-0.17057933609914763
-0.7497145074937076,2.343101538834203,1.3792992087612839
-0.7052183895662092,2.4331649748185944,1.3714270275214449
-0.7936385825661163,2.204332385402647,1.3570775633086938
-0.8694666792779329,2.316147548878465,1.3807537245335373
-0.6135565210464796,2.2321715338724117,1.3142555369019377
-0.8397136034115269,2.3487868080206438,1.383585724723653
-0.8850410844604181,2.320484499456211,1.4410028969023
-0.9154348888556446,2.405157045504761,1.431479604866371
-0.8394008609545441,2.2823711075806337,1.3927452082292386
-0.9001196847302864,2.2292831471059724,1.50949447245379
-2.0449845186117703,-0.7348755402696124,-0.4318050061421755
-1.005861097389619,2.427519398887075,1.4709095515014659
-0.7948666108103458,2.375340574328342,1.3789063426862447
-1.0051516898098,2.2518566369413286,1.5077852465683088
-0.9006536682187278,2.393701336190465,1.4610137463537392
-0.9462252590327273,2.4452496882308505,1.4932508310273527
-0.9158848834509125,2.424192563638063,1.4675627599941048
-1.14150041019058,2.461062928960547,1.5300544714541078
-0.8700387287557545,2.3751083973141762,1.4042468359087539
-0.975719027878294,2.4200652810929704,1.457766235956434
-0.7501568769701815,2.3647692893178776,1.4128688839649444
-2.0295246557794893,-0.5223177013892877,-0.6193698625801191
-0.7784759934030745,2.1501510668016945,1.3731498689849884
-0.8097545897331051,2.3602001617259667,1.377960204818691
-0.7194427579810351,2.298354323088062,1.376232457044696
-0.7956445981001833,2.455527328200909,1.4108569741565395
-0.9457828961789851,2.433837068735722,1.4530804405064806
-0.9305059236113069,2.408884104401813,1.4380512626388868
-0.7348799110252355,2.3500714559725155,1.391238990780139
-0.598760103153832,2.308021337167233,1.2859569960034698
-0.794660626639206,2.2823287519716606,1.416653829811645
-0.8101968996049913,2.2895717333127235,1.4709363178772523
-2.211818664022476,-0.2879911326124809,-0.5077101899132276
-0.81050969504383,2.4380284816611053,1.4089711118339774
-0.7800015138666991,2.3928394208681456,1.3807922050088068
-0.9300101253214212,2.323600932462375,1.4396929505044027
-0.9314669667340475,2.5079383297738076,1.4775196897492513
-1.0055101763568117,2.292223812290557,1.5203073579243742
-0.9006612933375215,2.391069103840092,1.4635272262778125
-0.7801845696996023,2.4117068923675724,1.3883100006488762
-0.7032657498636976,2.1635444055677238,1.335241976142112
-0.8700844264866603,2.2772739553035684,1.4721334379908833
-0.8697182552162662,2.1472428334077955,1.5165042845656458
-1.954054999255561,-0.6655516064357027,-0.5843189052284182
-0.7497373828500885,2.335204841783085,1.3868396485335033
-0.7042573464434686,2.3341107494466,1.3319586004110802
-0.8395076655995111,2.327560902583788,1.3751282046285747
-0.7350629668581385,2.3689389274719432,1.3987567864202084
-0.8993798296571488,2.146190362470089,1.4835105252866505
-0.8854987571563356,2.4189288331475125,1.4267938094164174
-0.7647245412990209,2.367886456534237,1.3657630271412131
-0.794279205131225,2.1575620947766327,1.4559977165382603
-0.9160069383334664,2.464117893940472,1.4549727162415877
-0.7503018072091165,2.3967979225691693,1.4078192799846474
-2.0961015642310654,0.4898343206023232,-0.5590833271478505
-0.7639694359882964,2.2900581365990984,1.3347521201259267
-0.9294685763187743,2.2541111546251735,1.426253758825479
-0.9911103772278764,2.405534760171289,1.5104976126851277
-0.7803676255325053,2.4305743638670005,1.3958277962889458
-0.8698556729228516,2.3562409258147485,1.3967290402686847
-0.7035632420830928,2.2352245707084792,1.3210555327883804
-0.8548684548693309,2.231263132166679,1.4772120995158762
-1.0053347456427029,2.2707241084407563,1.5153030422083782
-0.9152518330227416,2.386289574005333,1.4239618092263013
-0.7794294643888775,2.3338785724324342,1.3572990936335898
-2.075119294140901,-0.21203264069781333,-0.7512109363817778
-1.9105811903104313,-0.08728656434044087,-0.7966434326537545
-0.8242077117117399,2.1464225394842544,1.4581700320641406
-2.04886708160598,0.05838543900836027,-0.5253925107687994
-1.937473581687417,-1.0915687109052397,-0.48129377878401514
-2.1269453632215596,0.5935423847841752,-0.5325234640560452
-2.121956992433974,-0.07442317840342226,-0.6383726654897693
-2.045511095531574,-0.22940579621271504,-0.700622817634269
-2.0303026960511827,-0.36008989960834903,-0.6402249536475136
-2.043909045725269,-0.8764873282943888,-0.45616990957594994
-2.198280940417532,0.20471620492020454,-0.669143914668132
-1.8631483486330005,-0.6143795006414573,-0.7226916492252298
-1.9251105700997349,-0.317131379097333,-0.697899521484783
-2.063000120786315,0.22179498118450733,-0.7223674385819197
-2.1204768915465113,-0.8456614759994299,-0.3008983561085874
-2.1059554150307456,-0.18773339207396003,-0.6743588306763565
-2.166933658413771,-0.07393897774763046,-0.6371691319635934
-2.1822488095572727,0.019893872742786065,-0.6623782770133225
-2.136860214971589,-0.1050831866950892,-0.6276911281919652
-2.0442752699775193,-0.6644151584902442,-0.5533464786884016
-2.0277702757883436,-0.8501211807613005,-0.5968051512507572
-2.136791588902446,-0.08139309554173524,-0.6503124475086248
-1.9562442361908308,-0.13911091742435266,-0.6880395816707835
-2.1999664228075226,0.13574940491516793,-0.443700617308494
-2.1221477263675266,0.023853108654003915,-0.6811471124633163
-1.9530789244453888,-0.4209220444849198,-0.8466378976548993
-2.1081902371104775,0.06653562812149313,-0.5979807446440017
-1.9997713017583392,-0.9203939437660589,-0.33930781906713237
-2.136791588902446,-0.08139309554173524,-0.6503124475086248
-2.0917462372489184,-0.1504833839410911,-0.6147308624965598
-1.9872250091648662,-0.5134985370681585,-0.33900703662278825
-2.031141790255081,-0.13687890872202033,-0.6937779278600117
-2.2118646332853933,0.03463479590731535,-0.710452915836758
-2.0122491934555575,-0.9549248057000267,-0.5866542416133171
-1.8952202950768997,-0.15507088974007488,-0.7931158824656762
-2.0152392334324576,-0.44849023876414557,-0.5914774089582665
-2.1237112068568194,-0.002997973745070077,-0.49591949388885104
-2.1529836816890713,-0.20822591743580346,-0.43927712382761464
-2.154982237672644,0.3019795324264917,-0.5530290758341228
-2.151687080357555,-0.2735029672997723,-0.5365329450595145
-2.104391325250109,-1.1043543606211577,-0.25232064006739024
-2.247498444011127,0.7106643685697114,-0.5377828842617552
-1.8770828565699569,-0.8132474188745712,-0.7077870117413849
-2.0289295123951305,-0.911801175395913,-0.43257980825958603
-1.9821986253697563,-0.9939657116986035,-0.5696357980694691
-1.9835791559898583,-0.8756021697803624,-0.4975374202104529
-1.9223798371436742,-0.8310207980375134,-0.6604237592590314
-1.9835640183387147,-0.6960004782743276,-0.6147765404511899
-2.01652837521348,-0.12420268183614305,-0.6617529505807203
-2.0303103211699765,-0.3627221319587217,-0.6377114737234404
-2.0164823993278302,-0.4570837413444857,-0.45240950933997864
-2.0475322487167844,-0.1578125449204883,-0.5296042865456863
-2.046395609311635,-0.5347447488559441,-0.4090591464417668
-2.0437718465688404,-0.7470660980793095,-0.5542182707469587
-2.0919061991752845,-0.46213853801257765,-0.3969299011607402
-2.122887422495096,-0.13917725043522627,-0.49674599768310734
-1.9705754688552115,-0.13643559525481286,-0.7602575936030972
-2.0914031069032055,-0.032032928174321365,-0.7278374590798582
-2.137187929511415,-0.47464745247477447,-0.3545936085265331
-2.136715284732654,-0.13711181994638005,-0.6226415242116682
-2.1222695626999246,-0.2746408836656194,-0.4759135507478633
-2.042864238882243,-0.7722497710069948,-0.6354987762437111
-2.046578665144538,-0.5158772773565165,-0.40154135080169734
-2.154036338823779,0.033578746537008784,-0.48185909802096116
-2.016429189064575,-0.1822798401782164,-0.6350217517387722
-1.9995962021808296,-0.42913709818853757,-0.674347900643689
-2.044686920428663,-0.970637801227111,-0.31200711771306405
-0.4763254030402508,-1.377492492018062,-0.9596667939117768
-0.4048227090130904,0.05373537445456457,-1.5120115720815792
-0.6115681434366237,-1.3096241896106764,-0.9652156768388339
-0.3701062301718635,-0.15723439090290392,-0.4567969485376041
-0.14814422146238954,0.22689743006772195,-0.3978490883891365
-0.17385493135378702,-0.04122451055582863,-0.6833117129015173
-0.1955008980474006,0.9136293927235687,-0.5827449701821398
-0.21933478894664307,-0.3170189549100968,-0.4502113512143916
-0.29896157234593973,0.6170117436977931,-0.5477709737809786
-0.029902266922345707,0.4197631908822839,-0.3438825054480284
-0.3637992980621023,1.2140547737082745,-0.40708704463351136
-0.3440374575883015,0.7268487576383904,-0.6063022156828064
-0.536007031846296,-1.3494853895327945,-1.006531485796491
-0.12564414874564198,-0.5767182838095871,-0.6875155681637664
0.06319326963068887,0.4880165500581403,-0.7283724848146689
-0.01501426813139037,0.40413821051901977,-0.32313422162884126
0.007996945831077875,-0.6230680444366318,-0.5237759589451445
-0.1105046733573328,-0.26961158387398565,-0.9015285741348557
-0.13402689611088187,0.77608259238908,-0.6578972729326542
-0.16124000606843922,0.37910585630687965,-0.6990315344566218
-0.0783191529108064,1.2328611442865594,-0.49623901302098167
0.1269173438845265,0.10146519422894373,-0.8849298334456849
-0.06179121713793013,0.9525005091811565,-0.4812309721834453
-0.3553603671538676,-1.660127858539867,-0.8921138300896883
0.024875855618616848,-1.1207653140469245,-0.40656438914700965
-0.23648071034659876,0.2936528022080814,-0.611465430014185
-0.19497461252780457,0.8593854121627145,-0.6043586326473394
-0.39664032706106456,-0.9044849141490842,-0.3453901502230558
-0.06592445395021665,-0.49926804564607363,-0.7126247137543195
-0.09743920378996174,-0.7194926071939337,-0.40547217948916336
-0.2795275523756769,-0.07567644233503289,-0.5795000702402209
0.18971852710051954,-0.21389129843058086,-0.9881832933178579
-0.3317807539406864,0.7773410603084686,-0.3454713131933969
-0.1658087767722196,0.853424876142941,-0.5136001233789591
-0.5975805047091955,-0.7128907983487357,-1.2419411405280065
-0.31375010021051425,0.1335889332114874,-0.25795730011813556
-0.376353315115349,0.9583540994881974,-0.5038850769119504
-0.08358875759623098,-0.2624355771356189,-0.5775485666901159
-0.14693157591038736,0.25572739621221086,-0.5466652142627648
-0.20265466868902995,-0.0524886555578176,-0.8023072440844589
-0.19189295853893684,0.21020040662601594,-0.5174850639986792
-0.11156488276078251,-0.14324559312555687,-0.8689891999148054
-0.06008271369145436,0.8037511244892898,-0.5689989723366564
-0.11226630097154808,-0.5289828031994918,-0.5453390324591052
0.015493588531872602,0.8614505681648349,-0.6747481789973611
-0.6279132684176809,-0.6686911794284831,-1.231967980053255
-0.4182102015123099,0.3228144563591541,-0.4283753743574805
-0.1931820473381032,0.4524469156456468,-0.5349548830834432
-0.3696945068706679,0.036181810959951925,-0.6255284410236183
-0.18865899423342453,-0.08894115323538297,-0.6723018380306099
-0.05420973640556033,0.2975526801052712,-0.8740018305219257
-0.16483247678915985,0.7493799844831455,-0.5514947950202591
-0.26989502870297183,0.8332104618368361,-0.5893551084299253
-0.16492407093293132,0.8613650301183234,-0.6137430503723363
-0.035637606522793006,-0.3028827839549015,-0.8725348776149116
-0.0440354451800522,0.798530483817906,-0.6794724549225842
-0.4764929039898948,-1.825096581291025,-0.6535430535281379
-0.26174893817507816,-0.17047411570443363,-0.818285569337636
-0.09033919309834346,0.8229974119705369,-0.5511570345165815
-0.08348972377016181,-0.08464472274112426,-0.7026338201440258
0.055002330510290576,-0.6002170851373599,-0.7579179413388778
0.10939785789100297,0.480606256293397,-0.857016242793775
-0.11392936497366571,0.11755113205629325,-0.7828855317592606
-0.5205496985707103,-0.027835669669336666,-0.47905216815501167
-0.02308345701490641,-0.2522847295057535,-0.6437225389922486
0.12749735624047356,-0.4778751022722629,-0.5742999435672035
-0.3178310884843905,1.1250452770819785,-0.45781292496634507
-0.7024671424494626,-1.3991845870087352,-0.8029535514972509
-0.2040275344539462,0.006976332779517754,-0.6931180542462485
0.0600508067507,0.8187448981240111,-0.6037174698716179
-0.0058768856693973415,-0.2983766854279892,-0.8524142113972352
-0.2326595456666574,0.09464182343991326,-0.8938130050276475
-0.19453985492466003,0.814575167351574,-0.6222133972925044
-0.21189908759160941,1.054145619991471,-0.5216692940191207
-0.45031268816777564,0.8331249237903244,-0.5283499798049007
-0.24382583888729406,1.0712203580997048,-0.32301531059082156
-0.17587606467080125,-0.00039665222924083096,-0.4924910358613007
-0.012680538057497458,0.5225075335004433,-0.6500111521421189
-0.536731954572982,-0.7688818527459363,-1.3024088337036361
-0.2538552528557234,0.6202549690441509,-0.5653008047475558
-0.32500003651355525,0.040856323225835926,-0.5997403705311944
-0.08315399999308644,-0.30724582194675915,-0.5954033313352808
-0.04651417834293188,0.8249962349617838,-0.43025299687892676
-0.1267415962969724,-1.8377010072782436,0.242087058182953
-0.2697806188074075,0.8214182921496938,-0.5940537307049688
-0.1791328381053746,0.18829690069557567,-0.2641266688850381
-0.3911040021634311,0.9290630832612519,-0.5104695615095559
0.10910816298143318,0.28828524808231776,-0.7020975678240887
-0.17004963425421424,1.389654232102295,-0.40324477245039214
-0.7948161723521694,-0.04039424315377709,-1.4172661508518716
0.2303399588164174,0.28237037161739154,-0.8413292770543678
-0.14790806795267497,0.6571710865398533,-0.7001912868205898
-0.05330943594662096,-0.22250951262301577,-0.6359345208684666
0.012862160933892515,1.1326704709691064,-0.5666798666713627
-0.28592710658137477,0.9359917461058831,-0.5433150235470451
-0.1007880482050101,0.3195554225414039,-0.7146075707041851
-0.28263951478049126,0.2655808351323286,-0.46489897499346294
0.18376910656746145,0.5633836211175581,-0.8494663800909807
0.038169482703917124,-0.568717577886514,-0.5799767707725254
-0.262038566857328,-0.46534643380097673,-0.5973597411958377
-0.46126961852217563,-1.3864840156158602,-0.9612114918361458
-0.15105808972413742,0.882715892369887,-0.5070156387813534
-0.12354738158347292,1.0439303674945888,-0.3460834888282749
-0.22812164111701702,0.8552530827646336,-0.26097575873855017
-0.1113741289590339,-0.27228727314862233,-0.8064126069896247
-0.06292777044756388,1.1961160102655084,-0.5159668131636189
0.0415855477402193,1.271439257295565,-0.5215602660058563
-0.019704582338655244,-0.552689529652804,-0.8132918549955159
-0.10486106035529694,0.7701220563693068,-0.567138763664274
-0.41666186529689225,0.18031897824074006,-0.5029645880084198
0.04540683825206863,0.8775807897450146,-0.6784942499923059
-0.6633184977706376,0.3529387694473,-1.3063209444479424
-0.5070771972775898,-2.0215875947612667,-0.46161432580079914
-0.5703317987143657,0.8063389804684609,-0.4983301045449828
-0.0003680555722009458,1.6442130160342419,0.07603438700777776
0.04898668691421564,1.2061552966685358,-0.11377071266634062
0.06546887197433028,0.9100012674608973,-0.0836817922843642
0.31557450679799987,1.6225471936944238,-0.0394170392948457
0.0927811084762048,1.3411970240979427,-0.07522276977334977
0.271024979925286,1.5653337862001564,-0.0469540751725499
0.2760361333510045,1.0488367539033268,-0.2527537308194508
0.3400729964209487,0.5240837807142951,-0.3539465887244027
0.13831456045077206,1.2969977722827872,-0.10809388546101864
-0.47753098640567904,-0.5320040917857317,-1.374424949925175
0.26651022888677034,0.38190372240760406,-0.4101017179109965
-0.019717363342796574,0.3922822491720976,-0.2594487458462571
0.15606286623542417,0.8942723708440492,-0.14540472066301546
0.15176097468942068,1.4607195229431542,-0.0479451069279183
-0.21298716266848788,1.863840650150395,0.23475803212861507
0.29209109320852034,0.9436970356968513,-0.2997335401573397
0.005832960767386826,1.0050774189911331,-0.17863094029957433
0.6286956044522334,0.2121618032267094,-0.5677535720549242
0.2420727733278305,1.4501493392479823,-0.08267643128796964
0.29248788416326454,0.6396024854087332,-0.14660373756906908
-0.8712542057174237,-0.251964108581783,-1.1199037272118413
0.3659131743862699,1.0830768150192949,-0.2696302905343373
0.48745784513287654,0.8056436183434299,-0.26768820991480646
0.09943976439805001,0.6548927483062649,-0.34868258618087555
0.5579238077815797,1.4379172526578783,-0.19436895977055824
0.09289551837176914,1.3294048544108004,-0.07992139204839316
0.5427383631303531,1.4534364812420726,-0.1830986797229991
0.1686854497532255,1.2659593151143977,-0.1306344455561371
0.457636123329132,0.7800796610135365,-0.26770103673989637
0.4363716046344275,1.5691463831437202,-0.10138754602505887
0.5123674738278996,1.4844749384104619,-0.1605581196278807
-0.5960166665923751,-1.239816789331169,-1.0707301319730664
0.6035716696517115,1.3819258311555802,-0.23193869773327064
0.42729564840633705,0.9549637504345201,-0.341023695464817
0.060236431158028694,1.5962867053220342,0.036591613547593126
0.31207434028208003,0.1021102562688247,-0.29460958568188955
0.06602557187358486,0.9996029191526372,-0.2011586735696028
0.20122259467085593,0.8646655677002835,-0.14752533451204977
0.28685111999167306,1.4837784073679652,-0.08453663996035211
-0.08199226103919383,0.6533947612707681,-0.17780894843928358
0.3074445090233626,0.6476675961988229,-0.14847677306654147
0.4095931860526947,1.2299107121358441,-0.22638372536630294
-0.44715219382968824,-0.9911258181226986,-1.1222489466214958
0.2259262855538632,1.5647227932041714,-0.031937724130045926
-0.08969592910875732,1.553370540419991,0.07035755980245591
0.22842042127716608,1.307653494024471,-0.13436768972599192
0.22995351387772842,1.1496384202167647,-0.19732922821157356
0.19425112344197623,1.7301919848059817,0.044167129900567106
-0.016743363137296897,1.7823708093647153,0.13617033871578824
0.5130310512221729,1.416080354225037,-0.18781012882313242
0.3928975307800185,1.4010865805903159,-0.153091631288171
0.4547147624032302,1.2281632711944002,-0.24233980086381568
0.17679338157349112,0.30038923076399715,-0.3800010834295371
-0.11510066661087674,-2.073743176128294,-0.6752065865954558
0.21520282682964623,1.120347403989819,-0.2039137128091793
0.15459834009941656,1.1682737147020268,-0.16447093934899462
0.11254294895000555,0.8539910080280586,-0.27443794082264494
0.20602040371592087,0.02834288586790517,-0.1245303846718292
-0.05422235846413389,0.9964013152050583,-0.16174155375959798
0.3379448928906678,0.8664797087576975,-0.34576079821513017
0.16454381153379602,1.6928358577889462,0.03945568080043376
0.1913764683309494,0.035903122546176613,-0.16630358820646102
0.4527469121995234,1.4309885898132466,-0.1615234977330692
-0.026482896759660552,1.2365827608409403,-0.07621380152871825
-0.6579790536274094,-0.6861903930733839,-1.2109558871628998
0.13570601483190484,1.56585924114963,-0.0009652975900292538
0.03139863445613753,1.4693100886827175,-0.003829364842870032
-0.04904323387479971,0.1993940719943952,-0.20501416226814134
0.15089145948313157,1.550340012565435,-0.01223557763758847
-0.03824359018996639,0.7726430945979381,-0.12418012600185308
0.45492070021524605,1.2069373657575446,-0.25079732095889373
-0.1868792100478645,0.449092129072451,-0.04905497931745471
0.20996285361279893,1.6604287756609328,0.01128318738780828
0.2249423604520098,1.6661354525135945,0.00847042743532723
0.10107216897942534,0.2439530273741035,-0.25949933479749604
-0.43369078764000013,-0.4221894942082749,-1.3245550253077791
0.18156750586016593,1.3887228366753845,0.016501117600219144
0.4088380807419699,1.3077390320709823,-0.19537281835101664
0.18719657868564388,0.6444659922512439,-0.10905965325653667
-0.053314624945628754,0.7763701534949905,-0.11760846822933728
0.13929848555262545,1.195585112973364,-0.14850203702639198
0.18593027252461053,1.038181032161643,-0.22647992655447746
0.14029775361031407,0.9558650845250357,-0.10152713399895484
0.24282787863855518,1.3723210193128434,-0.11368733830325613
0.3554185354531815,0.6151170864306584,-0.4510035237635573
0.37814684373193624,1.37179556436337,-0.15967611588577676
-0.5515659483728426,-1.7090686898419747,-0.7136835218562713
0.1363695922261781,1.497464656964205,-0.02821730678528098
0.3315150567599513,1.5291996451750907,-0.08169822635769118
0.2547412002766415,1.6940578437809162,0.009422978715425833
0.3323770130747667,1.3343956133169728,-0.048887122551835624
0.2230209047947741,0.20857945515345394,-0.45677884332596214
0.08126457779286281,0.7153656493417512,-0.045203284203761185
-0.1751871758003613,0.9406173591048312,-0.01147091211371619
0.24033374291525234,1.6293903184925438,-0.011257372707310073
0.1362247414600272,1.4064317183529387,0.045941673040956504
0.19191797759720472,0.027944130640253275,-0.21934707178865212
-0.10186892129928084,-0.17882087729418944,-1.7064062660174766
0.18821847043589754,0.8023376384187986,-0.3204523720553454
0.2133493865215037,1.3113805529215234,-0.1277960319534761
0.31983055491299367,1.183878481332733,-0.21420578792646006
0.07521593799723955,1.6019933821746954,0.03377885359511202
0.19666907420466276,1.3442490522370905,0.03287911671746619
0.3070630610244535,0.8134547773480363,-0.21422352106200174
0.14430963897834403,0.6790880806765344,-0.35430169267329276
0.20056654967712836,1.0792642180757308,-0.21519681968182844
0.06559081427044028,1.0444131639637777,-0.1833039089244379
0.31557450679799987,1.6225471936944238,-0.0394170392948457
-0.6869542945268136,-0.5631483933515619,-1.397554971119169
-0.6896392767701132,-0.033465580309145655,-1.4501116128893607
0.3373195404313426,0.7942084898667892,-0.23206545888207672
0.6351758946879161,1.9634391067615162,0.6474455471001692
0.6939498230891161,2.1041875110435844,0.6831807300406788
0.7984631412768993,2.1795107580736404,0.6775872771984415
0.61848023941524,2.1346149752159884,0.7207376411783012
0.7092267956567944,2.079234546709676,0.668151552173085
0.2572101628824877,2.1792541439341058,0.8606026630735154
0.7390485174605389,2.1047985040395694,0.6681643789981749
0.7085861002416339,2.145270696957672,0.694463836913328
0.7735381630033089,1.6492419381340597,0.47647341700149426
-0.35565796533697486,-1.4243655975823692,-1.0119117185187998
0.8892096975184538,2.1241303295673277,0.6250011881932253
1.0404692125737862,2.0302573260985213,0.5367312235478591
0.6787643784378895,2.119706739627779,0.6944510100882381
0.6940413510055677,2.0947537752938707,0.6794218322206442
0.5877890024052064,2.1986715075083763,0.7564343436435411
0.8139689336357063,2.1309734543654475,0.6531608547807608
0.5729467874406726,2.178814227031144,0.7536087568659701
0.6787643784378895,2.119706739627779,0.6944510100882381
0.7386137598573944,2.1496087488507096,0.6860191436433398
0.37690892572149765,2.2390581623799672,0.8437389301837188
-0.44530631903575135,-1.277087378301693,-1.1364467096982245
0.5629784340271804,1.656610517881653,0.5506218611715504
0.8008657490837507,1.9318751946436534,0.5789162094225301
0.6642425111809359,2.0668313840265484,0.6784692809405456
0.9072325075796763,1.8161652927420058,0.4972050757245898
0.5589512057033152,2.0716948908690593,0.716013365253078
0.6936065934024233,2.139564020105011,0.6972765968658092
0.919786524632923,2.0718659669620827,0.5940031080030289
0.723748662913748,2.1321099023109062,0.6841332813207776
0.8444313508546112,2.090501261447345,0.6268613968656078
0.5133033438331835,2.127686312371357,0.7535831032157903
-0.6790531099205732,0.4250604125297773,-1.272497277480175
0.3968767040073142,1.7306262408732276,0.6360662390393457
0.5126626484180232,2.1937224626193537,0.7798953879560333
0.5183144972589021,1.6111892800745273,0.5477834475688895
0.6479587315322916,2.1955554416073086,0.7348463348285214
0.7444944284894021,1.5434912269315992,0.44450995870610926
0.6511164446498676,1.870091558242183,0.6051643600373237
0.543331003448944,2.1320243642643946,0.745138409945802
0.5425758981382192,2.209852684199533,0.7761493169610885
0.48217734922000544,2.236553089474885,0.8071345703261952
0.5280540308812658,2.156977328598303,0.7601675878133961
-0.6721496952058845,-1.3460973607442686,-0.8739069052959682
0.64786720361584,2.2049891773570223,0.738605232648556
0.4524700373118253,2.1991969624578496,0.8024231212260619
0.2731507128444392,2.085906595414772,0.8183214760106697
0.6036151424715934,2.117116128676185,0.7188517788557389
0.6943845806922606,2.0593772662324437,0.665325965395514
0.427888288724928,1.6335516334568418,0.5872133942039843
0.21144789111679177,2.2470377351235458,0.9028710233112712
0.6633729959746468,2.1564518736488294,0.7141788102308754
0.8344858794202317,1.5659391183604252,0.42293477671617924
0.5788274560726803,1.5726967051120335,0.5120995719287396
-0.7343792792898315,-0.39235280929929783,-1.2429951983693746
0.8446678553691215,1.977252975526515,0.6743571102463486
0.6632585860790825,2.1682440433359718,0.7188774325059187
0.5728323775451084,2.190606396718286,0.7583073791410135
0.7439452609906931,1.6000936414298816,0.46706334562631746
0.7241834205168924,2.087299657499766,0.6662785166756126
0.573587482855833,2.1127780767831474,0.7272964721257271
0.452698857102954,2.175612623083565,0.793025876675975
0.5731527252526885,2.157588321594288,0.7451512367708921
0.5884525797994796,2.130276923322951,0.7291823344482894
0.7745220881051623,1.5478292788246364,0.43606526543612106
-0.6588716958538952,-0.21477162293745644,-1.4185331001543764
0.8297950737020934,2.0494180755332567,0.6155782899929586
0.4997654016780836,1.9733982974607036,0.6971932225027244
0.6345351992727558,2.0294752570095125,0.6737578318404123
0.5875830645931905,2.219897412945232,0.7648918637386193
0.48261210682315003,2.1917428446637444,0.7892798056810303
0.5149508463293102,1.9578790688765089,0.6859229424551654
0.572717967649544,2.2023985664054284,0.7630060014160569
0.9043951421696804,2.108611100983133,0.613730908145666
0.5127541763344747,2.1842887268696396,0.7761364901359987
0.40693658533725796,2.243396214273005,0.8352942369137306
-0.643983511626444,-0.5175402709800208,-1.2129647874532752
0.7392544552725547,2.0835725986027134,0.6597068589030968
0.7704948597812973,1.962913651812043,0.6014567695176486
0.5880178221963351,2.1750871681340915,0.7470370990934543
0.9049443096683892,2.0520086864848506,0.5911775212254577
0.4225567875916293,2.18306674087767,0.8061691922210066
0.5122278908148786,2.238532707430494,0.7977501526011982
0.6481875513234202,2.171971102233024,0.7254490902784345
0.5583105102881548,2.1377310411170556,0.7423256499933211
0.7093412055523587,2.0674423770225334,0.6634529298980416
0.5731527252526885,2.157588321594288,0.7451512367708921
-0.3110167449795097,-1.6329642005514757,-0.8431156975308501
0.5289235460875548,2.067356838976022,0.7244580585230661
0.7707236795724259,1.9393293124377584,0.5920595249675616
0.8446601706457398,2.06691692207306,0.617464152315521
0.6938354131935518,2.1159796807307263,0.6878793523157223
0.6929658979872628,2.2056001703530073,0.723588881606052
0.6784440307303092,2.1527248147517772,0.7076071524583595
0.6937210032979874,2.1277718504178686,0.6925779745907658
0.7696253445750082,2.052534141434324,0.6371662988079785
0.6055829926753002,1.9142908100573384,0.6380354757249924
0.9816037562561347,1.8989426575661672,0.5047549384273841
-0.5064674725515755,-1.3700383742239572,-0.9465234783667451
0.5731527252526885,2.157588321594288,0.7451512367708921
0.5885441077159311,2.1208431875732376,0.7254234366282548
0.40792051043911143,2.1419835549635815,0.7948860853483575
0.9809401788618614,1.967337241751592,0.5320069476226357
0.7388196976694102,2.1283828434138536,0.6775616235482618
0.6935150654859716,2.1489977558547246,0.7010354946858437
0.6485078990310004,2.138953027109026,0.7122929479083131
0.7092267956567944,2.079234546709676,0.668151552173085
0.740238380374408,1.9821599392932898,0.6192987073377235
0.6047134774690113,2.0039112996796193,0.6737450050153223
-0.5530995707919643,-0.7306431369505543,-1.1787792087475863
-0.5809843203629004,-0.38501887595363793,-1.6257951920881688
0.4980263712655054,2.152639276705265,0.7686122810833843
-0.5826613431698663,-1.7434999481651523,-0.5711752446839914
-0.43298902504717085,-0.5697190955387544,-1.3049679962684964
-0.6606716013849145,-0.25143599127825833,-1.2015926111541173
-0.4016562647804775,-1.9817031516474422,-0.5418875688225777
-0.7205438581608002,-0.28923469755230696,-1.185620304936999
-0.7624389694927093,-0.7841085376050175,-1.1965539325203307
-0.33963379073210925,-1.0990636126828386,-1.3326683668004777
-0.7166766977270133,-0.8518921287944574,-1.238822292758087
-0.6903102607330239,-0.30612255109612563,-1.2025225183020656
-0.4628019495085587,-2.4078090054909937,-0.13916769187127484
-0.400032339650323,-1.0723632074074867,-1.3016831134353712
-0.6138414421151192,-0.5249943887741256,-1.2261081029983067
-0.6880067132431698,-0.6905284449664214,-1.2025111938929118
-0.5807017538672244,-0.964464924233914,-1.283146738342941
-0.8698889981849613,-0.26278567432675876,-1.2595830137120343
-0.32746134088694767,-0.49298339951971276,-1.420429958227301
-0.3557190590055718,-1.3018516225457002,-1.0842138935671706
-0.8236156845145245,-0.4003328417663448,-1.3118373612496323
-0.585430837502167,-0.2582791160763781,-1.229752277741653
-0.44773214658104743,-0.5040817005184098,-1.3734723986450763
-0.611865556183235,-1.3610055963324783,-0.9001935363860313
-0.6728060249770877,-0.6905280778613243,-1.2254091491058292
-0.5208520876702438,-1.37553354751848,-1.0077478461477571
-0.4652212579313042,0.08043577972991636,-1.4810263187164727
-0.9152393877038935,-0.24770902499957723,-1.2276289783472238
-0.14502198517291004,-1.4054118538262355,-1.111194961929589
-0.7348523810371002,-0.02228440361798845,-1.4303966395718133
-0.642915299608477,-1.2258164957252238,-0.8717768685163595
-0.7640168591326261,-2.1186257202502334,-0.16800850881189514
-0.5083901680884002,-0.22845787253369612,-1.4748524333294475
-0.643411594603262,-0.37139849964480326,-1.3684722051727163
-0.5376091876163127,-0.5383217616343782,-1.3565958389301898
-0.5826238798490976,-0.7048256875586459,-1.243814176025479
-0.6868850989027196,-1.4213995672132012,-0.8525147731556647
-0.5975804119909476,-0.8564626321883859,-1.1495311260870493
-0.370248399058483,-1.5932272232338707,-0.9458656904949319
-0.4932047234371734,-0.24397710111789075,-1.4861227133770067
-0.4159800710080245,-1.6687416674711373,-0.8146405201953011
-0.6120714939952508,-1.3397796908956223,-0.8917360162909532
-0.3411588144908344,-1.6255100827573712,-0.8299723819858186
-0.7023989269897037,-0.7396763745655022,-1.2348192204810058
-0.5371205177403212,-1.3953719900651709,-0.8573870223497597
-0.4315619556091998,-1.8926498309917847,-0.6066621309238184
-0.5835545218376436,-0.441415567956964,-1.313410398369576
-0.3701645823563411,-1.471976488482854,-1.032920407514639
-0.6122319724947128,-0.8515346278604873,-1.1887908496976085
-0.6136279387888978,-0.4512918829636911,-1.2964855408723592
-0.6581689862103907,-1.8287849556300757,-0.4550437807538907
-0.415850410874873,-1.675269372457534,-0.8243661023184913
-0.5668278296485014,-1.4327281170822066,-0.862098471449893
-0.8107412535263777,-0.2802015525557307,-1.1621883181692025
-0.7330598158473985,-0.429222900135056,-1.360992890007917
-0.5532828584204872,-0.35284608085200153,-1.4022864492099096
-0.6903102607330239,-0.30612255109612563,-1.2025225183020656
-0.24989428661260507,-0.6712331013660815,-1.588133046522127
-0.5253755182706462,-0.24960301229030327,-1.2466416642816294
-0.34230226441874234,-2.5125912227634988,-0.13611605814868544
-0.4627790145475898,-2.4922084873367942,-0.08730169378859384
-0.6577349902214255,-0.6942551367583767,-1.2319808068783449
-0.3403350168836471,-1.78219962142462,-0.8175974551456522
-0.4155530312419215,-1.5726123107929995,-0.9223918193573497
-0.7469563041540989,-0.45084756079956373,-1.4642670972198175
-0.7795923835568187,-0.38117163260814063,-1.2232802250518273
-0.6444564544281445,-0.39359500902382577,-1.241949061042645
-1.773093061678684,-0.5782307289574825,-0.28262198456516846
-1.7733218748470805,-0.5649015205717445,-0.26662402469787044
-1.9464151285488127,-0.630430922933841,-0.3839607277269825
-1.998565983302191,-1.355677104456532,-0.1885782757421825
-1.990715325133183,-1.4240892943902392,-0.42153734644757485
-2.0507630258686422,-1.4198780348373947,-0.4137621551488829
-2.0732499810583636,-1.3617836378521366,-0.21188833726777334
-1.7944076299739173,-1.5841544338176876,0.0009262446444903928
-1.421653676887476,-0.7231834169707496,0.6090930493688728
-1.7726501425154542,-1.4510743514905113,0.23166771155970167
-1.9619815774759053,-1.136218289433044,0.003810730578267732
-1.9908068265587064,-1.4556760825947113,-0.39137558735869526
-1.8785903049683208,-0.5521413166781157,-0.23662038015755785
-1.0948420695506713,-1.0188593265683097,1.0234491925024052
-2.035531698050014,-1.624706489090282,-0.3080990083966578
-1.2306491349650925,-1.0432249082030365,1.1378906707846599
-1.7121526127530273,-1.2179428544629969,0.022791482202995532
-2.0356842004258864,-1.6773511360977356,-0.25782940991519177
-1.9597952683320206,-1.5117301660569111,-0.4666312934629015
-1.998482106995461,-1.3267225486024328,-0.21622655490698875
-2.013637018057853,-1.3519500455594795,-0.18200661796966672
-1.8485546559835069,-1.1092032368047593,0.11546078909499735
-2.0431079115470387,-1.3692377556462416,-0.22503165281280496
-2.06075734245119,-0.5425983560878949,-0.47122323867778715
-1.6369423162317944,-1.2865905636053394,0.03768931189780923
-1.1716949195768067,-1.0165383067580283,0.7503625252146348
-1.915731013329941,-1.47650964270613,0.08451041383990318
-2.1717964957649403,-1.4583315581367904,-0.2672730554551864
-1.667770864984701,-1.177618034722742,0.059222215141467485
-1.8847119491936375,-1.3453391360241216,-0.11207164789817822
-1.6972111520350004,-1.3484589112247563,0.11175470567741556
-1.4066130830024,-0.8297355841662105,0.6719817491475512
-1.602681471687678,-0.7390000542646918,0.7457629808927481
-1.4578158263705832,-0.8667572172028526,0.7998196251702361
-2.36808921221863,-0.8725415834781924,-0.9653929344010579
-1.260707328169687,-1.0068162345548322,1.1233857071648854
-1.8415963552635093,-1.1471672891100357,-0.04124473596178923
-2.0057863598888455,-1.4203622354931869,-0.414965688675059
-2.0137056441269956,-1.3756401367128337,-0.15938529865300702
-1.3824606525922714,-0.8853925116881147,0.7669613363076571
-1.7340701681015684,-1.4985959950449177,-0.09576046845177552
-2.1717278696957973,-1.4346414669834362,-0.289894374771846
-1.9684086635532791,-1.3578667575498917,-0.2067485511353607
-1.442813470665919,-0.8121333193448879,0.7630635641766902
-2.059124626601411,-1.4355292334817384,-0.07180636738548068
-1.9833275270696686,-0.7887385022180645,-0.5804822577048717
-1.8854288163239503,-1.4286868811424087,0.0185840198893323
-2.14108242975765,-1.442705476458235,-0.3567152049131248
-1.8847119491936375,-1.3453391360241216,-0.11207164789817822
-2.013759019958551,-1.3940657631654425,-0.14179093918449406
-1.8779977052568917,-1.3854935756329512,-0.24115153792230887
-1.7424928823711303,-1.3609678256869526,0.15409099831162237
-2.043916339707463,-1.391876110072083,-0.12362066379131566
-1.421714677837825,-0.7442412757737309,0.6292008887614593
-1.3675039946185132,-0.928603055840757,0.7980918773962407
-1.779214705904001,-1.371428548303488,-0.15807325230578878
-1.999748591970258,-0.6561189720012801,-0.5118661417696324
-1.9081931505997718,-1.3964650842914554,-0.2104138629087642
-1.8026883351731975,-1.337881216312078,-0.3117346697781378
-2.140876438963778,-1.545972429803462,-0.3123670024705132
-1.7425158107093672,-1.2868234748296994,0.10882571554615277
-1.9836169504472263,-1.4015198809595473,-0.15493425472952563
-1.5423973326650287,-0.7539082898529014,0.7194763498026849
-1.9987718615096186,-1.426747377916594,-0.1207143177922034
-1.779260344030319,-1.5615591692110133,-0.030780212368758404
-1.4669811579363674,-0.7514857255351822,0.6665102215475196
-1.9771136131819165,-1.1535490893389728,0.03049022774336989
-2.1411590650640417,-0.8742302026262683,-0.7144218940706422
-1.4728868611262456,-0.8630301583058002,0.8063912829427518
-1.7727112030703913,-1.3798360313965745,0.19236911309738694
-1.5575828501663072,-0.6255826203946961,0.6581387613609208
-1.6912646669917812,-0.9542217585593539,0.2628396171396916
-1.8092652143852148,-1.4246838212018293,-0.11568525799473584
-1.4669277821048123,-0.7330600990825736,0.6489158620790066
-1.2621211281107811,-0.9941759533757139,0.7897924718497296
-1.391481047296389,-0.8124047842602816,0.645302251982449
-1.794278055936282,-1.4573654359529813,-0.09460863660244528
-1.9751713078394282,-1.6132924011747651,-0.3595204387274538
-2.171713003576666,-0.8345794049469978,-0.677762823018243
-1.9686297919982938,-1.4342014957106988,-0.133857633337235
-1.998626931270684,-1.458776011167885,-0.11566471381190663
-1.2618923745469723,-0.915208982864534,0.7143880741275307
-1.367732748182322,-1.0075700263519374,0.8734962751184396
-2.1256529018322428,-1.4970548416930614,-0.36920825872449486
-1.2921031231092956,-0.8494039083154119,0.6973469864515323
-1.8849100896958282,-1.5881144039391,0.06549099052031816
-1.2921031231092956,-0.8494039083154119,0.6973469864515323
-1.8243895719905763,-1.521423436665757,-0.03871351821601728
-1.9536273833117745,-1.4616186457611053,-0.11780797179309127
-1.7072513252940216,-0.32289053076074903,-0.03623694338242842
-1.6518684737303777,-1.2328510900512066,-0.00349514888706767
-2.050587595154533,-1.4413777386871949,-0.4187664708648791
-1.7500258822055916,-1.5438296140774328,0.03735697758296249
-1.4578845054215817,-0.8084062604478355,0.769635221949206
-1.8402995883636928,-1.4688226136876652,0.026517325736591244
-1.260791204476417,-1.0357707904089317,1.1510339863296914
-1.9600671229719495,-1.3267038415388595,-0.07921335903559923
-1.1552100848800504,-1.032905646834199,1.0773841027572748
-2.050831486369485,-1.6999464007044098,-0.22612295290194317
-1.3825750293741754,-0.9248759969437045,0.8046635351687564
-1.9329000617500938,-0.48403960507430555,-0.3200304072416968
-1.5572624296086752,-0.7714071363927051,0.7175904874801226
-2.0661620003370182,-1.4370407881094494,-0.3585172984961163
-2.0507630258686422,-1.4198780348373947,-0.4137621551488829
-2.0654450139975298,-1.5382854007849978,-0.37036009057382496
-1.9683400374841362,-1.3341766663965378,-0.22936987045202034
-1.9756442903775204,-1.4278163532872916,-0.4281090042200906
-1.9984973572330482,-1.3319870133031781,-0.21119959505884228
-1.8330715932809771,-1.3912501193120916,0.24379054342818313
-2.03560794923795,-1.651028812594009,-0.2829642091559247
-1.4065520820520514,-0.8086777253632292,0.6518739097549646
-2.234247214916634,-0.5706666138640804,-0.5700711460476784
-2.1432337066672513,-0.6467253509813606,-0.6380211639061366
-1.3373849064272816,-0.7798717748692369,0.6868775565480496
-1.2757273122165682,-1.7669516567754142,1.1388653988515738
-1.8484195633996952,-2.1004894367819547,0.261738426774644
-1.7279477026574845,-1.977034418278669,0.5981794986230351
-1.9160613311472854,-2.197646514537108,0.10688028356515009
-1.4269590426606875,-1.8397851031511196,0.8541416334678713
-1.8859699282262863,-2.0360357485492715,0.46767042250419616
-1.7577084036426838,-2.0123059097712206,0.5978609783569924
-1.8782260150976569,-2.151554322376742,0.2765007860530412
-1.8560337899042452,-2.032519091895067,0.46958534237145394
-1.5795237245942735,-0.2270386817951234,0.10487932422521862
-1.78822421656134,-1.9594939503400866,0.6219526497890249
-1.712815666951473,-1.9597036183727403,0.5715000014579329
-1.6902649485883166,-1.8912906942288386,0.7586631617374914
-1.5098320256404614,-1.9064509534586747,0.7058325038987425
-1.9388457719336696,-2.0781270833996404,0.30116837340973873
-1.2306438879509287,-1.740839735514535,1.1090738617055826
-1.8630863542728522,-2.131591290120441,0.24730780896386567
-1.8104164417547524,-2.078529180821762,0.4288680934706123
-1.7353026221411945,-1.901609221387482,0.7733738193390425
-1.5998768656483107,-1.9268142093630165,0.731800614722763
-2.0232881446901,-0.44851608994012787,-0.29316786022696845
-1.3281912869226524,-1.8412396715109487,0.9488475942497491
-1.8107673098057027,-2.025274642133615,0.4322760095853933
-1.4651806364912732,-1.668548539129199,1.0634362570479032
-1.5923666815656419,-1.8441452969205725,0.915481513078544
-1.788392022156656,-1.9353620141399137,0.6244434855809478
-1.6672898202275033,-2.037300495503908,0.560944511645971
-1.335980950764043,-1.7415144917857137,1.155098110245344
-1.7126859869501254,-1.9969967163247762,0.5815765652863766
-1.8108283107560514,-2.0463325009365967,0.45238384897797984
-1.6450975950340911,-1.9182652650222318,0.7540290679643836
-1.9176688465179093,-0.5145308325219036,-0.3265794208820622
-1.7128690427830284,-1.9781292448253487,0.589094360926446
-1.803241875485447,-1.9373412649904258,0.6109299480930277
-1.826021400394268,-2.002680111737136,0.4463654629979785
-1.4939753784761682,-1.9877325338779215,0.6647967347318583
-1.4565214375753972,-1.8886596014423536,0.8412783577136125
-1.7806786161259331,-2.051154386380329,0.4367270535088749
-1.9163103038081009,-2.0149786239564844,0.49335849353744377
-1.569505989591321,-1.937342404554313,0.6960586239932223
-1.5919270213303978,-2.053303557638797,0.5255727428593187
-1.411331208664791,-1.9077374751846288,0.8291038241682851
-1.422447291910625,-0.06371866145178114,0.26982986760627536
-1.6973861390260663,-2.0140529836075665,0.5590069476465628
-1.667602562684486,-1.9708847950638975,0.5517850281403854
-1.0051068190355315,-1.4316836362220189,1.7869086194415156
-1.8407110732465368,-2.031423531138193,0.4328745696422089
-1.8103630659231966,-2.0601035543691535,0.4112737340020992
-1.7280697575400383,-1.9371090879762602,0.5855894548705181
-1.4567044934083004,-1.869792129942926,0.848796153353682
-1.8781726392661013,-2.1331286959241336,0.258906426584528
-1.5544807055484204,-1.9568628575536013,0.704567845765146
-1.7804269342238874,-2.0463317667264027,0.40658793855214576
-2.158716610424213,-0.6108016121991426,-0.6079337506262535
-1.6295994410395418,-1.9489245391037044,0.7189146948363537
-1.599663309340233,-1.9351527514609534,0.7142288993864003
-1.569549031062853,-1.7656452884219993,1.0674785985532265
-1.585515185490611,-1.8369195542226944,0.741158984421094
-1.9761090318827441,-2.1934352549842635,0.11465547486384187
-1.5320139164738498,-1.835363441355428,0.8665735626718211
-1.3208870406519997,-1.7373448536316483,1.1409860127006082
-1.5770973407394897,-1.861475362616307,0.8963650998178123
-1.6822998540328162,-2.0125155778038737,0.5474083300259003
-1.682688847677735,-1.9724222008675902,0.5633836457610478
-1.5474672005789927,-0.42497835169504394,0.008711919066320004
-1.7355951918602939,-2.02504246511945,0.4069355163628837
-1.6069294300169177,-2.025886407588391,0.5095230813151747
-1.9083680846089814,-2.1441002045826374,0.2896441015980728
-1.3734730172587821,-1.853748585973145,0.991183886883956
-0.7347788955735941,-1.2198488594005914,2.068513537055298
-1.6599626986004699,-1.9255089805734893,0.74554249032461
-2.0363931709053937,-2.1785270193960535,0.14094210595390505
-1.7657372613716185,-2.0175883473253453,0.42007883190791534
-1.8934801123089544,-2.1187046609917157,0.2839895241484153
-1.5925039866857835,-1.8094844313189091,0.9079184291741735
-1.9002638642139191,0.2720202377779476,0.42836083679001363
-1.7426144935306407,-2.008136271617155,0.5837488808122567
-1.7430263625319402,-1.9759395917319893,0.6072646363196241
-1.7730998059741223,-1.9447953827845306,0.597786632547996
-1.4714448262281632,-1.7397257965505886,1.215839429799201
-1.8785921333861952,-2.1035642483893406,0.28493566201596887
-1.4641051636047717,-1.8101603271539748,1.039071353614129
-1.5695136147101145,-1.9399746369046857,0.6985721039172954
-1.660145754433373,-1.9066415090740616,0.7530602859646796
-1.9236069315826918,-2.1059860784968656,0.29210587984530023
-1.6751127467671543,-2.0535537075063415,0.3681041297846046
-1.6558551917329125,-0.11461362663861195,0.18223300004630866
-1.2850195615606146,-1.5089376048295293,1.404624248953668
-1.7955742201674867,-2.068927031333076,0.43829439556539457
-1.6827117230341164,-1.9803188979187083,0.5709240855332678
-1.6148792743348304,-1.8993970593126102,0.7157509531786191
-1.8336203766612302,-1.9294453021495017,0.6491854187466418
-1.7806328654131718,-2.035360992278093,0.4216461739644351
-1.8334601961847081,-1.9562094707000475,0.6492080628787923
-1.5556602208568029,-1.664611812199493,1.1204605631515112
-1.5620186808650336,-1.8625701891629867,0.887279962121223
-1.320925166245968,-1.7505060153835112,1.1535534123209745
-1.9162730590374881,-0.6378850407279457,-0.3971040432720141
-1.8781726392661013,-2.1331286959241336,0.258906426584528
-1.3813923611015204,-1.716730308295874,1.187357839051107
-1.517164063145059,-1.833384190504916,0.880087100159741
-1.2606029016293503,-1.7522530892198578,1.1146993816105448
-1.8179190007186268,-2.158565860913834,0.24267371519075814
-1.5848134560114415,-1.9331735006104416,0.7277424368743205
-1.4562849992882065,-1.899356577477719,0.8227669179222411
-1.7578609656231439,-1.972654377881756,0.5887241389835572
-1.803089320127719,-1.9667376658913438,0.6134660721492515
-1.7203765176244672,-1.8733076470332433,0.7617525575862297
-1.6452434127191133,-0.5120490793057194,-0.1355163885222158
-2.014590820180256,-0.6554659905014195,-0.5278931591816258
-1.472172146927675,-1.8286039264599625,0.8738566067854188
-1.8193982737645902,-2.6692189368861308,0.7302888204609779
-1.8345150592330142,-2.6812852720913143,0.7519413577779336
-1.510723998971016,-2.4708004131659376,1.1649275379455988
-1.2996199918828144,-2.390933653481822,1.453481143063817
-1.2694702972526961,-2.3957555389255547,1.4378243475947121
-1.3224578151234865,-2.279584717808417,1.6587628770597078
-1.3224300238895417,-2.456546298641476,1.2923698623478501
-1.8420987852623891,-2.6027859978029353,0.9497343536784504
-1.540942319670277,-2.4896686188755597,1.2032056527313633
-2.1402361541580013,-0.9761904587615798,-0.7479236368778513
-1.2619677382888215,-2.3157188588334825,1.6240187258745664
-1.8947915731368699,-2.6637448041527327,0.7757145089439237
-1.3975411342618698,-2.445975747841207,1.3042032314949843
-1.6160381798050174,-2.473833603374546,1.2100120620303514
-1.706510139051753,-2.4672646440944663,1.2645228882098858
-1.3674219401069256,-2.4613265626864296,1.2986003557221726
-1.4202187704032876,-2.3716461117068937,1.5161083249402367
-1.1865668137977476,-2.3185607592165085,1.5760795574675477
-1.766880923226951,-2.576505295697988,0.9027122655942895
-1.5635742050989332,-2.3995455886390107,1.400029866632176
-1.7571372416109496,-0.6970792057417098,-0.3101279855245271
-1.5333558843996724,-2.3806773829293886,1.3617517518464113
-1.6989492883787594,-2.553660615433963,1.0742703320815892
-1.3824853497437946,-2.454967271439005,1.302658533570615
-1.7818146462397397,-2.6176942333911453,0.923447722588387
-1.4429906768160468,-2.4240975951146844,1.342429644603903
-1.73653291590361,-2.6051853189289487,0.8811114299541799
-1.5557616659011613,-2.491374071313127,1.1862389108643612
-1.8194668998337324,-2.6929090280394843,0.7529101397776379
-1.5783935513298182,-2.401251041076578,1.383063124765174
-1.4578405235221064,-2.436331976953743,1.335516822433194
-2.065964078384984,-0.8558461975724384,-0.7539035423825827
-1.4879749679146372,-2.4262456268092656,1.3461466580541526
-1.5181905793726684,-2.2576233222843376,1.7407638678554813
-1.3297163106813772,-2.367686141585481,1.4515435790644087
-1.616068680280192,-2.4843625327760357,1.2200659817266442
-1.8044236563120148,-2.519674506103478,1.1127314967169797
-1.6537209338741852,-2.559577327424375,1.0495283989158948
-1.2468890784143656,-2.316813685380163,1.6149335881779774
-1.4127009612018258,-2.2863449669140765,1.697275743371944
-1.2621431756256625,-2.283964023995136,1.6224223262733515
-1.6536828082802169,-2.546416165672511,1.0369609992955284
-2.186924052693699,-0.9836819906828316,-1.035093344165662
-1.751626826015653,-2.609354957083015,0.8952235274989159
-1.5708022001816495,-2.4771180830145836,1.1827566489405836
-1.9400046774038568,-2.652563627461576,0.795429482261471
-1.9400199276414443,-2.6578280921623203,0.8004564421096174
-1.3676709193904737,-2.26840354111726,1.6784778503772553
-1.5416211737930656,-2.3855179754366933,1.2090817605059168
-1.6236017397192408,-2.5749281422695973,1.0439255231430833
-1.6235712392440667,-2.5643992128681066,1.03387160344679
-1.67632994394646,-2.4615576001367074,1.2388121730444874
-1.623525488531305,-2.5486058187658713,1.0187907239023501
-2.1204770571148113,-0.589283201285769,-0.4659162390388677
-1.6536675580426297,-2.5411517009717666,1.0319340394473817
-1.6536828082802169,-2.546416165672511,1.0369609992955284
-1.4578557737596936,-2.441596441654488,1.3405437822813406
-1.706634909798269,-2.6045746930380616,0.8889930341245931
-1.284564207364739,-2.3999251770796204,1.4519364451394479
-1.638642273999729,-2.5606721539710544,1.0404432612193057
-1.6162212422606528,-2.4447110008865707,1.2109291423532091
-1.6612589091907979,-2.46528465903376,1.2322405152719715
-2.0680907646506177,-2.708048301077973,0.6668353260098897
-1.5032748158386962,-2.409189359526475,1.3687162756939661
-1.5548172041851391,-0.5344114326880338,-0.1749463351573106
-1.6162441176170332,-2.4526076979376894,1.2184695821254294
-1.254795881260746,-2.3620214532366957,1.449741485481417
-1.0813490502668335,-2.162256079328197,1.9200093674113128
-1.69910185035922,-2.514009083544498,1.065133492708154
-1.3676278779189417,-2.4401006572495736,1.3070578758172506
-1.7063908463922852,-2.6126394367230534,0.8679681144091482
-1.7214618811479476,-2.608912377826001,0.8745397721816641
-1.2920869324437652,-2.3003680439882603,1.6296216016473781
-1.5557692910199554,-2.4940063036635003,1.1887523907884345
-1.79683993028264,-2.598173780391858,0.9149385008164632
-1.3930908358836522,1.0167098711138207,1.1617159039455114
-1.3599270062618447,-2.3839221149447303,1.4873082139261
-1.480421742360437,-2.5152738304991344,1.1584075818499289
-1.706456763220198,-2.4488390176418573,1.2469285287413727
-1.8196548781669315,-2.478928147667334,1.1126797950401335
-1.4956529642153538,-2.4745274720629897,1.1583558801730829
-1.329967999206155,-2.3622536302508617,1.4750819787039269
-1.714012698015628,-2.547301324186538,1.0783285099300313
-1.676551131996064,-2.4455961594005973,1.2522966529877122
-2.0077608749152067,-2.707163142563947,0.6254678153753865
-1.4125816685423576,-2.4317197595426636,1.3007209695712068
-2.1032578388092324,-0.9816832985585521,-0.9303625212321864
-1.1865668137977476,-2.3185607592165085,1.5760795574675477
-1.5266187651065453,-2.4129351254871003,1.2251314220500609
-1.653919246567407,-2.5357191896371463,1.0554724390869
-1.5557692910199554,-2.4940063036635003,1.1887523907884345
-1.5635589548613456,-2.3942811239382653,1.3950029067840295
-1.3674295652257193,-2.463958795036803,1.301113835646246
-1.2317799180647349,-2.3073795825253516,1.5957945307850947
-1.5858884851748989,-2.478655488818277,1.194355266561246
-1.7970687434510368,-2.584844572006119,0.9309364606837609
-1.4580159608589476,-2.4045771421153956,1.333920422831979
-1.9909036279802497,-0.7076069955793131,-0.3852027417284283
-1.7290837327712905,-2.543574265289486,1.0849001677025472
-1.4955232775912741,-2.5220757010035726,1.1750331593187378
-1.6385965232869675,-2.544878759868819,1.025362381674866
-1.3827065377933974,-2.439005830702894,1.3161430135138397
-1.2318485441338773,-2.3310696736787055,1.6184158501017545
-1.4053079227468794,-2.338353871064854,1.5029133077183592
-1.0210420358878032,-2.1692676178652883,1.8861822965490296
-1.6388024610989833,-2.523652854431963,1.033819901769944
-1.5861020481057084,-2.460061815731794,1.205326266580398
-1.8497996569194861,-2.658964540107779,0.7694840155696008
-2.30225509433003,-0.6300887486203781,-0.7098936979770335
-1.7151352461612897,-0.37045673255471084,-0.20236877053399718
-1.5484269191553346,-2.376950324032336,1.3683234096189272
-1.5752780317832196,0.18526338506141474,0.4270280550403785
-1.8622226158992863,-0.7031864733475085,-0.28764213662428395
-1.8963385312801888,-0.2724774871019352,-0.12010096114902656
-1.601754082004385,-0.3489799430401158,-0.08223854779003896
-1.8677905553197753,-0.14297438989131542,-0.05017489881589034
-1.8356653986126206,-0.32747909962642824,-0.16236290797423725
-2.014633861651788,-0.4837688743691057,-0.15647318462162152
-1.8204723089744046,-0.37113148882588953,-0.1563445219942362
-1.6361570945643509,-0.7590923568032945,-0.38621700321202085
-2.142272663544511,-0.7457795763533552,-0.6774895910165011
-2.054170069274562,-0.357969187510139,-0.25404059751479713
-2.012493303220665,-0.8750741450952089,-0.6118343291183511
-2.0043451528322627,-1.0151665001696712,-0.8306069564700111
-1.9118290601559444,-0.23918598067008973,-0.08750006794507006
-1.8416806223114268,-0.5710691166398953,-0.40303866051244447
-2.338043560010393,-0.7267242115925924,-0.5895219159175724
-2.0430243663769088,-0.8275266503648205,-0.582715697838172
-1.8786513059186696,-0.5731991754810969,-0.21651254076497153
-1.7319425954655685,-0.010253315167093421,0.23856175615195413
-1.597279576024935,0.04999291543068427,0.22391222315782316
-2.0577064074876525,-0.8638929684040516,-0.5921193558008037
-2.0244474938833306,-0.33585885776945085,-0.24115467762838802
-1.7327739585869615,0.05150781225286518,0.28810674709076234
-1.9717623311276429,-0.27753228377002714,-0.06462135296978802
-1.6832999035728808,-0.5626900927070672,-0.2784509804324599
-1.7355884552633083,0.36210544853365667,0.3904914244224075
-1.895766481802367,-0.3314383355376463,-0.14359407252424355
-1.9537880075113399,-0.7477607009779488,-0.5600785421783929
-1.6330604165865048,-0.0440103151911572,0.3417705252932111
-1.5421002841686768,-0.1384946787610461,0.29141486690326573
-1.705504676385382,-0.4892441466663918,-0.1167701972043725
-2.0443515211654555,-0.6907374819939707,-0.5282116794476686
-1.7731540626290332,-0.5992885877604637,-0.26251414517258215
-1.6254793997983594,-0.3100000997140855,-0.21236156562287017
-1.81930533466238,-0.48115648864619387,-0.21087118451689005
-2.1863416688558543,-0.8525200965336204,-0.7047608404493878
-2.1573436983001733,-0.7420525174563029,-0.6709179332439853
-1.655267892017504,-0.16831001037357787,0.1537129288229451
-1.9794174454492461,-0.3281725629611805,-0.25335185530586596
-2.1528996994186294,-0.3433534573984469,-0.3613139579170414
-1.9083689720550694,-0.7699126521174157,-0.5948517509082296
-1.6504577748474218,0.18239897569687644,0.4548820281869611
-1.9863403298165057,-0.46453785913859047,-0.46555282488501026
-1.5951668088277575,-0.16435077446235996,0.13494409337295138
-2.0336939925146154,-0.06205141172133012,0.009523292929266527
-1.7607144687168146,-0.3112854818761522,-0.17421892125352212
-1.7606992184792274,-0.30602101717540686,-0.17924588110166875
-1.8737218960891198,-0.3678649820392297,-0.31189821520169253
-1.5949837529948545,-0.18321824596178748,0.12742629773288194
-1.7603483504282769,-0.35927555586355364,-0.1826537972164498
-1.8272273877463479,-0.5316287212034726,-0.3710363273653035
-1.883044645908341,-0.12037985949483543,-0.036085445403305105
-1.8865199831710822,-0.605245781585767,-0.39427204308189817
-1.8193205848999672,-0.48642095334693924,-0.20584422466874347
-2.2829966573967124,-1.0654092180668362,-0.8884349310161375
-2.076583482517577,-0.4610429772557037,-0.4336406738899849
-1.9301847445999198,-0.7468152140015702,-0.44254556809807877
-1.8800013426863291,-0.4340515731728187,-0.1610687979194595
-1.695853934947312,0.2124476238874612,0.48211479714457794
-2.0669834065941117,-0.6006144517574218,-0.33138746554685616
-1.8046309186704297,-0.44742240295733543,-0.198954046630185
-1.9403568700012068,-0.5482828910641412,-0.5213056650659907
-1.8886098750118792,-0.3830053946416049,-0.3128443530692462
-1.4822051321682146,-0.12356466840151842,0.2877042668655614
-0.09369450525166706,-0.7972790801948116,-0.7793316803358595
-0.4042728563466994,-0.8785281695015318,-0.9492674464058247
-0.23162939963807053,-0.719091741954071,-0.4806512486154647
-0.6129255404137969,-1.5833140591946282,-0.6432298413808001
-0.2834905716475474,-1.6140320899970453,-0.5705637823519514
-0.4256868348839306,-1.8602256991175399,-1.0340496169404731
-0.13977671411555945,-1.3322955351712524,-0.31466282806088697
-0.2921724416949076,-1.3372013486714927,-0.01906838829471505
-0.370858435052901,-1.7627852873094978,-0.7711901578379128
-0.15653312889394624,-1.3707448787449643,-0.07821330824735723
-0.4196713937147639,-1.5725295680176505,-0.4583753788171183
-0.3135792653273168,-1.5881523457503322,-0.5750148262754329
0.15896660703127274,-0.6631389123914032,-0.6155444162338936
-0.7086959544902108,-1.9656858436899878,-1.1762360454023295
-0.35034403509682166,-1.3788348427167643,-0.20499732738070156
-0.295243947631018,-1.7842208607790075,-0.8301003262640831
0.14478081455619024,-1.4821373095912296,-0.17445774476064707
0.038261520570732184,-1.3677963997543028,-0.07548058916729684
-0.5159986335223404,-1.849655515422368,-0.9993182925804218
-0.45595568828202254,-1.3409532607502552,-0.15429710069804758
-0.18309056775705432,-1.588650292206481,-0.3267399772885815
-0.1691026442521505,-1.432887533452037,-0.3196346823376721
-0.17903828752377324,-1.5084910468272383,-0.5890529723876584
-0.0650321525093491,-0.628292497728602,-0.7471078168638224
0.19502291755183693,-1.249162299135206,0.26923040675488363
-0.04185819739886813,-1.7897135972549607,-0.6542664728950547
-0.0361479199270143,-1.361183616444863,-0.13647020542183658
-0.5850561440178736,-1.589503326713078,-0.39137450834424303
-0.06442154033724762,-1.3509308296565146,-0.3475211169234659
0.12977074763721694,-1.4060767369484637,-0.2209975029667735
-0.35564249654923186,-1.7575204555036557,-0.7991150728989765
-0.3655475996092878,-1.8841258254086444,-1.0389829907419883
-0.49997133763000684,-1.398502761512272,-0.21896485555108064
0.057893452844011054,-1.6496522266240405,-0.4146204797534244
-0.2779789909873715,-0.5668463740640257,-0.4296649631059789
-0.12337847158949466,-1.5548528103475254,-0.32293278168621653
-0.6213280910848571,-1.8169326463775346,-0.9756096699163677
-0.34062483762512474,-1.7796731408533164,-0.788092371202979
-0.4612389259877734,-1.6733538848822156,-0.7798446673333139
-0.1938346921709572,-1.604851112099152,-0.5475530008547684
-0.018895680367813958,-1.4490379687647748,-0.3448751761010056
-0.6146490460304895,-1.6386516234172555,-0.40078457971941966
0.16339069613364765,-1.6757416389034074,-0.46062208416103495
-0.5707707812754305,-1.423379685191018,-0.4228884925772911
-0.48611587765458664,-1.854309354232225,-0.986409728561862
0.024807010999318386,-0.8060360825782462,-0.60176667529832
0.04259357180629198,-1.5813203043985182,-0.42505443869966664
0.011452326955526617,-1.4777179919957357,-0.3664760117411154
0.034247299704099156,-1.3322431734962183,0.10825785313930156
-0.5092891211064581,-1.609569908117866,-0.46755069866582294
-0.1680958173029882,-1.567424019664528,-0.3411804124064204
-0.4018700197705147,-1.6657106798931123,-0.7223373130025514
0.2601984111434703,-1.3763568872648622,0.014381608826608055
-0.5311840781735672,-1.8341362868381734,-0.9880480125328627
-0.6121094010390631,-1.6913601752695175,-0.6613450112026167
0.05484276594784398,-1.5271800985216324,-0.1440740609703854
-0.24321498989442142,-0.8826470559705669,-0.7624807742711529
-0.47089993915091766,-1.849044522426383,-1.0143346436229257
-0.5965426077299073,-1.7188396201747294,-0.7058792730128838
0.024715946674106527,-1.5144615160267823,-0.13595770527350046
0.024418474322907217,-1.4735467438516663,-0.13034200267559884
0.08490855778030447,-1.519936015865278,-0.15848543854352887
0.2704925277166411,-1.3206102872617964,0.2580763568861059
-0.2586593375798356,-1.5001456696920037,-0.31591426499290726
-0.40417325958841066,-1.5724234491334839,-0.5132918978967815
-0.22315305679334257,-1.6105146991326467,-0.6144447729105277
-0.24538836730076038,-1.2944139532047436,-0.26396260137823296
-0.05357359420713628,0.24590362107482355,0.25168060782923696
-0.4050732421562143,-1.5446075438554256,-0.43452487232410264
-0.5065511567990777,-1.6963917287459036,-0.7274544550028138
-0.4710267230376849,-1.3372262018532028,-0.14772544292553183
-0.4097967845071502,-1.4667082585026983,-0.20185282596060156
-0.28365073225587345,-1.618033314412139,-0.5507842805324681
-0.22831133025649505,-1.5288256929229642,-0.33751510063301676
-0.3494592431620173,-1.504211391592485,-0.21933095525033303
-0.40379953604927515,-1.5870158978048734,-0.5440423997354161
0.024921857995194405,-1.4946668975094526,-0.1708180866374232
-0.3111234635289603,-1.7210911083994247,-0.7749234020077678
-0.03237306529560873,-0.8951743486398359,-0.8636208224598086
-0.5763971824405542,-1.822955110147016,-0.9683330392153153
-0.4157588498447614,-1.73597876314998,-0.7951214235524696
0.17003914799459297,-1.3644177115049687,0.03184691129124945
-0.6819859536466423,-1.7874319621179355,-0.91857253698767
-0.29926333588237913,-1.5140510847122457,-0.5505755770326622
-0.5256720869040077,-1.422768692195033,-0.43790484361979515
-0.048038548048770065,-1.5787525695335334,-0.3507641107006489
-0.5060706484831713,-1.7254085794548075,-0.7603900991924183
-0.47635567834253745,-1.7366958750301313,-0.7251885534303022
-0.26209903136638546,-1.317069902676219,-0.04259396110914303
-0.21896097268925957,-0.47518323742113633,-0.38855183861206904
-0.26857969750021105,-1.6217603733091914,-0.5573559383049839
-0.41938917160115197,-1.618708804893512,-0.4589641215668733
-0.17505705135730815,-1.7508014606916777,-0.8824131832675575
-0.3435153970266257,-1.6019241333930831,-0.5703290308254794
-0.38555574626942785,-1.7736506770838354,-0.7953690019040318
-0.1932292461033807,-1.1787578085122281,0.2955857325995592
0.16008828759904298,-1.4965613445236472,-0.19954084232453417
-0.34940589382139,-1.4447652411856908,-0.2633281759876909
-0.25861358686707386,-1.4843522755897676,-0.33099514453734696
-0.26836616106032973,-1.5993335224414895,-0.5947297995929802
-0.17383939633872397,-0.47693067836257974,-0.4045079141095818
-0.5520007059759872,-1.6642584450308342,-0.6958287572111064
-0.5255576770084434,-1.4345608618821752,-0.44260346589483845
-0.5968782387887347,-1.639810354808744,-0.7206997473806718
-0.22845620751357387,-1.5788381075800448,-0.2897589820756243
0.0694179825454249,-1.414858592513608,-0.17208955256005073
-0.13875463692880988,-1.461567556682998,-0.34123551797778184
-0.20879897526350882,-1.5642728002968824,-0.5761700620192786
-0.20773110762760563,-1.7392822136376707,-0.5782193395773461
-0.6367728493796551,-1.7986131388090927,-0.9382875103052173
-0.3640421709739078,-1.485848427099779,-0.2746112828603399
0.2354582678918984,-0.8228383980755533,-0.6796740172884109
-0.32379463858462293,-0.5174884093271944,-0.36980224339971024
-0.07835608801059611,-1.48826796195835,-0.37222077134288845
-0.4200142127920733,-2.1729711802461025,-0.03503516232489275
-0.3141432724542291,-2.1726325172426724,-0.13819012983998286
-0.2844054600708745,-2.124747460824147,-0.14353260043614285
0.29479740213450195,-1.9537885312280479,0.11396594163187836
-0.47759082175519685,-2.3579650045728853,-0.19259121470341517
-0.20279074860375212,-1.9150270228372437,0.41126200569524496
-0.2815148410647857,-2.3947926471812986,-0.3018895029587415
-0.25410322995122364,-2.1282003542031576,-0.17645541780065765
-0.20103958564460936,-2.4057267997426415,-0.665117217650577
-0.32740747194693814,-1.052820103857071,-1.0441475492989765
-0.18407408224952412,-2.1230557541869364,0.12291252394388695
0.038200956720694866,-2.0656929038013487,0.38027446116122976
-0.47778148283869737,-2.3724951583894693,-0.1627577931876385
-0.5680934073090153,-2.1670774859119146,-0.2534400598546005
-0.021877363699114683,-1.887418215856159,0.2792906964464128
-0.21809051043229524,-2.0312874584055565,0.5196409224588044
-0.40481348478959944,-2.2345015990722836,-0.01832882563454245
-0.2816522190349787,-2.247325340705624,-0.3820604553524353
0.046974394420898395,-2.4134881668078934,-0.13537553881277387
-0.06738016287567158,-2.0685580473760807,0.45392434473364657
-0.21655836488240818,-0.7228188008511234,-0.4872229063879805
-0.19951890677164194,-2.00218493673303,0.09422753038292507
0.249721702328636,-2.131095184966751,0.2402547286119642
-0.43237771748820975,-2.369146181264042,-0.21230618802096254
-0.22959231710016403,-2.0223163827283033,0.11775310319735305
0.06339829583148048,-1.979286295506616,0.6132876719229239
-0.25996314017529754,-2.093829235445379,0.2063008164645837
-0.027203389775727022,-1.8636383213546759,0.6115169270535362
-0.47766719877504105,-2.1894398392942294,-0.29287000648969524
0.08709013345683411,-2.1783506446467378,0.009321306313646032
0.18921634214272354,-2.0489498536996984,0.24702226305919597
-0.2561939363880558,-0.6445788556677846,-0.9069157118049845
0.5378742040682124,-1.7522504989800787,0.8147427983630099
-0.036948398454777036,-1.8836911569591066,0.2858623542189286
0.033080749246922427,-1.8785465569428854,0.5852302959634731
-0.2297676617187575,-2.1341333817296073,0.20856671803709498
-0.34477334956834593,-2.333641269872419,0.03581590084574
0.3648418663011087,-2.045930776396546,0.47431407670038794
0.25948180892243744,-1.8699098719250065,0.4090658893025669
-0.06369639906040586,-2.2699536890654044,0.1661798364516489
0.053500844381145884,-2.1442799570154176,0.3973091354246832
0.5978914970467449,-1.910562521774064,0.9094315412015682
0.15710054466455667,0.22674287164008816,0.1728335413841373
-0.4174440010981525,-2.3177021125823383,-0.23964236033227104
-0.38724099024106684,-2.2118021926765437,-0.33229995312479
-0.13398486702840862,-2.262042879108832,-0.1137369410465154
-0.2541031372329757,-2.2717721880428074,-0.0840454033597004
0.16862853413143225,-1.9026563512666435,0.5298442738308656
0.3947855833828192,-1.967995970472143,0.427510509423094
-0.6980710695972687,-2.226087984717365,-0.5183016114585048
-0.16399734263390167,-2.15856515641566,-0.17632636079678607
0.15281480116990817,-2.372402778263223,-0.26148016321762685
-0.4289706467205919,-1.8986046246370478,0.5475390711440814
-0.03759754020749835,-0.5486509964817253,-0.5038005804509452
-0.31156550186883475,-2.2121799073430717,-0.41131796094354667
-0.02205264871312015,-2.0915313937543805,0.42951074914105575
-0.08871076181107253,-2.252166196997008,-0.15355975375664907
-0.5926194511884859,-2.46281827988135,-0.4238087452946622
0.11392976131989431,-1.9553488131183498,0.224255656019059
0.1989765414547728,-1.9313363744976042,0.5082434381907559
-0.3117942885463035,-2.2398712229115194,-0.36891713980740376
-0.29970524839034557,-2.199987372438274,-0.06155654494142799
-0.4118662864967627,-2.346914518418441,-0.5954069905789122
0.15948612176450244,-2.0429270228251197,0.21684767714522635
-0.25969708223628807,-0.7300648606025781,-0.7001596802121722
0.023046045658302653,-2.090920400758395,0.41449439809855176
-0.3298396331782888,-2.282197201190715,0.008479728534431163
-0.13934145318478328,-2.1564957351119216,0.1691367714020002
-0.2595436659234003,-2.0926282900145323,0.1604694350815093
0.0173507998738803,-2.175766594245716,-0.3261524346907826
-0.07358631811019488,-2.288743284384184,-0.14472219441162196
-0.021549324645420944,-2.0203553685152493,0.32962822732433034
0.14361432370360153,-2.1207368719348145,0.36192113591842545
-0.0935106546909246,-2.0467622703198107,0.005236362089416476
0.12877204251174793,-2.038042842526582,0.2930883959687423
0.14223544772091015,0.2092440251002845,0.170947679061575
0.14381260990589576,-2.103574485767858,0.3295742344785757
0.0019213845349174863,-2.295754455816178,-0.201447220486822
-0.018452887036492175,-2.1270341025154207,0.04400092899685144
-0.16402790271366416,-2.0767979069202323,-0.22567887895539335
0.12872626530805817,-2.0128157126746324,0.28176641424433735
0.008043577367194932,-1.9712070718110712,0.3390382986995069
-0.2693344253152121,-2.128474519721199,-0.15010425820865866
0.12885601815945769,-2.1629152515006798,0.3644508465621042
0.1441633653704025,-1.982491797650715,0.21395415797120398
-0.22402206867199997,-2.3002841646398937,-0.07708087951214575
-0.05115836434171129,-0.7005805774549503,-0.5592507367090022
-0.15384819603605734,-2.0092591372300244,0.022714491379148327
-0.4926924232133537,-2.2622155651918585,-0.24197279040671824
-0.3267279122181129,-2.4348871254328732,-0.24917095305513817
0.27412577742106875,-1.9287457635460101,0.48384266942325505
-0.08158183474788078,-1.9185834653647413,0.2729700209199744
0.15236479332917643,-2.332856998152828,-0.23859843872431552
-0.14926940511029244,-2.332018326022214,-0.03678784539994706
-0.19357499440893025,-2.202448988419092,-0.19076339202010917
-0.48083216973486453,-2.250023030287061,0.10778862559540045
0.2393136341086112,-1.9685385677862202,0.8044736863042311
0.1889816445884596,0.04004777460142146,0.08827116725844608
-0.07911072310734917,-2.1385539422100077,0.1274409231943942
0.10249670655307591,-2.117535135070125,-0.074839891532039
0.008638462465005617,-1.9607404372643855,0.26840045564880277
-0.6647943706557273,-2.4296109846452434,-0.7636324717792697
0.4253776011302878,-1.922699689479725,0.33207903152984986
-0.4873282119381854,-2.3651304768383965,-0.527359982779307
-0.0736320423320286,-2.3455572024406055,-0.10323845359833732
-0.04345197305864362,-2.1450026697004643,-0.2543627597907485
-0.05230912812000923,-2.0722851062731333,0.44735268696113073
0.05318046355990575,-2.0599862269486873,0.3774617012087487
-0.7502049262477644,-0.8890597612570736,-0.8115358651847349
-0.3033313431899511,-0.8611053636168906,-0.7584871249246459
0.17461053235172017,-2.0282284552695633,0.1926816599041975
0.43094350467269416,-2.3235720784562366,1.3992857816685125
-0.03494979251563445,-2.6565550170922423,0.5469961938399186
-0.09833799426600634,-2.5376002798542334,0.8614236031815339
0.025624200362152717,-2.7252653881944875,0.5242080553932383
0.08584733843445312,-2.761231482585678,0.5180292636957615
-0.17378469596076965,-2.5095312496192577,0.8980407898641476
-0.19524489542473417,-2.7789078731507053,0.35968871135194297
0.5595911094350889,-2.5920425029125345,0.8353648718198713
-0.21026255434884122,-2.756755187801044,0.3486660096559455
-0.11334931950405865,-0.5130648193876454,-0.4392520652947231
0.11306838118276244,-2.6527411772637715,0.7657067848105789
0.2582238232670572,-2.55035135346161,0.98220724438773
-0.08321358367878853,-2.522901712298677,0.837257585940505
-0.09476866683723284,-2.6861832279022293,0.5519748559057353
-0.04442013797254622,-2.8279706318083715,0.2892735113517417
-0.4635338350808387,-2.855350799909151,0.22753997186677452
0.13755638556378105,-2.5034782478973034,1.0344521689947532
0.2734245181558711,-2.56060611734506,0.9659100044920242
-0.18011285971872282,-2.761577073244777,0.3330092141868409
-0.05317064071178099,-2.564574850647626,0.8567895094084262
0.14247688957061244,-0.5131889493737871,-0.5507098422508396
0.05572051916071566,-2.748512900090828,0.5261456193926465
0.5244280252216288,-2.4657743275905872,1.0867959363263053
-0.19507710969761452,-2.7722744163852386,0.3373957296083863
0.21855034112115174,-2.6328193993011517,0.691728563665059
-0.30739827529869745,-2.9744784417232317,-0.14367163762355817
0.34343835601539524,-2.468429803132666,1.2108984682298143
0.007159249023630259,-2.5636896921336003,0.8154219987739234
-0.19519151959317887,-2.7604822466980963,0.3420943518834297
0.007555854541878683,-2.5806405747424184,0.7837317724802799
0.29807268314521557,-2.407341963563497,1.214875886856715
-0.03653470924776702,0.03935124355892493,0.16429264692597473
-0.15551803744727336,-2.678014200858555,0.6325730326061011
0.9799280726697378,-2.212501878523945,1.721465299791143
-0.0045178691491720374,-2.7178112704003823,0.53735137093827
-0.029402512162099173,-2.798847662215301,0.267292636461683
0.28836589277838187,-2.5578054712557146,0.9690639288426984
-0.10346576063125246,-2.4556374752316072,1.1349000710799624
0.3540752440265487,-2.654570759687481,0.6372822659874602
0.37873869236714064,-2.5473177961479054,0.9142247650900608
0.022344693674856995,-2.579208920717795,0.8041517187263642
-0.17041366135702243,-2.6650214528456635,0.6143382287109871
-0.4721560287242489,-0.506436002071331,-0.5612155369108177
0.4488593150034356,-2.4695658839730266,1.1570280864768805
0.28854130362429525,-2.5485397821398763,0.9442574671750689
-0.2856711039587083,-2.756545519768391,0.3991186579870377
0.4939961349688264,-2.455793729225179,1.1294443358140098
-0.32105534973084343,-2.655336427664518,0.6904370637055414
-0.17079504312861157,-2.601785581581914,0.614598633887639
0.12778090290048452,-2.575080536857411,0.745254377125284
0.09138696055553475,-2.8548807051163765,0.20783560965554287
-0.14997841532619177,-2.7716634233892536,0.32237937856588234
0.2583992341129705,-2.541085664345771,0.9574007827201004
-0.18641629537108345,-0.730272918645228,-0.5003662219330121
0.040626575935012475,-2.701406883302161,0.5072541403513262
-0.25547565861582827,-2.7455740111098867,0.36838098297349287
-0.23092662017080062,-2.626528877883169,0.650022104351137
-0.1346785607794007,-2.79897482166059,0.3064104762432798
0.4638998161702635,-2.4325462173288375,1.1275067718146017
0.010720951333610066,-2.7149048725319678,0.5084867314221978
0.12800975580527324,-2.6499405311744266,0.768860709161253
0.05248676318618171,-2.5866630385118996,0.7910084031813327
-0.3125947008467464,-2.8649300733112275,0.1194225730054737
-0.02934910321688385,-2.8316976907054237,0.2827018535792259
-0.3894306413821657,-0.8586708890242996,-0.9464418596282538
0.06096269542152596,-2.8422678744005965,0.2479705292191745
-0.0045178691491720374,-2.7178112704003823,0.53735137093827
0.16126351316311394,-2.758808918267959,0.46506313544059624
-0.027950426244614492,-2.4702715453017756,1.0822622803979005
-0.12520055709003533,-2.676202629536821,0.5946232553934397
-0.3427367703580711,-2.8574759555171227,0.1325658885505053
-0.2403435897961569,-2.77951886614669,0.37470506239444695
-0.004632279044736388,-2.7060191007132404,0.5420499932133133
-0.029280444034081213,-2.8592832544948026,0.293084110848622
0.15777806866380242,-2.5915265453544105,0.7534643188688002
-0.5210887180166619,-1.0674377728152677,-1.180657150555511
-0.02307434840414599,-2.5468018385897815,0.8323242121389898
-0.08298476388765988,-2.5464860516729613,0.8278603413904182
0.23327817930378109,-2.652445604079509,0.7322563493037293
0.3236509788925399,-2.641957928971701,0.6774171855510916
0.11288531210439551,-2.6133634437872515,0.760023149816226
-0.13383664993370575,-2.4245990180632186,1.1574406311750807
-0.2826204170625413,-2.879017647870798,0.1285722392039988
-0.2555900353977326,-2.7850574963654764,0.40608318183459235
-0.18869554361717789,-2.5428234902612967,0.9112358070860248
0.13771654617210718,-2.4994770234822097,1.0146726671752702
0.23328447987617576,-0.5987871740198507,-0.5904001940625863
0.010492164656141369,-2.742596188100416,0.5508875525583405
-0.08059762127210605,-2.651839250532676,0.617569508388687
-0.20038032002243378,-2.6483016459357196,0.6026750825883891
0.33888983248898197,-2.690327186046018,0.6815561226210753
-0.11030496629394626,-2.63791972260698,0.5798544827024975
0.4035241757220906,-2.4492247699451006,1.1839551619935447
0.5695420029442989,-2.5111745248365884,1.0997562020217109
-0.0530104801034549,-2.5605736262325327,0.8370100075889432
0.36366765761147835,-2.5435907372508533,0.9207964228625766
0.5093569904659665,-2.4620472686935346,1.0933675940988212
-0.25926994975193723,-0.7775073377640912,-0.715500964933264
-0.08957986640797799,-2.7983638286646055,0.2913941252007758
-0.37297796641371295,-2.884240858277863,0.17838444310848975
0.17305504123148063,-2.6164795096883187,0.7384351410012063
-0.04978438236137448,-2.6737800652191015,0.5416571271382746
0.07731799725389338,-2.472776618206858,1.0456579205403767
-0.06840186256669738,-2.523828492211482,0.8567378077315805
-0.3126480766783017,-2.883355699763836,0.137016932473987
-0.1801204848375165,-2.764209305595149,0.33552269411091395
-0.21539794583288085,-2.6774246155287904,0.6246559574784477
0.4337653717777324,-2.4224598671843602,1.13813660743556
-0.21366023996670158,-0.8056393970640664,-0.7669061645444544
-0.3279337574665341,-0.9985761232962168,-1.0225338868337768
0.26670734750753516,-2.752048302057202,0.403652313915443
0.17336144233408834,0.10037724799675662,0.11739621195117021
-0.08347422186875868,-0.46907523560514336,-0.4568335979381461
-0.2037755280380328,-0.49070246600533096,-0.39982211865962836
-0.48017719762372,-0.8032904605179869,-0.8938557706230374
-0.06535250021692932,-0.5952744226046037,-0.7339516744937008
-0.26389188133356256,-0.4691607736516549,-0.3958284693131215
-0.44944780852879035,-0.895206355012697,-0.9157170114397992
-0.05042612776463548,-0.7965607254297536,-0.5761204886348577
0.2627121978497576,0.18886128967357904,0.12213331470148335
-0.19973329092121878,-0.7119550210667894,-0.7132901689321138
-0.1531091290680274,-0.871991334228883,-0.7887545785361262
-0.008172423922002292,-0.506136156543014,-0.4720975273322121
-0.09265720431825812,-0.8802661130516263,-0.8373341913697455
-0.14082208389080544,-0.5648469584321996,-0.6963947633560784
-0.3596089195784211,-0.8331069316944062,-0.9464290328031638
-0.4129776083731724,-0.5993389942385505,-0.39683232789357975
0.04151004994614973,-0.7860123654571428,-0.8206218356433368
-0.5235368615825647,-0.9831424327585337,-0.950258478161193
-0.2782078107785002,-0.5432620346897412,-0.42026771855589207
0.03740178182554686,0.1669388531942265,0.1896972742739339
-0.34360733555246076,-0.9566722763534905,-0.9758144826725398
-0.36382142002461637,-0.8249712225918252,-0.7237429737395047
-0.31314491833355573,-0.9971444692715934,-1.0021139405876929
-0.0351034044841955,-0.8057202956614259,-0.6062305460468913
-0.37490877412521223,-0.8057955334230694,-0.9304601304805612
-0.1580742903363458,-0.52826826105502,-0.4549862160908536
0.025440081295685087,-0.874704465176615,-0.6255654801144896
-0.13993707037955883,-0.8480254675674841,-0.5874809508345322
-0.5667976139508026,-0.9812285551732195,-1.1559831497862683
0.38643818901263266,-0.16641906486796562,-0.060121922269840755
0.06416773744277718,-0.6366420743216014,-0.3336489087156566
-0.28984677686640653,-0.725242975158846,-0.6845028847430675
0.007066396560779881,-0.5032297586746,-0.5009621668482843
-0.4914424401724908,-0.9998638496584815,-1.1888414386488473
-0.07999616104360241,-0.827557194094267,-0.5996717150994654
-0.38207304987696766,-0.49342184639221887,-0.5865496167207824
-0.4488986410300815,-0.9518087695109796,-0.9382703983600075
0.00769446991736672,0.1295827261771908,0.18498582517380052
0.022559566861013194,0.14708157271699446,0.1868716874963629
-0.3066034662030915,-0.5238493105646231,-0.6241065278584048
0.03784916148726495,-0.5767200267167013,-0.5404177671335588
-0.1532845730276006,-0.82998136840199,-0.7969516934545522
0.21802537910236655,0.145798485803882,0.12023462555383109
-0.19945872041732826,-0.719745966338838,-0.7377682930266402
-0.5844235439354785,-0.9300574091246502,-0.8838241006824087
-0.27486727002719563,-0.7195362983061846,-0.6873156446955485
-0.27623257690063807,-0.5548877677330123,-0.6466470879535231
-0.24100849173682906,-0.6600980842519791,-0.9181859918525438
0.16361142059201098,-0.9738439104412682,-0.9361566363090447
-0.1552295412521946,-0.6295144837205721,-0.7170751147788145
-0.12578892666174096,-0.7805576632948644,-0.5407487198482054
-0.05257704704670925,-0.5543576733343869,-0.5009878204984641
0.5806226104236653,-0.03562985128508501,-0.07413441473188642
0.2049348166089846,-0.7521484090176991,-0.6662702965667273
-0.3340225801999847,-0.7970488313245033,-0.7227904224594061
-0.30431526829180444,-0.7596927043074677,-0.7180789733592727
0.008095857421684546,-0.44130219461077036,-0.6730979230320641
-0.4187565715187567,-0.9592628873050845,-0.951413713905039
-0.4412588539021994,-0.5917184398005746,-0.6053697594711359
-0.3496427824543559,-0.7367193579291681,-0.6936653777666819
-0.017691010939401095,-0.8793182925776976,-0.8410157338627546
-0.3581292028094142,-1.0095476319547207,-0.9917962118202323
-0.32958125996266074,-0.8287688798013687,-0.954873726073152
-0.3033313431899511,-0.8611053636168906,-0.7584871249246459
2.357344985153456,-0.6518217924105836,-0.23129350806038945
2.115041448128102,-0.47190871924889444,-0.07822103649469406
2.3331393434002754,-0.48844332934649376,-0.02648597270452427
2.3433498603846066,-1.466545166782372,0.18656045721429204
2.229381587491725,-1.3491989345213926,0.40354593001000005
2.4034738255534656,-1.4649443648085825,0.16685189730928962
1.9814848523949193,-1.3605867156911153,0.3508583149397319
2.1922962831412898,-1.3938980687504214,0.2663729017645802
2.212540948998258,-1.0639533849072587,0.41898269757014545
2.33393297829162,-1.1786734778311017,0.33257935500970665
1.9210176575393674,-1.3268110086034781,0.38466274166986447
2.0866388659978634,-1.351299618909055,0.3189525773572515
2.46944223359551,-0.5903814436053904,-0.11288290185241819
2.221294253696971,-1.283430489673104,0.3002158089699826
2.418544860309128,-1.4686714237056349,0.16028023953677384
2.350170993982039,-1.3026806675370048,0.2780817500317483
2.252763477996842,-1.4276737758380584,0.2325684750344476
2.1171241651958805,-1.3941302457645868,0.2917133949870897
2.041768991417569,-1.3754949512793246,0.32457168384966867
2.176744726824257,-1.3406438971673715,0.29267877309227824
2.0412655878770862,-1.3236094046558988,0.34524562185985963
2.5543443469638794,-1.5187239913411057,0.09455724839907093
2.454661430190709,-1.2249989865695199,0.27342802164451957
2.4700905077703403,-0.5819994445831892,-0.18791367373721304
1.9969371894493868,-1.3044880739893596,0.26481766818402974
2.0571603738808117,-1.4122400853003754,0.30484388370703136
2.3584208951402688,-1.4702722256794243,0.17998879944177623
2.283065721361957,-1.4516369311941624,0.21284708830435523
2.2669878795253284,-1.3441387790502581,0.26076662209725293
2.2674912830658114,-1.396024325673684,0.240092684087062
2.349987938149136,-1.2838131960375772,0.28559954567181767
2.2525804221639394,-1.4088063043386307,0.240086270674517
2.2958027942481065,-1.2148037284735134,0.3021273249427247
2.7501076249336998,-1.5506667194407877,0.015703768541426372
2.026285624069367,-0.6217120432988564,-0.1073909750752329
2.5540011172771866,-1.483347482279679,0.10865311522420111
2.297633352577136,-1.4034784434677887,0.2269493685420304
2.063317930083971,-1.1799810018695833,0.4236171857197393
2.5069803366602827,-1.2858500245316749,0.20260632048743416
2.417698227081952,-1.3814093680207822,0.19505004437209497
2.205056238006552,-1.1594232999672007,0.35471341394794104
2.1913123580394362,-1.292485409440998,0.3067810533299534
2.3049578897150518,-1.2914994908458477,0.2977967233492957
2.162337269462868,-1.405311422455744,0.27199842166954236
2.025851323434731,-1.2845058366974198,0.36591314645750567
1.9376746706449794,-0.7112478217031917,-0.19091774753037555
2.297976582263829,-1.4388549525292156,0.2128535017169002
2.614628485986529,-1.5336322269293152,0.06827061730900774
1.9506792054893214,-1.2847380137115854,0.39125363968001514
2.207550373729855,-1.416492599146901,0.252283448351995
2.4854670770963074,-1.3008476885490496,0.2330326969042363
2.408784748529449,-1.1454232256929382,0.3203950041573186
1.6952953658911245,-1.3062816342091186,0.4691417414324712
2.1172843390496707,-1.4106392833265857,0.28513532380202894
2.4488471036742427,-1.4926345790617388,0.1405588528066815
2.2580744009728253,-1.1081526367224142,0.38611158188247646
2.331468958925036,-0.3162776519142173,0.04211391251110929
2.4160507245858254,-1.2116021245259345,0.26271020513271987
2.252763477996842,-1.4276737758380584,0.2325684750344476
2.1022133042940085,-1.4069122244295333,0.2917069815745448
1.973334170499255,-1.3023479708335013,0.5086860409577079
2.2371890397006964,-1.3720611703175802,0.25981407081715435
1.921582015671075,-1.2858527795040977,0.29767595704660865
1.9967770155955966,-1.2879790364273607,0.2713957393690905
2.252260074456359,-1.3757882292146326,0.25324241304463857
2.3887840930966084,-1.401391605312722,0.09395456609861905
2.0704008503074443,-1.2272924292031522,0.37345018233520993
2.042180410073093,-0.7103427239433328,-0.14779271322806112
2.583479609394238,-1.4224070158883588,0.1227618088744213
2.297313004869556,-1.3704603683437908,0.2401055109121519
2.1470831788743023,-1.382716892059264,0.2860878750821276
2.086318518290283,-1.318281543785057,0.332108719727373
2.508971068843102,-1.4910337770879494,0.1208502929016791
2.373148700209238,-1.43862277551505,0.18751300849439062
2.3584208951402688,-1.4702722256794243,0.17998879944177623
2.086799039851653,-1.3678086564710545,0.3123745061721907
2.327775422088461,-1.4109325612618935,0.2138060529969988
2.28805629663036,-1.0990977169545197,0.3795463375225057
2.374406752091938,-0.8607326038639107,-0.3196211934186603
1.8753240317110096,-1.2661027192263232,0.42411192854259416
2.132195199951543,-1.3978573046616392,0.2851417372145739
2.2378526170949695,-1.440455754503005,0.23256206162190263
2.5235387000582814,-1.442875289361576,0.13495257313935427
2.538769908667734,-1.4631113858206273,0.1218028441817777
2.072231408636474,-1.415967144197428,0.2982722259345155
2.0871422695383464,-1.403185165532481,0.2982786393470605
2.2676514569196016,-1.4125333632356831,0.2335146129020012
2.1022133042940085,-1.4069122244295333,0.2917069815745448
2.5381063312734606,-1.3947168016352025,0.1490548533770294
1.8619915703994174,-0.7340126013641289,-0.09618482915312326
2.8623650472295443,-1.5057354081975936,0.12753630356433682
2.6207860421896885,-1.3013731434985234,0.18704391932171566
2.327775422088461,-1.4109325612618935,0.2138060529969988
2.1164605878016074,-1.3257356615791618,0.31896540418234137
2.086478692144073,-1.3347905813470562,0.32553064854231223
2.176401497137564,-1.3052673881059447,0.30677463991740844
2.49390003408744,-1.487306718190897,0.1274219506741949
2.4935568044007472,-1.4519302091294701,0.1415178174993251
2.5243624513063447,-1.5277789111089999,0.10112249275904177
2.614468312132739,-1.5171231893673163,0.07484868849406857
2.3198759849945296,-0.6710325515062887,-0.09415254687769418
2.524248171862481,-1.2959751934161399,0.459946095651876
2.2958027942481065,-1.2148037284735134,0.3021273249427247
2.373331756042141,-1.4574902470144777,0.1799952128543212
2.3884027907978034,-1.46121730591153,0.17342355508180543
2.3433498603846066,-1.466545166782372,0.18656045721429204
2.636520654339624,-1.3734947865810003,0.1532202523539482
2.0400986069423297,-1.2033292738470485,0.39317156906530226
2.2829055475081668,-1.4351278936321632,0.21942515948941602
2.6212284911389463,-1.446102465844755,0.2326828279245895
2.252420248310149,-1.3922972667766316,0.2466643418595778
1.868591575551835,-0.6464828402795687,0.06822738146245856
2.254509630200582,-0.8248925676027189,-0.34301842757833745
2.282722491675264,-1.4162604221327355,0.2269429551294854
2.116041398327186,-1.7679072395175048,0.648627544205498
1.9473541238767411,-1.611980839390352,0.9590736611990761
2.160659690346414,-1.9023614916293583,0.7721582824279783
2.070645238227296,-1.7378585913269198,0.6758603131631147
2.3183132727421487,-1.8874788285767492,0.8567580484932719
2.1012907112791037,-1.7971982557444504,0.6420430596078922
2.544699141784664,-1.9764027871565335,0.7450270395354134
2.1285268886522695,-1.689723621278979,0.867057625558765
2.4771514202153235,-1.9806297284674588,0.6341534692051467
2.0885018445054087,-0.06796999456710322,0.22243839327205633
1.9650794682094965,-1.889286235029104,0.8434939666455533
2.5441269730976668,-1.7328495809269862,0.6497072752008284
2.5380991366322463,-2.0639325482410937,0.5806148289198317
2.296893815395134,-1.8126319462821336,0.5697676509353085
2.3424272673697013,-1.8568311980972887,0.5368965352476396
2.477654823755807,-2.032515275090885,0.6134795311949558
2.5534217539489745,-1.9090100226560225,0.44489332643241847
2.3035930398101168,-1.8344549984823793,0.7939146369788943
2.2520010588357273,-1.8344688447149744,0.5763264818827343
2.3582077739295633,-1.7136581610489057,0.8553183999876454
2.0186383457141854,-0.6153588450646681,0.029762812932552188
1.9650794682094965,-1.889286235029104,0.8434939666455533
2.356926371856718,-1.9861897663524664,0.6726308645601428
2.4477643368055477,-1.8664115728146566,0.49747300202508965
1.7541535083583861,-1.6595903544888193,0.8138651263859464
1.649159668609233,-1.6853864888328784,0.839192792783366
2.2366096763724848,-1.797723710693924,0.5960542820253716
2.2800838694360697,-1.8142562659343553,0.766571242998286
2.070988467913989,-1.7732351003883466,0.6617644463379845
2.7408741761693403,-1.8662049683360913,0.5304456437778106
2.3489358638148436,-1.9444600590568515,0.823880519393058
2.556710729011908,-0.2872799136225793,-0.022630873696315147
2.613545719117834,-1.9074092206822333,0.42518476652741594
2.342106919662121,-1.8238131229732908,0.550052677617761
2.356994898584881,-1.8086727103709153,0.5509988154853146
2.3270358849064587,-1.8200860640762384,0.5566243353902768
2.650104737948673,-1.8084661058923501,0.5839714572380356
2.3725693368810266,-1.8642853158913935,0.5237532197026079
2.161414676447963,-1.7955974537706612,0.6223344997028898
2.2218589893244025,-1.8270147269208696,0.589469797427766
1.8901360508460405,-1.7285103936237178,0.7406243396081741
1.619017599097908,-1.6779323710387732,0.8523361083283976
2.1745018359026878,-0.40191333308968,-0.07067758720444474
2.281571198078406,-1.9675544718672042,0.7054891534227218
1.905367259455493,-1.7487464900827692,0.7274746106505975
2.0407549896953885,-1.9409396046383642,0.7974795354128529
2.2218589893244025,-1.8270147269208696,0.589469797427766
2.71032035024316,-2.0008913974621105,0.6793168752228003
2.4177824411480136,-1.8754664925825508,0.5040382463850606
2.650287793781576,-1.8273335773917778,0.5764536615979662
2.2968024066878585,-1.9877905683262556,0.6923394244651453
2.2280776921780148,-1.7993106664351182,0.8333509970265339
2.2209438293690633,-1.917269727217568,0.7458716513379152
2.059023352388357,-0.12891046095842343,0.20832969962183623
2.4605930568173244,-1.8236044636375575,0.7018072165532266
2.628555799282271,-2.003980055302092,0.48492595536796523
2.52311951058386,-1.8850468672999188,0.46461471316251074
2.3872590693378832,-1.9278380753872546,0.5966505509132787
2.2670720935913895,-1.8381959036120266,0.5697548241102185
2.281982954493262,-1.8254139249470804,0.5697612375227634
2.341763689975428,-1.788436613911864,0.5641485444428913
2.265493356241777,-1.8600563197233004,0.7534086872156196
2.387228615221833,-2.01015292170857,0.6529094778300506
1.905115676894427,-1.9073960745648926,0.856624455365495
2.289573741629415,-0.6470693961501848,-0.07443116014760186
2.115858342494283,-1.7490397680180771,0.6561453398455673
2.4620803854596613,-1.9769026695704064,0.6407251269776625
2.267278161855106,-1.6394102610431653,0.9154222846329311
2.4177824411480136,-1.8754664925825508,0.5040382463850606
2.6203058981240415,-1.836388497159672,0.5830189059579368
2.161414676447963,-1.7955974537706612,0.6223344997028898
2.424321491709206,-1.8807805072207975,0.7347633036137072
2.402299649977495,-2.0138799806056227,0.6463378200575347
2.2342071877748095,-1.7346805050577732,0.813538225511085
2.5508590914975087,-1.829457779457873,0.6689553411031925
2.1951660687298014,-0.2143395376553208,0.12851084165900312
2.0853959252753778,-1.708567575099974,0.6824447977607205
2.1768060589112057,-1.8323425877917117,0.6026066995602525
2.2059642033206766,-1.738384046276393,0.6298715355805942
2.372248989173446,-1.8312672407673956,0.5369093620727294
2.1613232677406873,-1.9707560758147835,0.7449062732327266
2.3874801977828985,-1.851503337226447,0.5237596331151528
2.5074765455595514,-2.0069513177609912,0.6134923580200458
2.635376932879704,-1.8401155560567244,0.576447248185421
2.3559195647757516,-1.882418673105615,0.7139787405805247
2.100878954864248,-1.9393388026645746,0.7777709755078506
2.261086753373887,-0.7350043725807305,-0.17766649250774705
2.37199740661238,-1.9899168252495187,0.666059206787627
2.9151265880848714,-1.9984594361852803,0.2871735398920393
2.6585986495310308,-1.9020813598113913,0.4120478643949294
2.161163093886897,-1.9542470382527841,0.7514843444177874
1.8747217864036851,-1.6894068256652386,0.7612918642058201
2.2517494762746613,-1.9931184291970978,0.7054763265976318
2.2131363771600925,-1.8944074914213807,0.8896035105307608
2.3876403716366887,-1.8680123747884458,0.5171815619300921
2.2817313719321963,-1.9840635094292034,0.6989110822376611
2.2214472329095467,-1.9691552738409939,0.7251977133277243
2.2412029242448517,-0.31042433609390196,0.07496578796114332
2.402208002851868,-1.8198538870620729,0.5312838421677671
2.408899655129913,-1.9263502195210627,0.8107500306731162
2.266660337176534,-1.980336450532151,0.7054827400101769
2.1747468000002232,-1.8046758912169876,0.8059947762208358
2.6132941365567683,-2.0660588051643565,0.5543346112423136
2.4931376149263254,-1.8941017870678127,0.47117995752248165
2.20662778071495,-1.8067786304618183,0.6026195263853424
2.5835638234602993,-1.9164641404501273,0.43175001088738685
2.327356232614039,-1.8531041392002363,0.5434681930201553
2.5080484758281973,-1.8813198084028664,0.4711863709350265
2.358839892555462,-0.7307018490732351,-0.3410940847805054
2.5212958091367126,-0.5041447252838844,-0.22840378715736875
2.161163093886897,-1.9542470382527841,0.7514843444177874
2.723942705146282,-2.648314436769618,1.2427164174651677
2.1294349996664987,-2.494297249336192,1.287431484170064
2.325175448639062,-2.6059225914068174,1.2623234513051182
2.1062132830151716,-2.432331445581526,1.451830867960556
1.9184176840899685,-2.521801038748402,1.4331801399779838
2.558458702466947,-2.504659727237508,1.2169789359239829
2.431176042487326,-2.6018565024012386,1.1428421863496265
2.476045970049476,-2.659702217939341,1.1900288023948995
2.0841990664022543,-2.5627986866159786,1.36089190448031
2.4987376698796586,-0.5105735057146427,-0.09125641256212862
2.099270101157917,-2.566525745513031,1.3543202467077944
2.8899985453760144,-2.5227658031039546,1.0337378974803773
2.400690796271164,-2.641066923454079,1.2228870912574785
1.752476127923892,-2.4642943533188264,1.5120464466607182
2.6033744271009827,-2.6184979655931993,1.2952896796452942
2.4008509701249543,-2.6575759610160774,1.2163090200724176
2.5061880395608007,-2.667156335733446,1.176885486849868
2.738876395045411,-2.5558498441337285,1.1889773838850144
2.235092416809925,-2.5368956991775584,1.234851808577393
2.3707089006136295,-2.6501218432219726,1.2294523356174492
2.4913139134791775,-0.5131996450517787,-0.22183854279739793
2.26548611524144,-2.4574861494093665,1.1387636555379428
2.280724902610562,-2.4033040965982195,1.0768954394358148
2.5214420771675097,-2.6077098182215535,1.1099903108995928
2.56663235243724,-2.698573608883654,1.1440207845747439
2.573415360440705,-2.54787027139015,1.2481094770125665
2.3019537319877355,-2.543956787652151,1.4267228350956098
2.0090268954749897,-2.480989815721772,1.3334266751651298
2.280724902610562,-2.4033040965982195,1.0768954394358148
2.385619761515502,-2.6373398645570267,1.2294587490299942
2.099704732929154,-2.41648850154179,1.2110518910356167
2.1897865176817364,-0.13243660014767297,0.21969972840120025
2.476045970049476,-2.659702217939341,1.1900288023948995
2.3402464833947243,-2.6096496503038695,1.2557517935326024
2.385802764366549,-2.5741662881480822,1.1691352308522347
2.2868826972320733,-2.5402297287550986,1.4332944928681257
2.196639491549146,-2.45469379896384,1.4124009213254611
2.4677579432972783,-2.5052718215487846,1.300689152605238
2.4460640743919413,-2.6687571377072348,1.1965940467548704
2.521259074316463,-2.6708833946304984,1.170313829077352
2.3111570623924367,-2.408630897717384,1.5269870422273355
2.4460869033891983,-2.589074523736292,1.1428485997621718
2.4201079566799653,-0.8470227439708679,-0.4077888674359418
2.4008737991222113,-2.577893347045135,1.162563573079719
2.4917193891898353,-2.4554829211569533,0.9848922306205936
2.5884863951963673,-2.551597330287203,1.2415378192400506
1.9636536173542125,-2.4532996014686157,1.359719719667738
2.392562943372756,-2.503145564625522,1.3269693702827559
2.4913000076561853,-2.6002557004274487,1.1231336264446243
2.4530987113155955,-2.4311901326514342,1.2177379016982743
2.204607170593763,-2.576106120230398,1.3148967134852445
2.611868285701484,-2.630072171603868,1.070560364264498
2.099270101157917,-2.566525745513031,1.3543202467077944
2.2909084751776314,-0.709440415250837,-0.17765366568265714
1.9709933517478597,-2.254015136237559,1.3727343920891675
2.5063710424118475,-2.6039827593245017,1.1165619686721084
2.498151641728793,-2.425862271780592,1.2046009995657878
2.039420593906504,-2.4015802659535805,1.2373385221256796
1.9788848259636649,-2.4735356979276673,1.3465699907101614
1.9485597536012933,-2.529255156542507,1.4200368244329524
2.114341135913579,-2.5702528044100834,1.3477485889352785
2.2801225182258653,-2.61125045227766,1.2754603534376048
2.717182526140074,-2.7193351602921796,1.0848822780346468
2.001135421259185,-2.2614692540316637,1.359591076544136
2.366767052496426,-0.7799612563595247,-0.23118589255542701
1.888458617429691,-2.451173344545353,1.385999937345256
1.7980324088957165,-2.4288109911630387,1.425429883980351
2.0843820692533015,-2.499625110207034,1.3005683863025508
2.3320958014990603,-2.551410905446256,1.4135795195505783
2.2868826972320733,-2.5402297287550986,1.4332944928681257
2.114363964910836,-2.49057019043914,1.29400314194258
1.7981925827495067,-2.4453200287250376,1.41885181279529
2.0692882055003823,-2.5755806652809246,1.3608854910677652
2.3253356224928523,-2.622431628968817,1.2557453801200573
1.9485597536012933,-2.529255156542507,1.4200368244329524
2.3502011103387574,-0.6973541407998209,-0.11481365806279523
2.5518357755990246,-2.5283002684533624,1.0139021578601428
2.551561317681578,-2.6948465499866017,1.1505924423472598
2.596614248094775,-2.6895186891157605,1.1374555402147732
2.4913000076561853,-2.6002557004274487,1.1231336264446243
2.28690552622933,-2.4605471147841556,1.3795490458754274
2.317207769594445,-2.4845102701402597,1.3598276591453349
2.437593044788697,-2.577500317725623,1.367577915142968
2.159988871951803,-2.4313967371299996,1.1847652599455534
2.702713875769108,-2.507661745715687,0.8928890218053724
2.31026458773719,-2.6187045700717646,1.2623170378925732
2.3142903656827483,-0.7879152565675027,-0.3486311206582098
2.1746252749362287,-2.585161039998293,1.3214619578452156
2.581985423870019,-2.461336236977269,0.9520403551705596
2.913105977963684,-2.7677869259538603,0.9994507269919415
2.241669592965086,-2.529048552063941,1.4530094661856732
2.3174593985146346,-2.3976466025779626,1.2768828216509165
2.476228972900523,-2.596528641530397,1.1297052842171402
2.769758193797965,-2.4515492577813363,1.0244365301458307
2.241852595816133,-2.4658749756549976,1.3926859480079141
2.099270101157917,-2.566525745513031,1.3543202467077944
2.4310158686335357,-2.5853474648392396,1.1494202575346877
2.222689597454348,-0.7196909216465351,-0.21255673967312044
2.2805571499971022,-2.4612132083064187,1.1321919977654271
2.279962344372075,-2.59474141471566,1.2820384246226653
2.6271909493773364,-2.546935562938624,0.9810438689975638
2.20552990268604,-2.401177839674957,1.1031756571133329
2.2505828330992372,-2.3958499788041148,1.0900387549808463
2.1748082777872755,-2.521987463589349,1.261138439667456
2.566655181434497,-2.618890994912711,1.0902753375820453
2.20520197621879,-2.442577913821157,1.1650502866280061
2.355477692004177,-2.629885746762922,1.2426020645750258
2.4828289780529404,-2.5089988804458367,1.294117494832722
2.2860956808042587,-0.28858743766106104,0.06840695701371742
2.6226238348963236,-0.8823628978181863,-0.2800897207185134
2.355660694855224,-2.5667121703539775,1.1822785463972665
2.44992209972404,-0.8958769359111719,-0.35905755346630003
2.436462798674189,-0.29048151757015833,0.016786246113689667
2.329697051365434,-0.9014369737961793,-0.32058015811130386
2.229953180001039,-0.7005557447473999,-0.07539653825279036
2.829316509402377,-0.49115614214037245,-0.1954247319921028
2.6367185233098023,-0.7102591481356183,-0.2949717140702079
2.415762797056761,0.29342028993429164,0.2545301198183406
1.9497634693562989,-0.4827966180047437,-0.026606739007211222
2.777717047006359,-0.29430093469471574,-0.04317299591197639
2.1909000254468967,-0.5424295603575822,-0.1317532633674639
2.057571792536335,-0.7470878579643835,-0.1675205133706984
2.04812153516272,0.22694535819356426,0.22058568654788613
2.516806243899107,-0.8232554104148213,-0.22093197394078137
1.89739118705517,-0.44037120649519784,0.0618093216183872
2.344104508726823,-0.836769448507807,-0.29989980668856797
1.8364634711891734,0.3475187669377229,0.339840904558359
1.9825598484447164,-0.7638290725405482,-0.14875809133324963
2.1009772204534056,-0.5719527535986937,-0.11299725474256019
1.9263815788511818,-0.4043217766880779,0.14437071596834142
2.264767870582872,-0.4077666489099953,-0.10352946265447875
1.7523526888903516,-0.28104664641021354,0.11990690161105823
2.3136192095288055,-0.7939388216522753,-0.2726606243184061
2.1152016219818917,-0.4884177568108935,-0.08479910767975479
2.0555810603535156,-0.5419041054081088,-0.08576448578494333
2.431243421479915,-0.2250876176245096,0.10139706167082609
2.4252130544303765,-0.6806129262236564,-0.13357608010024402
2.0724826534382075,-0.7343058792994368,-0.16751409995815345
2.103916108947764,-0.10707356252558234,0.20177086867441035
2.253998647900429,-0.8474251702494906,-0.2736260024235947
2.185731579595575,-0.7163690780954685,-0.1448082036451681
1.9787385579328676,-0.3699706049899979,0.008175892653199804
2.3362817532984086,-0.7371306295039932,-0.2039467101852652
2.31541399906752,-0.21113793370774173,0.0890937218489983
2.455683050408951,-0.6466669698715618,-0.20859402515994896
2.264928044436662,-0.4242756864719945,-0.11010753383953953
2.0554208864997254,-0.5253950678461097,-0.07918641459988257
2.3581687364015194,-0.7367254141580077,-0.26512358844070194
2.470613911861749,0.07070216245267115,0.015905330907252976
2.0082170500499186,-0.30903013859867773,0.02228458630341992
2.58602904727517,-0.20983040966926014,-0.001944108861034318
2.479743821527784,-0.8703129785812785,-0.3590447266412101
2.6380456780983486,-0.847048316506468,-0.34947573246071123
1.85333748496327,-0.6238883098830889,0.08231683487504377
2.2819898113751442,-0.6331864979253217,-0.19843521919781046
2.169165637437906,-0.6337619625357647,-0.028435969152536295
2.440787492726522,-0.7362255317441345,-0.16082167588295077
2.2158889523263428,-0.800599779097199,-0.11017275650065644
2.216056704939803,-0.7426906673890006,-0.16546931483026908
2.4117971009305106,-0.7722749615512545,-0.24338307023290504
2.124799166398095,-0.7098428415294596,-0.043490800670309956
1.837785928646237,-0.5706341383000393,0.10862270620274177
2.5052408492791964,-0.3990050070774089,-0.18142397781947975
2.6759876210589755,-0.9517828193669579,-0.45763242005403687
1.967328639835264,-0.7435929760814969,-0.13560836237567314
2.042683813613576,-0.7622282705667589,-0.1684666512382521
2.357184811299666,-0.6353127548485845,-0.2247154368753287
2.34392145289392,-0.8179019770083792,-0.2923820110484985
2.310644552244132,-0.4873424097865775,-0.15049644516727786
1.7553273461750245,-0.5876430582759116,-0.002257277540070101
2.696839607050475,-0.0017127585651140382,-0.08924760686554468
2.162085110724118,-0.6717646109343274,-0.1731139662129358
1.9068690237393817,-0.635399119723662,-0.1505224227900923
1.7228741967733,-0.3419871128015337,0.1057982079608381
2.115544851668585,-0.5237942658723201,-0.09889497450488499
-1.6916158661793312,-0.38821067044388524,-0.06378823260608793
-2.0376652406536864,-0.2872969350675345,-0.462517153007433
-1.4578010728378954,-0.09235792836112472,0.29973901653124857
-1.8834873465214144,0.41404444041616106,-0.33255153606020504
-2.079413507586255,0.2750056958432929,-0.6034590800330644
-1.8835177873920013,0.31121933211775255,-0.263091178509011
-1.8168520414727278,0.08170580001375115,0.20689167966465394
-1.8762974174280784,0.3861595941429537,-0.04330448089334562
-1.8307868739235518,0.3853393002194122,-0.10163873339485069
-1.800705805362576,0.3568273236223263,-0.09467420954729583
-1.921261602016106,0.296713928161859,-0.4628734400857817
-1.8458731589168014,0.38380189441571944,-0.09004011577418826
-1.79690723126154,-0.29105098470445645,-0.08565058614845633
-1.9895107230078108,0.25850982051981425,-0.113119816891537
-1.8156090875047792,0.4184634942275772,-0.14339911010439257
-1.9439316130387299,0.3736757966465449,-0.2534818265646028
-1.9215971072430256,0.18089570474546182,-0.3522803234265566
-1.845865533798008,0.3864341267660921,-0.09255359569826159
-1.8986803235731873,0.28335960281033307,-0.2263577616476156
-1.6958567567749856,0.199294340458201,0.013563541736422954
-1.830924185666425,0.4302552968096224,-0.11580253261643225
-1.5905016815011985,0.31068302375630324,0.3716571509017696
-1.717660213496367,0.3888401866508207,-0.4199206511023185
-1.864510866792429,-0.38530203169629257,-0.2464754136611057
-1.6958033809434307,0.21771996691080964,-0.004030817732090139
-1.8306419966664733,0.435351714876493,-0.14939485195224333
-1.8009346185309731,0.37015653200806437,-0.07867624967999783
-1.91365229138912,0.413601861159148,-0.31186778074295346
-1.8310156870919487,0.3986685086051504,-0.08564077352755263
-1.575209518300521,0.383290703020058,0.2921945753311282
-2.0789711910916364,0.3353789932679892,-0.6898344777744145
-1.4995722151268451,0.4620480054985845,0.16633752927783715
-1.612251702786436,0.4263583175046138,-0.02001496355058394
-1.973806803392278,0.47325804670369276,-0.3283103083621365
-2.052804841873903,-0.3995561462207542,-0.3739177380633567
-1.6808924736824344,0.15871602865593137,0.04218060290093327
-1.8155252111980495,0.4474180500816765,-0.17104738926919882
-2.0720328909184897,0.22063047943248384,-0.3176425851131364
-2.019057973648646,0.37898188274606887,-0.23662149756932174
-1.6505113162472773,0.4203516239579286,0.30745850472519404
-2.0038725621110784,0.41473830910460635,-0.28089535420293693
-1.9059846294484277,0.2717609638279505,-0.47790261795337563
-1.6427292775246802,0.31799421188232135,0.10372146865367277
-1.7327742301189728,0.47196818278326896,0.017477419085102593
-1.6728865972735922,0.3201838649756808,0.12189174404685099
-2.1731623854387982,-0.39123150057153183,-0.807467446627748
-1.7029981663097424,0.33816691217127626,0.12498113989558934
-1.8762315006001657,0.22235917506175795,-0.42226489522557
-1.8014607517277335,0.1885324998323506,0.09475386508105965
-1.8759999781905392,0.39652047691056946,-0.0819237600773033
-1.973618825059079,0.2592771663315418,-0.6880799636246323
-1.476650515579443,0.3796536256792788,-0.0665924838828596
-1.9511977337154147,0.28294214051910777,-0.4581876446358282
-1.7403072895580225,0.38140257328970656,-0.15866303949845847
-1.5900899250863432,0.45282357067642703,0.23592923500181154
-1.6348710472187353,0.33425530220735844,-0.1845568045134827
-1.917813723774988,-0.5645432471789842,-0.2788233023246695
-1.9891703019033278,0.18946976605203444,-0.5825655084903998
-1.695998924790835,0.33677243603567003,0.4176587553093801
-1.409443326621234,0.24473241155481829,0.2843397375365019
-1.6053515878118454,0.39074482081416284,0.30533789087615976
-1.876556611862474,0.20436751533336514,0.10156027438004743
-1.9289013535136779,0.0770008868661616,-0.5444187418774155
-1.680305339535325,0.36139791963462636,-0.15135735125271052
-2.1245350508231304,0.225477481842004,-0.5544994279494954
-1.5444955648796743,0.5732540115039028,0.09054026548059929
-1.8908727598575672,0.468685576917311,-0.14070258033069324
-1.6906550416067465,-0.14884557319384759,-0.3210802651844224
-1.9059083782604913,0.29808328733167727,-0.5030374171941084
-2.1394230827277463,0.29237811714800027,-0.6082512883547387
-1.8383504934423638,0.3765409402212772,-0.32713171013701947
-1.9442289926716816,0.27101873498201096,-0.155456109525744
-1.9361724496725141,0.2634216875198194,-0.4496784228639041
-1.6876679371196848,0.5162319320838124,-0.026455273150319536
-1.567442789420099,0.3679650051406233,0.03407806125285254
-1.552325944347087,0.2877351614488889,0.07183196179079787
-1.906396385863283,0.1296204169078268,-0.3421747020534174
-1.8832737835906055,0.3954507673296777,-0.34352253607935634
-2.188515549589825,-0.4848970386382681,-0.7078970316645202
-1.54441925408715,0.5072801561107118,0.1248119040947672
-1.9811721102178672,0.44060154891832914,-0.5597473252753099
-1.6275210502353203,0.45394351418889467,-0.007499265607063356
-1.9060608806363635,0.24543864032422397,-0.4527678187126425
-1.7029752909533618,0.34606360922239415,0.11744070012336941
-1.537430287323678,0.2234667584932652,0.12307034227196793
-1.8531774647920423,0.3722032554333369,-0.34158497207994826
-1.9817516192461835,0.24055189029000681,-0.3687228510457394
-1.6127473951126092,0.3475593936273085,0.08395479365927945
-1.5976687352381533,0.3464645670806287,0.07486965596269039
-2.278659628728435,-0.36514208829216505,-0.7614658422201375
-1.5153295105739335,0.2288741528620973,0.3991223802169498
-1.7710136774646634,0.2863676760531522,-0.018928647426903793
-2.0339613153954357,0.5329142322482376,-0.34475283598131934
-2.169877841714197,0.2842068874737439,-0.5514617337776031
-1.8086201803458946,0.22694627550704874,-0.20454710978209295
-1.9887329012862733,0.43470134136090793,-0.31008833129211244
-1.5744088808271905,0.6596750998091876,0.028279183303432064
-1.9664670215597113,0.21823115830647105,-0.3862655088374066
-1.7862067141210238,0.24797901734424205,0.027858689130784733
-1.8382513668980467,0.4107599607761219,-0.35980694914997224
-2.210842370662148,-0.3817808932837305,-0.5522055768717389
-2.0415476910614525,0.33162681740514893,-0.4438924972414663
-1.906020105405754,0.5383864912075548,-0.16840256117234534
-2.056733102599019,0.2958703910466114,-0.3996186406078511
-1.6879881921090172,0.4056781733681605,0.07911088366075905
-2.2303220486269253,0.1515420648072097,-0.41298558642709954
-1.4545878644236667,0.37189985829624733,0.22202695368248873
-1.4616759577314558,0.6214942353588492,0.256443754518241
-1.7036158605366143,0.2172522706880085,0.2691665758906255
-1.8607383750696238,0.5508954056697515,-0.21073885380655238
-1.438937320639689,0.5682224580275174,0.024430821680402434
-1.6175465686313246,-0.7564989008044954,0.7438771185701857
-2.1803495456863167,-0.26815232296069275,-0.680968968924142
-1.989480222532637,0.2690387499213049,-0.12317373658783017
-1.352772109211932,1.2206627498338027,0.48563862203050384
-1.7296067724175064,0.920432575338405,-0.04515376421921743
-1.639208414722065,1.1673279816860673,0.22240286600264464
-1.5717114116451103,1.0401354179788505,0.5372292881621218
-1.7222415251965042,1.0453852520206866,0.12687681483905527
-1.692023144892656,0.9719572788333906,0.1480051379081917
-1.6996248304008477,0.8577015781864743,-0.005514001358709832
-1.8955483418290462,0.9984495227450735,0.020511111829094562
-1.473775078633056,1.192738155935898,0.6220738020279072
-2.0307448999593567,-0.5948004238383349,-0.44163739551357284
-1.5866451942624873,1.0912426591826105,0.4985583073013182
-1.5716504702993492,1.1534894556787494,0.45771501091463457
-1.45092963027359,1.0840214526128658,0.41427858810794327
-1.3081233233402616,1.1069925581119864,0.5925147252394795
-1.7522691583213368,1.0000266761734633,0.16172436937788837
-1.3381128308711256,1.0747951440166266,0.614794880157946
-1.6768072924845026,1.1105388134903367,0.034270923723382286
-1.7223864024535833,0.995372837363606,0.17463293339644784
-1.6246863885195433,0.9740801935621833,0.3968017627634062
-1.5186858277849395,1.0294219375104943,0.24431692122185897
-2.0689815784592294,-0.6852065992308197,-0.062297929155113826
-1.3304833541289889,1.012089263830484,0.4019210047129896
-1.375490580188548,1.094340713981703,0.3537720200805579
-1.7521929667379885,1.118645178574108,0.07718313228225442
-1.8576597095524512,1.1552635202549655,0.11313081699357179
-1.8126753588492726,1.0651153730526284,0.16882024139822335
-1.5865487769594002,0.9379711695029057,0.10954397327280098
-1.4057241511253966,1.070208043571336,0.39707709471446917
-1.4810183835579471,1.2021973757564972,0.3504211063295608
-1.737236249159643,0.9831384555245477,0.16772011122573904
-1.4884370662150919,1.1511152515185246,0.13657844888490028
-2.151168300747577,-0.5149715380048351,-0.43682025189083906
-1.4356450921917059,1.1539968995262477,0.3373294924613751
-1.3606940497094566,0.9958532904712347,0.43768563957468076
-1.797345010450039,1.0585880351713284,0.13619670406211634
-1.6847112735032093,1.0784843290630632,0.3376300764349772
-1.691962143942307,0.993015137636372,0.12789729851560533
-1.5114959582961913,1.0938332701342044,0.4741575385338174
-1.917786370717076,0.9456619460695334,-0.21029828748256799
-1.5036376683856583,1.017798181562324,0.24528570322156307
-1.5109545152572559,1.1884255881137458,0.3551069017795142
-1.722043212503282,1.021527114233458,0.1209327746680505
-1.7293644774718238,-0.4024501543094376,0.21409495646658114
-1.5117094616224136,1.0201307643237703,0.5445349764078697
-1.578969966807589,1.0443301730987038,0.2706035523119222
-1.270394758953744,1.1162334973671348,0.7973239466643967
-1.5488278972962644,1.0368760553045993,0.25746023676689056
-1.8424742384102963,1.098723767716585,0.12826339821485747
-1.2325290616381175,1.3574469767228263,0.8380776537461927
-1.7374498120904522,1.0017321286110312,0.1786911112448904
-1.2404205016604672,1.143166446761749,0.7800707515940766
-1.7600435719251406,1.1050163205994434,0.36294792552533633
-1.4883504210625444,1.2752641387102557,0.5246757025905596
-1.6991946763311427,-0.4945696740396835,-0.22484781164520914
-1.4738818302961663,1.1558869030306809,0.6572625209649332
-1.7525284719649081,1.002826955157711,0.18777624894147943
-1.4210010640884867,1.0028648290083262,0.47151271043696386
-1.9176414934599972,0.995674360726614,-0.2580544060399606
-1.631434001118261,1.0623383372600874,0.021179309855196612
-1.6847188390174153,0.983555917815773,0.3995499942139515
-1.2099504924364288,1.156602141136751,0.7182542371687942
-1.5637388641618486,1.1881761724563953,0.15184237827896627
-1.1800829272016746,1.0543876587292302,0.7955961988904012
-1.7672868172454443,1.0221793615231245,0.150701667681891
-1.6381147561081384,-0.14053141385150442,-0.09679082196842963
-1.4363161622501333,1.0146566315903716,0.4991092879249243
-1.428023240568363,1.0886587869897324,0.12696909694049202
-1.5795037847277311,0.9523700874695356,0.387140709142152
-1.8953195882652378,1.077416493256253,-0.05489328589310438
-1.5490490257412795,0.9605413171437919,0.3303511545650162
-1.5711498620956117,1.0474301016718779,-0.005107321234866564
-1.4056708348984288,1.1809298489208622,0.3200762973910551
-1.7369617448830719,1.0778988201379636,0.07723483395910032
-1.4438846380419206,1.0984203705794955,0.6918753239772945
-1.578809839312923,1.0996070524565298,0.217820473906383
-2.392414258137927,-0.7719765376886814,-0.5934176657542239
-1.4809649481218041,1.128326823312188,0.3922331847159485
-1.5183960732707824,1.1294467668246555,0.14880468410707368
-1.5110383915639862,1.1594710322596464,0.3827551809443206
-1.4357519034594048,1.2094418255179487,0.3131117735435004
-1.413452814016438,1.1909910820995517,0.5832197713174776
-1.0824389983404192,0.8271788782406495,0.6790202927103084
-1.3608084860959488,1.0486659841125627,0.4159814005808794
-1.7071247397280807,1.05745158722587,0.10522427752209973
-1.473609975656238,0.9708605785126293,0.26984458653763094
-1.533474792749826,1.2228377722682535,0.09848338394876183
-1.9320841210573196,-0.28443179149280223,-0.53616703657985
-1.209965802278604,1.2436338553329234,0.6638747591620399
-1.8578808379974658,1.0789287820941584,0.18602173479169742
-1.307559004944945,1.2094815731426456,0.4659236487129565
-1.6697621810436571,0.9403453736631305,0.43068053530253503
-1.714555903776995,1.0962993296247845,0.3121541127960512
-1.616606970163995,0.9743798431511099,0.09503900965302635
-1.631418750880674,1.0676028019608328,0.016152350007050013
-1.6616828818972849,1.1252373810458927,0.010104906482353411
-1.8126296081365108,1.0809087671548643,0.15373936185378365
-1.164950951100251,1.164014637532077,0.7095102638703981
-1.7744888491591049,-0.45487652075144025,-0.2120973621752166
-1.5186324519533845,1.047847563963103,0.2267225617533459
-1.661515069679237,1.0908503138571735,0.014214786007641774
-1.6164517585468927,1.2145150003931127,0.4011085061871248
-1.6015816861210945,0.9548593901518214,0.1035482314249503
-1.4209324976239324,1.1188510990585983,0.3894849532654034
-1.7672334414138888,1.040604987975733,0.13310730821337796
-1.6918553922791961,1.029866390541589,0.09270857957857923
-1.6767843575235335,1.0261393316445366,0.08613692180606343
-1.7830212969407395,0.8891983848346733,0.31653964099388276
-1.7520785303514963,1.06583248493278,0.09888737127605593
-2.2332253364118446,-0.39228470571943314,-0.7946652954809097
-1.8716447108129801,-0.15150104873592685,-0.1969777332809136
-1.6541345126160607,1.1287712763432827,0.2406248430726687
-0.9732428052746843,1.8984550900581496,1.0502291424135481
-1.2367574112374145,1.7627259420911088,0.5540633732249928
-1.2371207076982789,1.8238692995077705,1.0310495045960753
-1.3198411883021803,1.8098480962076686,0.8324707765454807
-1.4405009081684148,1.7157816002826982,0.9746122356693875
-1.1544258116919883,1.6425032955222048,0.8808295774033252
-0.9730749930566365,1.8640680228694306,1.0543390219388369
-1.2742467684909238,1.8379823581382266,0.7464882448791692
-1.176699256932756,1.764045067329351,1.0189266727275939
-1.8191376946353643,-0.24891015013270593,-0.37837990323909315
-1.161427319451818,2.108542738673455,1.2439371940898356
-1.3422698451600505,1.6912547107728124,0.6644983753356507
-1.1689450690486918,1.9309454149837204,1.122176213513029
-1.462601744522747,1.8026703848107841,0.6391537598695048
-1.297079675854032,1.7644730159274549,0.5929174039354222
-1.304426963596217,1.8322753141804682,0.7721989600445673
-1.1689984448802473,1.9125197885311118,1.1397705729815422
-1.1240141537816568,1.9146678202256926,1.1360535595312928
-1.5909547705318727,1.7473537578282612,0.5391249631055879
-1.3723585388398198,1.717134455019526,0.6600473314121693
-1.9471704060505695,-0.28596919729649506,-0.5245684189591875
-1.0785978805484715,1.7870664067600475,0.6921355332482018
-1.3572036277774275,1.7423619519765725,0.6258273944748474
-1.1090574958078987,1.8714572760730503,1.1671841006198764
-1.1994329781469595,1.6324585667765057,0.8920870306257945
-1.334637659176684,1.8160393408212192,0.8079635949062586
-1.078556986108686,1.8954218998495425,1.0953136664983005
-0.9806996135257972,1.8342118040683144,0.8489538845892546
-1.229117540530667,1.79784662559297,0.7544215507264282
-0.7850250813811464,1.8863868810788849,1.2028062660565326
-1.2143210696561626,1.7916553809794196,0.7789287323656501
-2.0296773237236616,-0.3185840736830801,-0.7341181470289335
-1.470307532057408,1.9313501203901182,0.8177559967002932
-0.9582098961129899,1.8815668694092338,1.0562248842613993
-0.8598616874769037,1.99171779649257,1.1241543579370281
-1.0261082616401886,1.9644454498843316,1.290358430948272
-1.0939254601018875,1.8887880759789792,1.1405046034547743
-1.0184253494619087,1.8278690172538798,1.1192966338897037
-1.4101682702918372,1.866429470144828,0.8392254841676225
-1.4549798928994038,1.7373322722742688,0.42879336434862164
-1.3197954375894185,1.825641490309905,0.817389897001041
-0.9358878717090546,1.7787166441450375,1.378198880118057
-1.9853689589564738,-0.36321421093711653,-0.15779635222109492
-1.3195742495398153,1.8096800495737941,0.8039054170578163
-1.3721145350384236,1.801365890231451,0.5796159738418238
-1.395303113743603,1.7916321377877134,0.900517784345086
-1.6509643456733636,1.7647261791329685,0.5343327547839134
-1.5002616232355332,1.724823357812072,0.4711296569828287
-1.184179000144838,1.7842012631853148,0.7657854168206186
-1.1313947108448337,1.8767468577395836,0.909643502466266
-1.1013670181154132,1.829809254689889,0.9342023857823339
-1.2895694917713636,1.847141928369899,0.7765983022912029
-1.297140676804381,1.7434151571244738,0.6130252433280086
-1.7521897597161387,-0.47332726416983667,0.05801063559876058
-0.9278237631956815,1.8660480079301363,1.0220566490009226
-1.3951811118429045,1.833747855393676,0.8603021055599132
-1.2818027032863537,1.7395200515935465,0.5778882260678283
-1.2892491771774437,1.8653995081886336,0.7304385833350255
-0.8829538488789953,1.8287125543691274,1.0560418344117732
-1.1462064319569247,1.8776736376523886,0.8901632806751906
-1.4026150447376369,1.7774012664549586,0.6514864079633993
-1.131631089527436,1.795147654878031,0.9875613801125381
-1.3496858185759657,1.8276630967693892,0.8069948129065546
-0.9881842130108552,1.9469300989115377,1.014071641476818
-2.060238834373223,-0.3636065562625538,-0.6421398735147715
-1.138599830571169,1.8070710604151279,0.6848298450024539
-1.1537776169899419,1.773946866406963,0.7265902217119958
-1.0788849258213997,1.874532087680436,1.1439868653785517
-1.3044955896653592,1.8085852230271142,0.794820279361227
-1.0939330852206814,1.8861558436286063,1.1430180833788475
-1.0939712108146495,1.872994681876743,1.1555854829992136
-1.3045565906157082,1.7875273642241332,0.8149281187538134
-0.8224686879218938,1.9774366912282386,1.38015025816627
-1.3723204728504395,1.822591795668307,0.5880734939369019
-1.327203726281952,1.8723859297599366,1.0167792925027725
-2.1734139547544005,-0.5703913470307478,-0.6651161712784285
-1.455254456780562,1.7348680865577706,0.4598722037603595
-1.2667697941246598,1.722631830944631,0.583883967915679
-1.4174953919188702,1.7546379552144094,0.6546275054889836
-1.2293463536990634,1.8111758339787083,0.7704195105937262
-1.1315651726995228,1.631347235796835,0.6086009657803141
-1.0864103601416553,1.7865987105372465,0.9653329268709175
-0.9579963927867687,1.9552693752196686,0.9858474463873467
-0.8453702213541449,1.8802372578641133,1.2492007365391826
-1.3421707186157334,1.7254737313276574,0.6318231363226979
-1.4552468316617688,1.7375003189081433,0.4573587238362862
-1.3916259841580556,-0.7701210200204444,0.6336519326849407
-1.4325893020309137,1.750468317060344,0.6687396030337194
-1.0865372779199172,1.9293412708154607,1.364401180595728
-1.4248378233880792,1.729878154480164,0.41565004880359
-1.4776880295159962,1.801132979007091,0.6507523774901673
-1.0259127177927843,1.8453929807594716,0.8686688579068019
-0.8755579819736431,1.7796018026590643,1.3368313694835545
-0.9733723726895879,1.7614109612048963,1.1523647389776954
-1.1914652869366738,1.8730614202413096,0.9249591335371777
-1.2746128337976057,1.8039313842172569,0.8077288433797868
-1.169123215626763,1.7752097395875173,0.7642407188962494
-1.9996725659552097,-0.28112219488697493,-0.7614252617955466
-1.1988992198314057,1.8167148313025918,0.7161434359406638
-1.1311326879600327,2.061437088989886,1.2399307179182395
-1.0181279698289576,1.9305260789184135,1.021270916850845
-1.3573305455556894,1.8851045122547871,1.0248956481996578
-1.1464123697689406,1.8988995430892446,0.8986208007702687
-1.3198564385397673,1.8045836315069235,0.8374977363936272
-0.8676387507173491,1.8169207517870822,1.0284452569238127
-1.4028285480638583,1.7036987606445237,0.7218638458374519
-1.2594655478540075,1.8265266488239311,0.7760223863665379
-1.4328486156744848,1.7532685960445913,0.6947914825973105
-1.9771065973544666,-0.2074448060423284,-0.5792890613641349
-2.293329241429265,-0.4093972250599113,-1.2444477154390712
-1.2893178032465862,1.8417094170352792,0.753059902651685
-1.9548836994948482,-0.34451405186136946,-0.22463982649452405
-2.0451753651317666,-0.4622620264068968,-0.586791613508313
-1.969629563383614,-0.41509151213284223,-0.6824869004727244
-2.2342090363408107,-0.6395465000205887,-0.5298328231303552
-2.0904418452303095,-0.4695064761683482,-0.5494822807222526
-2.045106798667212,-0.3462757563566249,-0.6688193706798736
-2.1584497312664364,-0.5186734799360995,-0.6959055479688188
-1.7818084052719327,-0.47173962443456796,-0.45861525863283
-1.8798716560622495,-0.48159980211340137,-0.14439151877380457
-2.0077899906955503,-0.4791753640216005,-0.32828223335499834
-2.090983228664656,-0.6563949730448072,-0.3710252061130485
-1.9854707947420205,-0.5849237417265107,-0.48146020822370655
-2.3160830691540313,-0.4536860913262427,-0.948001384898185
-1.940209230521042,-0.3928210140808825,-0.15991696607012923
-1.818992757773697,-0.2911939143725434,-0.3667295839415849
-1.767031981303404,-0.4829294136585224,0.04858433350397838
-2.1889959320738233,-0.6507276767117458,-0.5495477964479025
-2.1808833040018705,-0.45240858748677915,-0.5050253742390112
-1.8949961262540551,-0.40400219077203964,-0.17963193938767658
-2.074959054059791,-0.33109298814527693,-0.6917818543947265
-2.098277259784462,-0.38557469054534943,-0.32815088518221813
-1.909688554706678,-0.5484502034878217,-0.5956669349794893
-1.8201975861476776,-0.6147904468345061,-0.029006193792904825
-2.1049943719080053,-0.2867876174459547,-0.713827257786721
-2.098318094619659,-0.5862263625317623,-0.671922580577416
-1.9173028408158153,-0.3881836797040157,-0.4472264572375803
-1.9470102785559031,-0.23069231793866907,-0.5773514973647268
-2.0755614980490753,-0.4467431649277993,-0.5526233782478369
-2.2935808703494547,-0.49626089262220907,-1.1615028779446521
-1.909510527337783,-0.2081221702977829,-0.35654431607251147
-2.014606288967999,-0.32231113258013255,-0.7406898048014494
-1.6009837794379291,-0.3395027503661377,-0.17108213719116164
-1.533784215598514,-0.4770561968409707,0.18236356415227334
-2.346408141516403,-0.5094055499410817,-0.8745345511753942
-1.8124461075048428,-0.6353806094146861,-0.282095748023034
-2.2786138184110856,-0.441644873086847,-0.7171402839096763
-1.8490918454180776,-0.36314073381383427,-0.7844126808114585
-1.9019877426541691,-0.3999754822860607,-0.47482303472554077
-2.0079348679526294,-0.529187778678681,-0.28052611479760575
-1.9018734254768523,-0.268195818133553,-0.5719316714415412
-1.8946529363037539,-0.37784791390218775,-0.2333320981160741
-2.1353880703395194,-0.36619716721414786,-0.6177391047472707
-2.1580455999703747,-0.3791651653663484,-0.8291199839447037
-1.9023004321292956,-0.4156008297544222,-0.43117679569343653
-2.158518357335579,-0.5423635710894534,-0.6732842286521592
-2.0753174942476793,-0.36251172971587403,-0.6330547358181824
-1.5271203600973504,-0.77886125418681,0.7044471719350911
-2.2870467014723705,-0.7505177210274656,-0.6560965493074893
-2.052987904329538,-0.3704335437327802,-0.3730006577404985
-1.7818819472186394,-0.3105714377037449,-0.07714136437653235
-2.158518357335579,-0.5423635710894534,-0.6732842286521592
-1.6615499882513551,-0.5142832906386346,0.0076096889445144
-2.112878246416149,-0.40613973615974147,-0.8337540777178113
-1.9552192643263555,-0.3680360963808488,-0.1734531476901999
-2.3171125197957587,-0.7167412797296341,-0.6680880330031908
-1.9181339191597324,-0.7673931847915539,-0.1138507076586902
-1.2922331342472428,-0.29935426093605383,0.35723465676252786
-1.7512746858563155,-0.24975556102203514,-0.1842005174351342
-1.9776327305512262,-0.38906883821804217,-0.4058589466030774
-2.301012034398369,-0.45741315022329515,-0.9545730426707008
-1.9774039173828297,-0.4023980466037802,-0.4218569064703755
-1.992352950237794,-0.3565552701007651,-0.4555009274830325
-1.9996725659552097,-0.28112219488697493,-0.7614252617955466
-1.8649150576930793,-0.4325141673691258,-0.17266741554012183
-0.6428015519861121,-0.21209556655772258,-1.536547022512524
0.15402921697205144,-0.12567532144469606,-0.6557321284913232
-0.262908207895525,-0.18087845539631373,-0.687063802932521
-0.3733402275910359,0.19318282390122715,-0.33498375109172945
-0.26671443360628294,0.5053881445342822,-0.7199768076761317
0.06456620162292492,0.32600025183534065,-0.7715545214807674
-0.33481379349721024,0.0010883918994179797,-0.9270103346821517
0.05907236332826501,0.3841672135255434,-0.4434381703989325
0.014324391307688996,0.5559145635894329,-0.5770454724498563
-0.1923734006275232,0.1366659474494561,-0.41854226663696237
-0.39978350822239545,0.35318021831733254,-0.8390362244620232
0.17428398898986905,0.5624491962314987,-0.27914487330265575
-0.12772636910852123,-0.4236315814348772,-0.5623963508547092
-0.001585472742592061,0.37264737383095675,-0.35999817620138985
-0.1737865798429426,0.22230858876546034,-0.8819861951470442
0.04416145606726876,0.4431711517804216,-0.489649591031956
0.07972873780411088,0.35385998114276035,-0.8082879383421628
-0.4184389219624587,0.19257183090524213,-0.3199674000492254
-0.2036084274785951,0.3915921202179491,-1.0074126129991472
0.0438869186770383,0.399686442109738,-0.4321678903513734
-0.6115709409288856,0.02905556855184482,-0.4196239503710671
-0.28872380056895636,0.2926139355011169,-1.2357754992681285
-0.5602540550910687,0.27283732808576244,-1.0345408218684253
-0.35085561344285404,-0.478405656394357,-0.7296692807749678
-0.14687057496003836,0.276785255015192,-0.5667730536553511
0.45939075498409315,0.06258120407675918,0.0056908566434916395
-0.6106712100248978,0.39093464083855123,-0.7492181579977721
-0.3855054195939502,-0.02685031490394124,-0.518198816958804
-0.16675684555138806,0.6242236097283463,-0.48878833462958005
0.265221146710336,0.6138951004386884,-0.42097082167854927
-0.2036084274785951,0.3915921202179491,-1.0074126129991472
0.15466449693511336,0.241727562329734,-0.7359084079667664
-0.16155272865722578,0.4147561637812504,-0.6883888720105735
-0.1884229828273684,0.3760728916337544,-1.0186828930467065
-0.43622261545340485,-0.6642475086734867,-0.87508732954953
0.23465966255170195,0.527852093905029,-0.3025896868955424
-0.5607420626938605,0.10437445766191204,-0.8736781067277342
-0.031727542253916795,0.38010149162506157,-0.3468548606563583
-0.4367418086990535,0.03242182095898568,-1.2894682073085084
-0.6207973819253813,0.09569835387583721,-0.8567887201877579
-0.056139361674319106,0.35971219564778417,-0.7067421972533777
-0.5651988517189276,0.46924936406006457,-0.8543914487338115
-0.21856505233869314,0.3835270094278592,-1.0055395775016747
-0.09835518799035452,0.281271272726657,-0.9729828598364123
-0.44880215303245846,0.174966865481272,-0.2669367432921243
0.3485419555915217,-0.5585387620398558,-0.3421770467525809
-0.3995623135500604,0.3269636465926753,-0.8459199890880366
-0.046569790332110395,0.41151986609056174,-0.3826840240199853
0.049662886367062474,0.43891207738332394,-0.8532829986239201
-0.08641105820513541,0.3224183634855539,-0.6508697229991
0.6088042591944035,0.6506448739088914,-0.3015725316633733
-0.3845828133335815,0.3429254544338831,-0.855333464357729
-0.3191022487628835,0.2184688504336692,-1.1447143060768248
-0.35408995524409004,0.40527836981418863,-0.9510932798240761
0.08916099078071439,0.4608387791642941,-0.5049942796475632
-0.10104746118956122,0.47618266635384804,-0.7875664208987622
-0.31998153252734124,-0.23316546855268608,-0.9841066690310358
-0.18830857293180403,0.3642807219466122,-1.0233815153217498
-0.20677342492934656,0.37202945317930264,-0.6331568421828967
0.2041439291058296,0.4576024814736055,-0.19928943165697532
-0.011749803350703542,0.11552558005911172,-0.48800491535706503
-0.26413657030264054,0.3222689205942334,-0.9006946243387386
-0.31929281050540426,0.05011173178888803,-1.0158701548028803
-0.04607415761052481,0.5826149688647848,-0.5460602190847498
0.00371014557709373,0.1947667160883329,-0.5897604726712631
0.32945878380401344,0.11166027827046296,-0.33365801235975323
-0.011292263109426078,0.22218386613873922,-0.605810134215407
-0.19400325938045232,-0.40137911221613953,-1.304144426542135
-0.44510329792517334,0.22495883221780807,-0.7181253790353376
-0.10624388673760995,0.5857310347658522,-0.52447221026973
0.1950623984800731,0.5229820265119464,-0.6512067434450025
-0.5048003028007138,0.4425489587847127,-0.8853767020989181
-0.2488215317455822,0.4027732969091063,-0.9876976396815998
-0.01092625740733203,0.348531018956627,-0.7264571705709251
-0.42987976079363843,0.2738764203282089,-0.7749666352893191
-0.053042924065390386,0.2530334616476123,-0.9923694955808564
0.19432276195709142,0.2676554885257981,-0.40739919080989256
-0.6805707042161779,0.38951746682447946,-1.064912397182718
-0.13925870936522453,-0.3739137802163824,-0.9872338270059234
0.09409063651196611,0.10533531366105037,-0.5811059631758618
-0.1614916945932168,0.38453836764149946,-0.6754931348171036
-0.4703158541598863,0.08201210427959763,-0.9131080533628289
0.10449897092147362,0.4466885426448207,-0.5335305815905322
-0.42992557773372014,0.3606343361114373,-0.8258929089169916
-0.10194719209354901,0.11430359406714168,-0.4579722132720571
-0.15828091331604366,0.3686187738396496,-1.031826208591738
-0.19183970853928942,0.42347352186100684,-0.6604930144942054
-0.23410884445956023,0.22405566260180662,-0.8431321644366147
0.0741357067378138,0.48035923216358256,-0.5135035014194871
-0.29991232531226464,-0.41487893697143213,-1.1884220594066783
0.40544684244219625,0.31150026886613186,-0.5751351349204158
0.06399428459974318,0.1798584805001233,-0.6160471037613261
-0.046508822495421424,0.48385337983627513,-0.43579543999862785
-0.2492714137544061,0.24747158823711918,-0.8394023241612752
-0.21948769171272173,0.06502689503276718,-0.7014085066888057
-0.5149112906909299,0.2551284464082082,-1.0639813773091626
0.2047006290050842,0.5472041331653457,-0.31676631294221386
0.008784736072947118,0.7008394410628639,-0.29985539499569397
-0.11324315366764999,0.24562059814718887,-0.9607275670695434
-0.21893109115444706,0.3084555115527037,-0.9178961177322127
0.0835044299260343,-0.291659893246594,-0.7983245904883146
-0.34229073582960984,0.4476887008587371,-0.6142276010154273
0.14973488431752158,0.5459553728902458,-0.6267931478524118
-0.21911409400549403,0.2452819351437598,-0.8575725995544534
0.013630439270149217,0.4189327295909851,-0.41432595253129834
-0.05684846460846633,0.06363893212039455,-0.4399849877285051
-0.38463618916513687,0.32449982798127436,-0.8377391048892159
-0.288609390673392,0.28082176581397467,-1.2404741215431718
-0.4481768601777213,0.33953426326909786,-0.44003852048007863
-0.09169142628723399,0.505563485928923,-0.4261343863773736
0.07962961125979376,0.3196409605879156,-0.77561269932921
-0.1995885991006357,-0.37479893873040876,-0.9458663163714205
-0.30462071014386116,-0.1881433530783096,-1.0531869873322808
-0.4215640553939403,0.11682166990988269,-1.3642321606041066
0.009519175693986257,1.0511856904494064,-0.3797033368980337
0.2750447751895853,0.8502183821945307,-0.018411355130879114
-0.11093469245574833,1.0692099919386833,-0.33182869699295076
-0.05105471784282094,0.9660690967234545,-0.25790446869318523
-0.48899482842401243,0.7891681492742025,-0.9717963017737742
-0.030268683233823458,0.9292341593542749,-0.6324798187596054
0.0544120580853011,0.8781751000998651,-0.2608485768184465
0.024704620345212973,1.0356664618652116,-0.3909736169455929
0.029901045893261716,0.9261180934532075,-0.654067827574625
-0.2338031876537932,-0.49504051789836845,-0.39137742538964015
-0.08067821304885925,1.0499637044574361,-0.3496706348130257
-0.020653328065193006,0.9455595689565561,-0.29049894848459673
-0.30143289894018166,0.984529049814076,-0.5188886011293644
0.20013179207398382,1.1240744628868715,-0.1973420550366635
-0.4490925596006383,0.899327510682192,-0.7237184421872453
0.07674164692364682,1.2527787227914144,0.1163803813764153
-0.5947208915047778,0.8388419009278539,-0.9163974528160769
0.12055607421836458,0.8801714006966086,-0.7028950187598066
0.4986162101866287,1.1602132433610892,-0.06292741397898353
-0.16645697147426575,0.7219813052581826,-0.35936076768762976
-0.3002020798264223,-0.5149037662855931,-1.0929098222918932
-0.37373738582232646,0.88069221619693,-0.7565767310498245
-0.12612013710697503,1.084729220522878,-0.3205584169453915
0.16022952325060993,1.0139151014788823,-0.44541991462319164
-0.3625024583122345,0.7795930082566335,-0.26671711444580787
-0.4643924141474293,0.9266389089535289,-0.7077495398646428
-0.12080930166336197,0.9633886824237314,-0.5883512498494671
-0.025704909469822953,1.156396006968373,-0.10816443299901338
-0.32875310134646807,0.8930953788800572,-0.7668944598172851
-0.06086063475397212,0.7813865684763924,-0.4710411876942494
0.2106314941741721,0.7880020141398839,-0.6597084654735857
-0.20075527538972027,-0.7262548333946938,-0.5943074645742619
-0.41363965464570057,0.7705328547889404,-1.0046545906363533
-0.4371866216367073,1.0298647495746898,-0.45504505890167884
0.20496990326605224,0.7882598641218879,-0.2762955560621385
0.4064252858646311,0.7460779534645996,-0.7354144343931014
-0.3016617187313103,1.0081133891883602,-0.5094913565792776
-0.2413775797086609,0.9932051536001507,-0.5357779876693407
-0.056075798772276364,1.1874344641367622,-0.08562387290389503
-0.22328629230468608,0.7539257273137354,-0.7368349913564902
0.009519175693986257,1.0511856904494064,-0.3797033368980337
-0.24767205547665158,0.7749877185012237,0.05625375544019015
-0.7631410102402825,-0.20586343475558774,-1.4933710048824846
0.40830441154821884,1.1707834270562614,-0.028196089618932146
-0.6548906206318629,0.8419579668289212,-0.894809444001057
0.4383320711639792,1.1751214789492987,-0.036640782888920344
-0.18679315718809936,0.9653936062420818,-0.1660843097275903
-0.2417130518219205,0.8261112752410213,-0.39218129442405986
-0.11093469245574833,1.0692099919386833,-0.33182869699295076
0.16522776193734431,0.7333773820717245,-0.5771564940542061
-0.26824014253268985,0.854602803917563,-0.802578335457435
0.13984765305133437,1.138982698475081,-0.1710554239466003
0.235111972777377,0.7808057463277831,-0.2894388716071701
-0.3304509010008578,-0.5443009013967056,-1.0445777878098355
0.10942345414464553,1.049044219305397,-0.06491335121085674
0.07967792392424926,1.1420987643761484,-0.14946741513158057
0.13984765305133437,1.138982698475081,-0.1710554239466003
-0.15108859019931203,0.8721869629683962,-0.49696171908506037
-0.21123551019733616,0.985751035806046,-0.5489213032143723
-0.020508483921774123,1.046847638556369,-0.37125864362804556
-0.2630437169846413,0.7450544355055586,-1.0656725460864678
-0.30143289894018166,0.984529049814076,-0.5188886011293644
-0.1862898662340601,1.0878452864239454,-0.2989704081303718
-0.06608762700451513,0.9829573173723704,-0.26390021054103596
0.10740539950092379,-0.49890581968701725,-0.23703052239232822
0.1657691784853517,0.8689902240054515,-0.722609992077354
-0.012406215620977308,0.7135390724421438,-0.8241395778966679
-0.22325585805683154,0.8670059666006904,-0.8128960642248956
-0.31698438240716237,0.9249767805231149,-0.41997486131234324
-0.24156817456484153,0.8761236898981019,-0.4399374129814523
0.20530544160663178,0.8528024325955527,-0.35388509613530744
-0.27204578241674576,0.8190352392185416,-0.34920455736325173
0.22074248206438812,0.9754225265163882,-0.4811037902633416
-0.14107676196707303,1.0766641097327883,-0.3186853814479192
-0.1055094471165709,0.9360772841523947,-0.6043201521720698
0.672246455716693,-0.22299405644885836,-0.11430394104965125
-0.3286386914509037,0.8813032091929149,-0.7715930820923285
-0.31356765669524134,0.8775761502958626,-0.7781647398648441
-0.3320249166876502,0.9392327688216581,-0.4234571232361204
-0.28331117728835226,0.8583298628146154,-0.7960066776849192
-0.13632252708173465,0.7118949551137052,-0.3699906033085882
-0.33180378824263507,1.015567506982465,-0.49634804103424596
-0.09043841236090853,0.9323502252553423,-0.6108918099445855
0.13702578594629627,1.2378704872032047,0.09009375028635214
-0.20832204232579438,0.7646230704541979,-0.7412215067780361
-0.09088836059705234,0.8795998264688195,-0.5286036475963732
-0.2757520685847319,-0.5839046184419169,-0.6795827321431279
0.024704620345212973,1.0356664618652116,-0.3909736169455929
-0.15102755613530297,0.8419691668286453,-0.4840659818915905
0.3020369981467662,0.9822930268907214,0.23866341053402532
0.17504896219974267,0.8720487200767996,-0.3360431583152325
-0.020508483921774123,1.046847638556369,-0.37125864362804556
0.45328869602407723,1.1831865897393885,-0.038513818386392736
0.1753005580062723,1.01018804258183,-0.4519915723957074
0.1753005580062723,1.01018804258183,-0.4519915723957074
-0.056075798772276364,1.1874344641367622,-0.08562387290389503
-0.16602240593034906,0.9745698591148887,-0.5686362765319197
-0.21451478971287927,-0.26978381023354375,-1.0200543537423532
-0.32321344611172637,0.748170501406626,-1.044084537271448
-0.46427800425186494,0.9148467392663865,-0.7124481621396863
-0.49478611257894367,0.8472293591853358,-0.6116613868251926
0.014776701533363856,0.8088682160121867,-0.5638946571614842
-0.045576096672088146,0.8513620153897749,-0.5479902833408172
-0.16602240593034906,0.9745698591148887,-0.5686362765319197
-0.23877677482131773,0.7154313168257557,-0.6580290909320552
0.2507701416801485,0.9797605784094255,-0.4895484835333298
0.15069814372968932,0.8727172829025038,-0.7160383343048382
-0.6095631064693113,0.8189846204506218,-0.9192230395936478
0.033163526180141206,-0.1472402569900785,-0.5381367258583944
-0.7429998967230269,-0.48415918673552827,-0.4607804616506985
-0.2562197946731946,0.9733478731229187,-0.5386035744469119
0.36156559835482455,1.5311792631306997,-0.09108264408268808
0.09005815296177322,1.6218506626519276,0.036604440372683004
0.45822849571215646,1.6882554212152465,0.4910836053172485
0.17743367459958057,1.7219604373720214,0.2677209125206276
0.17072416218369826,1.481874830067519,-0.26404668139397147
0.06514307570099184,1.4277340315500544,-0.15739322123549845
0.33119470905237114,1.5622177202990892,-0.06854208398756972
0.3764078133193582,1.5510365436079319,-0.0882570573051171
0.23794663341335873,1.683467862409527,0.23203703688047755
-0.03673596801113864,-0.14865743100415021,-0.8538309650433399
0.12042904226422665,1.5908122054835383,0.014063880277564634
-0.04535234004805936,1.6318098533511145,0.08635211577523837
0.2827479150381702,1.6326974486837107,0.28204282629077615
0.2982307724360082,1.6685596268213174,0.20575040579041437
0.37618668487434304,1.4747018054471248,-0.015366139506991403
0.9256745769390858,1.6569480306185476,0.2069308567989134
0.3532040760150445,1.774991929332254,0.44725660760442676
0.08723628585673511,1.720738451380051,0.2977536146056355
0.30128145933217504,1.5460874987189093,-0.0647960129926249
-0.040041504604446186,1.5104693152519681,-0.1814407171288372
-0.02134461203882417,-0.14438204107101538,-0.8999616264548221
0.5695093980379308,1.6014725666743743,0.08746056588513007
-0.04535234004805936,1.6318098533511145,0.08635211577523837
0.1955553962514098,1.5957612503725607,-0.009397164034927566
0.2764502252644635,1.432201078413868,-0.3194455303516689
0.8256025789886267,1.5499047351116255,-0.019558993972595
0.14752042487938455,1.7058302157918415,0.2714669835155723
0.4518773969932343,1.5206090794355278,-0.12581396844273943
0.5188710484317662,1.7457864511518202,0.37966699438179646
0.042023181589747965,1.7319196280712084,0.3174685879231829
0.13530182393125478,1.5186471054767965,0.07284270053095464
-0.2905409408313701,-0.5340606175238081,-0.7330062549752682
0.34321505691186666,1.680962789504445,0.1954326770229538
-0.2210083315679589,1.5669861917037393,-0.09788220158360422
0.11737835536805981,1.7132843335859462,0.28461029906060387
0.6297935370605802,1.5865643310861646,0.06117393479506692
0.4940398143640547,1.6319000308467786,0.12501747702275248
-0.28160513357480693,1.5252485558694022,-0.0015464701925917731
-0.018489777224030095,1.7704122030337028,0.35315246356333285
0.011766702182858902,1.7511659155524555,0.3353105257432579
0.0804123635452884,1.4924450137626915,-0.2293153570339201
0.12573987770783981,1.4694716673843917,-0.2537289526265109
-0.47152301803247004,-0.4828082057727822,-0.6444207795818886
-0.0402703243955749,1.5340536546262529,-0.17204347257875033
-0.11551108827832236,1.5408967794243729,-0.14388380599121475
0.08029795364972406,1.5042371834498336,-0.2246167347588767
0.22264677886656767,1.7107792606808643,0.24800593920308017
-0.2059372968122965,1.563259132806687,-0.10445385935612002
0.11055443305661314,1.4849908959685867,-0.24245867257895168
-0.1304677131384204,1.5328316686342827,-0.14201077049374242
0.48190505660899474,1.524947131328565,-0.13425866171272766
0.4037280157256448,1.6424702145419505,0.15974880138280378
0.1256254678122755,1.4812638370715343,-0.2490303303514675
0.06908159649515005,-0.16674439445332978,-0.9393915730899168
0.4516028927166639,1.4258487148221115,-0.0353286911761008
0.23794663341335873,1.683467862409527,0.23203703688047755
0.47885436971282797,1.6474192594309733,0.13628775707031168
-0.0003680555722009458,1.6442130160342419,0.07603438700777776
0.09005815296177322,1.6218506626519276,0.036604440372683004
0.1558819472191646,1.4620175495902872,-0.2668722681715425
0.13233498022815782,1.7213494443760362,0.28273726356313156
0.5338276732918643,1.75385156194191,0.37779395888432404
0.014718295648368655,1.5431991119524706,0.1304429225592275
0.060030493346012855,1.6175126107588902,0.04504913364267123
-0.5684986446013205,-0.593978925394412,-1.2225450818529884
0.6244827016169672,1.707904869185311,0.32896676769914246
0.31635249408783744,1.5423604398218569,-0.0713676707651407
-0.0002536456766366253,1.6324208463471,0.0713357647327344
0.16564214653121376,1.5796310287923812,-0.005651093039982747
0.12031463236866231,1.6026043751706807,0.01876250255260805
0.406549882830683,1.543582425813827,-0.1014003728501487
0.5238616288860471,1.5138921543370218,0.21744031828879926
-0.07018357411577092,1.5179234330460731,-0.1682974015838056
-0.23607936632362125,1.570713250600792,-0.09131054381108844
0.34321505691186666,1.680962789504445,0.1954326770229538
-0.22403861034232636,-0.30579808657408536,-1.3591934065201854
-0.018489777224030095,1.7704122030337028,0.35315246356333285
-0.025084879744348167,1.5185344260420583,-0.18331375262630953
0.2259262855538632,1.5647227932041714,-0.031937724130045926
0.12042904226422665,1.5908122054835383,0.014063880277564634
-0.14565315778964708,1.5483508972184774,-0.1307404904461832
-0.13058212303398473,1.5446238383214252,-0.13731214821869897
0.135500077019889,1.587085146586486,0.007492222505048844
0.28304532778478153,1.6840788554055124,0.2170206858379736
0.2259262855538632,1.5647227932041714,-0.031937724130045926
0.09017256285733762,1.6100584929647854,0.03190581809763962
-0.7802327345899153,-0.8484022937645587,-0.8537307438166012
0.2559539451696236,1.569060845097209,-0.0403824174000341
0.27091057002972163,1.5771259558872985,-0.042255452897506526
0.2829309178892172,1.6958710250926545,0.221719308113017
-0.0634740616998885,1.7580090403505753,0.36347019233079336
0.20098064159058734,1.4626285425862722,-0.28188861921404645
0.07521593799723955,1.6019933821746954,0.03377885359511202
0.2516189911967518,1.318314658108826,-0.5740950477107128
0.19566980614697413,1.5839690806854185,-0.014095786309970923
-0.07560881945494842,1.6510561408323619,0.10419405359531336
0.5035560098747078,1.6652820748369472,0.4666700097246578
-0.5716560500469382,-0.5596337051399533,-0.8838063675468668
-0.1358929584775979,1.6659643764205716,0.13048068468537657
0.32825843205176863,1.672897678714355,0.19730571252042622
0.06545573868519039,1.4843799029726013,-0.22744232153644775
-0.0002536456766366253,1.6324208463471,0.0713357647327344
0.4888433888160058,1.7414483992587826,0.3881116876517846
0.2829309178892172,1.6958710250926545,0.221719308113017
0.5491275278386553,1.726540163670573,0.3618250565617214
0.14058209267237348,1.4893289478616238,-0.25090336584893985
-0.05511253936010854,1.5141963741490205,-0.17486905935632138
0.12031463236866231,1.6026043751706807,0.01876250255260805
-0.5683842347057562,-0.6057710950815541,-1.2272437041280315
-0.47892644937223233,-0.9111513020184647,-0.9804652769918735
0.03508484938273695,1.5154183601409907,-0.20490176144132932
-0.06705341525471685,-0.20174465726861684,-0.7828776112446226
-0.03706381500560463,-0.3131190770129069,-0.712747751722132
-0.30069771254800787,-0.6859988690598163,-0.9295336272271287
-0.09404560509823741,-0.3850949569075396,-1.0069488003234708
-0.3383777915694011,-0.1504509912239095,-0.6495068917948986
-0.30487999729650433,-0.2263635980482478,-1.0007322464998447
-0.6009516982585107,-0.31127745139721513,-1.1166557469879153
-0.5564096706726824,-0.45154376503570226,-0.9811916401591246
-0.7523635898578077,-0.4648965837182437,-0.8527025928340698
0.09868221634480748,-0.25853569923842923,-0.8400849671978566
-0.34518636430228067,-0.5273069289687203,-1.0825920935244324
-0.5682088900871627,-0.4939540960802507,-1.3180573189677736
-0.5257719022124522,-0.3904540899410484,-1.0917039975968084
-0.034241848559586285,-0.5658338305692269,-0.8748861961969161
-0.14273643602749447,-0.34757100879211134,-0.6089361090608356
-0.54569626528411,-0.10745255192248973,-0.9681483023646146
-0.2597126437422791,-0.25333816884164106,-1.0053663402729522
-0.35985330087554096,-0.33279590055918484,-1.2422384483138575
-0.35978470792005834,-0.25783015446309887,-1.2978633442165732
-0.22984507850752478,-0.3555526512491617,-0.9280243785513455
-0.12395892104575343,-0.2986738686022549,-1.069209882500638
-0.3269121733882388,-0.5495858140179954,-1.4429833451475094
0.14376569359230296,-0.3144648258859216,-0.8170707818061578
-0.24535074503442375,-0.501862836323351,-0.7781843651066517
-0.13928158472160534,-0.38181047726750034,-0.9796933872337035
-0.4563528567324906,-0.4523162441149902,-0.6836676763673573
0.17334353742655942,-0.5679797925503357,-0.6112130063837093
-0.17041498590342133,-0.6139952551363774,-0.7058048347312552
-0.19403375985562682,-0.41190804161763006,-1.2940905068458415
-0.6611825276769245,-0.1753922794709325,-1.173970628538477
-0.38044101616858406,-0.3300742319657799,-0.8670064231012309
-0.5008644500704642,-0.19896969118954808,-0.8951928560645532
-0.24437472982883976,-0.16493709547565022,-1.0999097953880337
-0.25982698741052346,-0.34409730903996316,-0.9346605648257971
-0.27497427335412206,-0.36669257364663727,-0.9029541078125483
-0.586803302876877,-0.6335046246893598,-0.8190963339475621
-0.2258152299075809,-0.9703838791536475,-0.740549007625051
-0.43572698273181926,-0.4931524058992637,-1.0384635246142944
0.09836199446913517,-0.42036511289681305,-0.701515233800722
-0.6322604771725799,-0.6040035733246635,-0.7849571562317813
-0.19436163996375283,-0.5250940326836547,-1.1860108701106902
-0.4713629236514638,-0.3762556714722243,-0.7302074345734837
-0.25440180829866604,-0.37467870694078764,-1.2731591731770284
-0.6159922325389985,-0.2970214630986722,-1.1201380089116928
-0.3208203287083,-0.4714353721509468,-0.7406274539690293
-0.36571314487229484,-0.40097609168687,-0.7934750608765043
0.2293843907503633,-0.1443106159299581,-0.6885904173539023
-0.5861017919478634,-0.3913392484550748,-1.0503364869623053
-0.31988237286936416,-0.2502221029405737,-0.9837783314579326
-0.3154637425519253,-0.5769825161478573,-1.0235011664175448
-0.3198748139778905,-0.14503856070473675,-1.0522989645541183
0.0034103377272913455,-0.005542289326967979,-0.6531808864411011
-0.2607267845418312,-0.6034250714412053,-0.6710735103712039
-0.33915555368635086,-0.41893869096192105,-0.39313193953942227
-0.5863229535065386,-0.41639833167315005,-1.010449145750236
-0.22142258833105588,-0.527031803705003,-1.5194750462171027
-0.012972217460874532,-0.4545591946940135,-0.21429068172797822
-0.2703115730079673,-0.7117728615274602,-0.9571011471703937
-0.3540664609473471,-0.35993475270704267,-0.4393433601724456
-0.647217102032678,-0.6120686841147531,-0.7830841207343089
0.5067930197398528,-0.17136172740072167,-0.0840881891150172
-0.45616982076778356,-0.4404183226487783,-0.7109876179590602
-0.1097648080650179,-0.5538319928494313,-0.8197349255907809
-0.3058941380960566,-0.576450500647812,-0.6664394165980964
2.387692502394629,0.07837787751089158,-0.7413472771741291
2.3274083633719793,0.09328611309910119,-0.7150606460840657
1.9037266138412485,-0.3867118195661626,0.026938314690648512
2.1268398697884563,0.6204999680587571,-0.4388650306745985
2.4289700367059033,0.6928588860631449,-0.24530466361239264
2.3596655701295997,0.6356148081255318,-0.3796057578318144
2.0665557307658067,0.6354082036469666,-0.4125783995845353
2.3981184953903787,0.5534129079118137,-0.5571548705798828
1.9075345274597286,0.747426575037104,-0.18245602465634053
2.1486710835503264,0.6877936326842655,-0.2876025490165933
2.601511598024397,0.7228819617181296,-0.1597587596795451
2.0665557307658067,0.6354082036469666,-0.4125783995845353
2.319097507622525,0.16803389551871464,-0.550654848881029
2.1034579792833394,0.6989748093754228,-0.2678875756990459
1.915845383209183,0.6726787926174906,-0.34686182185937736
2.329523500618275,0.6430689259196367,-0.36646244228678276
1.967818666482378,0.7325183394488943,-0.20874265574640374
2.4651628134192363,0.609525395846165,-0.42560736223942497
2.585731091464535,0.5797089246697458,-0.4781806244195513
2.1419109045441185,0.6167729091617047,-0.44543668844711426
2.1788131530616512,0.6803395148901608,-0.3007458645616249
2.1720529740554433,0.6093187913675998,-0.4585800039921459
2.292621252100742,0.5795023201911805,-0.5111532661722722
2.2821952591049923,0.10446728979025843,-0.6953456727665184
2.4440410714615655,0.6891318271660926,-0.2518763213849084
2.0966978002771315,0.6279540858528617,-0.4257217151295669
2.5344672799955394,0.666769473783778,-0.2913062680200032
2.1486710835503264,0.6877936326842655,-0.2876025490165933
2.3076922868564043,0.5757752612941281,-0.5177249239447881
1.7417531451474428,0.7884242229046805,-0.11016778915866685
2.4199497091522493,0.6207065725373223,-0.40589238892187757
2.428260564901703,0.5459587901177089,-0.5702981861249143
2.4289700367059033,0.6928588860631449,-0.24530466361239264
2.563846837627502,0.3960921209524069,-0.053101591157705026
2.2058869454774777,-0.2059264595210622,-0.3483023933947771
2.0966978002771315,0.6279540858528617,-0.4257217151295669
2.284310396351288,0.6542501026107939,-0.3467474689692354
2.1268398697884563,0.6204999680587571,-0.4388650306745985
2.4433315996573657,0.5422317312206565,-0.5768698438974301
2.4573122424255396,0.16209544622031324,-0.22401387252746432
2.292621252100742,0.5795023201911805,-0.5111532661722722
2.3529053911233917,0.5645940846029709,-0.5374398972623354
2.3596655701295997,0.6356148081255318,-0.3796057578318144
2.247408147833755,0.5906834968823378,-0.4914382928547248
2.006271591743157,0.6503164392351762,-0.3862917684944721
2.2068400853266805,0.12310258427552047,-0.6624873839039395
2.344594535373937,0.6393418670225842,-0.3730341000592986
1.674708827118585,0.7323117349703291,-0.24171529749912465
2.4138990019502407,0.6965859449601973,-0.23873300583987683
2.27755021734508,0.583229379088233,-0.5045816083997564
2.1034579792833394,0.6989748093754228,-0.2678875756990459
2.5555890219532102,0.5871630424638506,-0.4650373088745197
1.8254191746752089,0.6950411459998052,-0.30743187522428256
2.1486710835503264,0.6877936326842655,-0.2876025490165933
1.9979607359937028,0.7250642216547896,-0.22188597129143534
1.922605562215391,0.7436995161400516,-0.18902768242885634
2.6439000932408887,0.015017876261000776,-0.8530654593068973
2.1419109045441185,0.6167729091617047,-0.44543668844711426
2.292621252100742,0.5795023201911805,-0.5111532661722722
2.1326469089454605,0.362491647784735,0.03315409926508474
2.1336000487946643,0.691520691581318,-0.28103089124407754
2.374736604885262,0.6318877492284795,-0.3861774156043302
2.338543828171929,0.7152212394454592,-0.20587471697729784
2.27755021734508,0.583229379088233,-0.5045816083997564
2.087296552540188,0.3262926421691843,0.09811171121595154
2.8653205728159117,0.4378740821031892,-0.7608762615278724
2.4350207439079115,0.6169795136402699,-0.4124640466943934
2.4185440437101535,0.21782385566222284,-0.4294970702066388
2.263188654393617,0.7338565339307213,-0.17301642811471893
1.8623214231927416,0.7586077517282612,-0.1627410513387932
2.563899877702665,0.5124152600442373,-0.6294431060775565
2.4440410714615655,0.6891318271660926,-0.2518763213849084
2.29938143110695,0.6505230437137415,-0.3533191267417512
2.006271591743157,0.6503164392351762,-0.3862917684944721
2.8509590098644493,0.5885012369456776,-0.4293110812428349
2.27755021734508,0.583229379088233,-0.5045816083997564
2.1426203763483183,0.7636730051071405,-0.12044316593459252
2.4350207439079115,0.6169795136402699,-0.4124640466943934
2.52404128699979,0.191734443382856,-0.4754986746142494
2.351814999135903,0.18818485849968006,-0.17801226811985382
2.2172660783224303,0.5981376146764426,-0.4782949773096932
2.202195043566768,0.601864673573495,-0.47172331953717744
2.1419109045441185,0.6167729091617047,-0.44543668844711426
2.0823362373256686,0.7785812406953502,-0.09415653484452935
1.9376765969710534,0.7399724572429992,-0.19559934020137212
2.238144152235097,0.33640223550536824,-0.012847505142525788
2.3520590029372994,0.27241629371160525,-0.25844362569019924
2.5395648473483443,0.26186105756432015,-0.14428066059284161
1.7869662494144298,0.7772430462135232,-0.12988276247621422
2.243742333844213,0.18666919000397666,-0.51779656001845
2.27755021734508,0.583229379088233,-0.5045816083997564
2.0733159097720146,0.7064289271695277,-0.2547442601540143
2.0966978002771315,0.6279540858528617,-0.4257217151295669
2.118529014039002,0.6952477504783704,-0.2744592334715617
2.04317384026069,0.7138830449636323,-0.2416009446089827
2.1336000487946643,0.691520691581318,-0.28103089124407754
2.8961721141314363,0.5773200602545204,-0.44902605456038225
2.27755021734508,0.583229379088233,-0.5045816083997564
2.1720529740554433,0.6093187913675998,-0.4585800039921459
2.293330723904942,0.7264024161366165,-0.18615974365975052
2.161626981059693,0.13428376096667768,-0.642772410586392
1.9761295222318325,0.657770557029281,-0.37314845294944055
2.3435041433864483,0.2629326409192934,-0.013606470916816996
2.0281028055050276,0.7176101038606849,-0.2350292868364669
2.5103759176862233,0.5983442191550079,-0.4453223355569723
2.0665557307658067,0.6354082036469666,-0.4125783995845353
2.1788131530616512,0.6803395148901608,-0.3007458645616249
2.27755021734508,0.583229379088233,-0.5045816083997564
2.5254469524418854,0.5946171602579555,-0.45189399332948815
2.0213426264988197,0.6465893803381237,-0.39286342626698795
2.2692393615956252,0.6579771615078464,-0.3401758111967196
2.101342842037044,0.14919199655488727,-0.6164857794963289
2.2972662938606545,0.10074023089320602,-0.7019173305390342
1.8321793536814168,0.7660618695223661,-0.14959773579376162
2.2429232799276324,1.0529365486183129,-0.30725229967302375
2.272905175585167,1.061991468386207,-0.31381754403299456
1.948262763820593,1.198498450081922,-0.017985004792186815
2.8532343209645346,1.1217750122042138,-0.08729094863061251
2.400393806490464,1.0866866831703497,-0.21513473796766064
1.9565736195700474,1.1237506676623086,-0.18239080199522367
2.4539177665069056,1.000757724059579,-0.3992555084882448
2.4757489802687758,1.0680513886850878,-0.24799302683023963
2.1893993199111907,1.1388655077290835,-0.12313152915243958
2.062889916776265,0.2313938967686055,-0.4389366667482605
2.56688466060695,1.1925891312482095,0.03757054904718758
2.355180702223477,1.0978678598615068,-0.19541976465011326
2.318278453705944,1.0343012541330507,-0.3401105885356027
2.1675681061493206,1.071571843103575,-0.2743940108104448
2.2579943146832946,1.0492094897212605,-0.31382395744553954
2.2276920713181796,1.0731726450773644,-0.2941025707154472
2.2736146473893672,1.208891564331643,0.011175978479527122
2.439556203555443,1.1513848789020678,-0.06769032820320736
2.340109667467815,1.1015949187585594,-0.1888481068775975
2.838003112355082,1.1420111086632654,-0.07414121967303597
2.3341685423781873,0.16430683662166223,-0.5572265066535448
1.9564134457162574,1.1402597052243075,-0.1758127308101629
1.9028894856998158,1.2261886643350783,0.008308039710421346
2.1893993199111907,1.1388655077290835,-0.12313152915243958
2.107283967126671,1.0864800786917843,-0.2481073797203816
2.272905175585167,1.061991468386207,-0.31381754403299456
2.1975500018068552,1.0806267628714692,-0.2809592551704156
2.394343099288456,1.162566055593225,-0.04797535488565997
2.062070862859684,1.0976612553829417,-0.22839240640283423
2.3784024188748036,1.0359020561068402,-0.3598191484406052
2.016857758592697,1.1088424320740988,-0.20867743308528683
2.0399683110269065,-0.21230899396019387,-0.23077151926378406
2.5509439801932974,1.065925131761825,-0.2742732445077578
2.0386889723545676,1.1761360966996075,-0.0574149514272816
2.159097076546076,1.1628286630851874,-0.10341014242234721
2.1440260417904136,1.1665557219822398,-0.09683848464983143
2.611228119215947,1.0510168961736153,-0.30055987559782094
2.062620160810094,1.2610703888903767,0.10317918729474827
2.3851625978810116,1.1069227796294014,-0.20198500901008412
2.3399494936140246,1.1181039563205586,-0.18227003569253675
2.4755888064149856,1.084560426247087,-0.24141495564517887
2.3099675979564895,1.1090490365526642,-0.17570479133256586
1.814993181679459,0.22000611559888297,-0.49162428181852874
2.294736389347037,1.129285133011716,-0.16255506237498935
2.2346124241781777,1.1276843310379263,-0.14284650246998692
2.303207418950282,1.0380283130301031,-0.3335389307630869
2.348420523217269,1.026847136338946,-0.35325390408063434
2.1379753345884054,1.2424350944051148,0.07032089843216931
2.746867432016908,1.0174733661001436,-0.35970479555046314
2.1675681061493206,1.071571843103575,-0.2743940108104448
2.560124481600742,1.1215684077256485,-0.12026359038333373
2.1674079322955304,1.088080880665574,-0.26781593962538397
2.4989706969201024,1.006085584930421,-0.4123924106207314
2.3413890061401537,-0.28685017190124196,-0.36220467471409995
2.4002336326366738,1.103195720732349,-0.20855666678259993
2.349129995021469,1.1737472322843823,-0.02826038156811257
2.324878458858362,1.121831015217611,-0.17569837792002094
2.3338987864120164,1.1939833287434336,-0.015110652610536008
2.4991308707738926,0.9895765473684219,-0.4189704818057922
2.393633627484256,1.0156659596477888,-0.37296887739818174
2.619699148819192,0.9597600761920027,-0.47154374398591864
2.016697584738907,1.125351469636098,-0.2020993619002261
2.046999828104022,1.101388314279994,-0.22182074863031842
2.4305358760017888,1.079232565376245,-0.22827805351269226
1.9054193902134333,0.1976437622165685,-0.5310542284536236
2.1674079322955304,1.088080880665574,-0.26781593962538397
2.0385287985007774,1.1926451342616067,-0.050836880242220835
2.1291151808885416,1.153773743317293,-0.0968448980623764
2.077691195565756,1.2573433299933243,0.09660752952223248
2.5509439801932974,1.065925131761825,-0.2742732445077578
2.3851625978810116,1.1069227796294014,-0.20198500901008412
2.294736389347037,1.129285133011716,-0.16255506237498935
1.9564134457162574,1.1402597052243075,-0.1758127308101629
2.2647544936895025,1.1202302132438213,-0.15598981801501852
2.400393806490464,1.0866866831703497,-0.21513473796766064
1.9657035292360827,0.18273552662835893,-0.5573408595436867
2.363331384119141,1.0396291150038925,-0.35324749066808936
2.295445861151237,1.276185228957152,0.16243846013753266
2.324878458858362,1.121831015217611,-0.17569837792002094
1.9714844804719198,1.1365326463272551,-0.18238438858267866
2.3784024188748036,1.0359020561068402,-0.3598191484406052
1.9113605153030602,1.1349318443534657,-0.1626758286776763
2.092212932371009,1.090207137588837,-0.24153572194786582
2.5057308759263104,1.0771063084529822,-0.25455827119021046
2.0535998332564396,1.1889180753645543,-0.05740853801473663
2.303207418950282,1.0380283130301031,-0.3335389307630869
2.357550432883304,0.08583199530499638,-0.7282039616290974
2.6415303625810616,1.0270537408175113,-0.3202812623279133
2.400393806490464,1.0866866831703497,-0.21513473796766064
2.1221948280285434,1.099262057356731,-0.24810096630783662
1.8576763814328288,1.2373698410262355,0.028023013027968682
2.318278453705944,1.0343012541330507,-0.3401105885356027
1.9934758680875804,1.1873172733907646,-0.03769997810973424
2.1884461800619874,0.8098364639325007,0.1910534613567227
2.5057308759263104,1.0771063084529822,-0.25455827119021046
2.1138839722790888,1.1740098397763445,-0.08369516910479984
2.4757489802687758,1.0680513886850878,-0.24799302683023963
2.228671299088551,0.19039624890102905,-0.5112249022459342
2.016697584738907,1.125351469636098,-0.2020993619002261
1.9934758680875804,1.1873172733907646,-0.03769997810973424
1.9633337985762553,1.1947713911848694,-0.024556662564702635
2.294736389347037,1.129285133011716,-0.16255506237498935
2.068831041865892,1.1686819789055025,-0.07055826697231318
1.9782446594781278,1.2075533698498162,-0.024550249152157675
2.1674079322955304,1.088080880665574,-0.26781593962538397
2.394182925434666,1.1790750931552239,-0.0413972837005992
2.1532065431978578,1.2221989979460632,0.057171169474592734
2.5961570844602844,1.0547439550706676,-0.29398821782530515
2.357550432883304,0.08583199530499638,-0.7282039616290974
2.2811048671175045,-0.2719419363130323,-0.33591804362403677
2.137426036637996,1.0790259608976795,-0.26125069526541317
2.245038417173928,1.6027193614388484,0.04134590412425931
1.8531915135267063,1.699622892762211,0.21220900620966998
2.6677368621366737,1.6452618082668171,0.18233300900633903
2.1485615014379453,1.700961087244038,0.24793523384135474
1.9368575430544726,1.6062398158573354,0.014944920144054158
2.223916675216257,1.6823257927587758,0.21507694497877575
2.4108197994862137,1.561721713571272,-0.030942331373414466
2.351245132267764,1.7235300451049176,0.32033782222917073
2.254058744727582,1.674871674964671,0.20193362943374416
2.2588133685998755,0.18294213110692426,-0.5243682177909658
2.3294139185058937,1.6562363804794091,0.16907534057116522
2.4205495988440675,1.7807741230425302,0.45463891644859206
2.630834613619141,1.5816952025383608,0.03764218512084935
2.5320975493357127,1.678805338340289,0.2414779289589812
2.380677729974889,1.5691758313653767,-0.01779901582838287
2.540408405085167,1.6040575559206753,0.07707213175594409
2.2842008142389068,1.6674175571705663,0.18879031388871256
2.3143428837502316,1.6599634393764615,0.17564699834368097
2.0732063276596335,1.7195963817293,0.2807935227039337
2.3746270227728807,1.6450552037882518,0.14936036725361784
2.101342842037044,0.14919199655488727,-0.6164857794963289
2.6820984250881366,1.4946346534243289,-0.1492321712786987
2.7664739264201024,1.5481516724648894,-0.02150273483179281
2.5313880775315125,1.5319052423948527,-0.08351559355354075
2.599983072303617,1.4422492243870297,-0.2742080218466408
2.547168584091375,1.6750782794432362,0.23490627118646543
2.51702651458005,1.6825323972373414,0.24804958673149702
2.058135292903971,1.7233234406263525,0.2873651804764495
1.9368575430544726,1.6062398158573354,0.014944920144054158
2.1093991043729665,1.63626289151232,0.10049082407690142
2.1847542781512788,1.6176275970270582,0.06763253521432243
2.5825255622307517,-0.3464831142540804,-0.46735119907435263
2.208136168656395,1.5391527557103923,-0.10334491976123013
2.2299673824182653,1.606446420335901,0.0479175618967751
2.2751804866852527,1.5952652436447436,0.02820258857922772
2.0641860001059795,1.6474440682034774,0.12020579739444881
2.26010945192959,1.598992302541796,0.03477424635174351
2.290251521440915,1.5915381847476913,0.02163093080671192
2.0340439305946547,1.6548981859975822,0.1333491129394804
2.290251521440915,1.5915381847476913,0.02163093080671192
2.3595559880172186,1.6487822626853041,0.15593202502613362
2.214896347662603,1.6101734792329534,0.05448921966929084
2.243742333844213,0.18666919000397666,-0.51779656001845
3.053533058581887,1.6242376493663293,0.17862929000292876
2.600692544107816,1.5891493203324656,0.05078550066588089
2.3746270227728807,1.6450552037882518,0.14936036725361784
2.1485615014379453,1.700961087244038,0.24793523384135474
2.00390186108333,1.662352303791687,0.14649242848451197
1.9285466873050183,1.6809875982769489,0.179350717347091
2.380677729974889,1.5691758313653767,-0.01779901582838287
2.501246008020188,1.5393593601889575,-0.07037227800850926
2.049114965350317,1.6511711271005298,0.1267774551669646
2.351245132267764,1.7235300451049176,0.32033782222917073
1.9338686833525731,-0.3941659373602674,0.01379499914561699
2.2751804866852527,1.5952652436447436,0.02820258857922772
1.9074249453473475,1.7605940295968765,0.3530817582016074
2.592381688358362,1.6638971027520792,0.21519129786891802
1.997141682077122,1.5913315802691261,-0.011341710946009038
2.6677368621366737,1.6452618082668171,0.18233300900633903
2.1847542781512788,1.6176275970270582,0.06763253521432243
2.26010945192959,1.598992302541796,0.03477424635174351
2.5163170427758503,1.535632301291905,-0.07694393578102496
2.3203935909522397,1.5840840669535865,0.008487615261680318
2.1033483971709583,1.712142263935195,0.2676502071589021
2.1766980158153557,0.13055670206962527,-0.6493440683589078
2.269129779483244,1.6711446160676187,0.19536197166122837
2.1184194319266205,1.7084152050381427,0.2610785493863863
2.555479439840829,1.600330497023623,0.07050047398342826
2.6067432513098248,1.5132699479095908,-0.11637388241611973
2.5773106536026997,1.6676241616491314,0.2217629556414338
2.591672216554162,1.5169970068066432,-0.10980222464360394
2.3957487647305515,1.5654487724683244,-0.024370673600898667
2.5313880775315125,1.5319052423948527,-0.08351559355354075
2.23827823816772,1.5316986379162876,-0.11648823530626175
2.163632536193608,1.6972340283469856,0.24136357606883893
2.222620591886543,0.2662756213239041,-0.3440655191639335
2.3656066952192267,1.5729028902624291,-0.011227358055867083
2.501246008020188,1.5393593601889575,-0.07037227800850926
2.223916675216257,1.6823257927587758,0.21507694497877575
1.883333583038031,1.692168774968106,0.1990656906646384
2.2457478889781277,1.7496194573842845,0.36633942663678126
2.00390186108333,1.662352303791687,0.14649242848451197
2.299271848994569,1.663690498273514,0.18221865611619678
2.17870357094927,1.6935069694499332,0.23479191829632315
2.290251521440915,1.5915381847476913,0.02163093080671192
2.6225237578696867,1.6564429849579745,0.20204798232388643
2.2068400853266805,0.12310258427552047,-0.6624873839039395
2.49519530081818,1.6152387326118325,0.09678710507349148
2.3294139185058937,1.6562363804794091,0.16907534057116522
2.169683243395616,1.6213546559241105,0.07420419298683824
2.3656066952192267,1.5729028902624291,-0.011227358055867083
2.0574258210997716,1.5764233446809162,-0.037628342036072224
2.1629230643894077,1.5503339324015497,-0.08362994644368275
2.510266335573842,1.61151167371478,0.09021544730097568
2.3964582365347513,1.7123488684137604,0.30062284891162333
2.9925394477550378,1.4922457890091032,-0.12007760141952979
2.6609766831304658,1.5742410847442563,0.02449886957581776
2.0410587030143943,0.1641002321430969,-0.5901991484062658
2.4868844450687253,1.689986515031446,0.26119290227652864
2.591672216554162,1.5169970068066432,-0.10980222464360394
1.9285466873050183,1.6809875982769489,0.179350717347091
2.6368853208211496,1.5058158301154858,-0.12951719796115133
2.306032028000777,1.7347112217960747,0.3400527955467181
2.3889885857243436,1.4944280489457635,-0.1822048130314197
2.600692544107816,1.5891493203324656,0.05078550066588089
2.275889958489452,1.7421653395901797,0.3531961110917497
1.967709084369997,1.745685794008667,0.32679512711154424
2.4198401270398677,1.6338740270970946,0.12964539393607044
2.635589237491435,0.08976565868061415,-0.6886596621038606
2.439665785667824,0.1382174243422954,-0.6032281110611554
2.1395411738842913,1.6288087737182153,0.08734750853186983
2.1155674886066143,-0.1467128532335306,-0.3440611656967085
2.056129737770057,0.1603731732460445,-0.5967708061787814
2.3274083633719793,0.09328611309910119,-0.7150606460840657
2.1908159107218155,-0.2021994006240098,-0.34173073562226125
2.3281178351761795,0.24018620904453722,-0.39006712357154405
2.2075495571308807,0.27000268022095647,-0.3374938613914177
1.9958455987474073,0.1752814088342541,-0.5704841750887183
2.0167236726600746,-0.08645397033682012,-0.10503670292155082
2.357550432883304,0.08583199530499638,-0.7282039616290974
2.0869812790855815,0.2998191513973757,-0.2849205992112913
2.1766980158153557,0.13055670206962527,-0.6493440683589078
2.025987668258732,0.16782729104014932,-0.58362749063375
2.5903761332244475,0.10094683537177138,-0.6689446887863133
2.1826118066354714,-0.09060036529917923,-0.21251365735625063
1.9054193902134333,0.1976437622165685,-0.5310542284536236
2.077960951531927,0.2276668378715531,-0.44550832452077627
2.4178345719059537,0.07092375971678679,-0.7544905927191605
2.0862718072813813,0.15291905545193968,-0.6099141217238131
2.394452681400837,0.1493986010334526,-0.583513137743608
2.174791736116949,-0.5275013855235403,-0.020974087340583362
2.3274083633719793,0.09328611309910119,-0.7150606460840657
2.403473008954491,0.22155091455927522,-0.422925412434123
1.6642828341228353,0.257276704569407,-0.4259077040933708
2.52404128699979,0.191734443382856,-0.4754986746142494
2.2889554381112003,0.17548801331281944,-0.5375115333359973
2.4938992174884653,0.1991885611769608,-0.46235535906921776
2.4788281827328027,0.2029156200740132,-0.455783701296702
2.0862718072813813,0.15291905545193968,-0.6099141217238131
2.3565972930341013,-0.24319704849158627,-0.414018971119935
2.116413876792706,0.14546493765783486,-0.6230574372688447
1.7094959383898225,0.24609552787824981,-0.4456226774109182
2.34923957713385,0.16057977772460982,-0.5637981644260606
2.0701103805382313,-0.21976311175429866,-0.24391483480881568
1.9657035292360827,0.18273552662835893,-0.5573408595436867
2.4630476761729407,0.0597425830256296,-0.7742055660367079
1.9958455987474073,0.1752814088342541,-0.5704841750887183
1.6190697298558483,0.2684578812605642,-0.40619273077582346
2.191769050571018,0.12682964317257286,-0.6559157261314236
2.319097507622525,0.16803389551871464,-0.550654848881029
2.0862718072813813,0.15291905545193968,-0.6099141217238131
1.9573926734866283,0.25748330904797234,-0.39293506234064995
2.236982154838005,0.11564846648141565,-0.675630699448971
1.7547090426568095,0.2349143511870926,-0.46533765072846556
2.3263179713844915,-0.2831231130041895,-0.3556330169415841
2.2219111200823427,0.11937552537846804,-0.6690590416764552
1.769780077412472,0.2311872922900402,-0.4719093085009814
2.3274083633719793,0.09328611309910119,-0.7150606460840657
2.3274083633719793,0.09328611309910119,-0.7150606460840657
2.52404128699979,0.191734443382856,-0.4754986746142494
2.4672686906208714,-0.745770066125906,0.2206173881102211
2.0250345284095292,-0.16120175275643334,-0.26944250012458754
2.2428959456581206,-0.10550860088738881,-0.23880028844631376
2.03274784726494,0.2388480145627103,-0.42579335120322886
2.243742333844213,0.18666919000397666,-0.51779656001845
2.1623364528638933,0.28118385691211367,-0.3177788880738703
2.1924785223752177,0.27372973911800885,-0.3309222036189019
2.2136002643328885,0.19412330779808143,-0.5046532444734184
2.5903761332244475,0.10094683537177138,-0.6689446887863133
1.9194000329816072,-0.18249252278377462,-0.1781982570836577
2.1606738412104907,-0.194745282829905,-0.32858742007722963
2.2068400853266805,0.12310258427552047,-0.6624873839039395
2.3855117184196524,-0.6744405746956899,-0.022492018889165875
2.175744875966153,-0.1984723417269574,-0.33515907784974547
2.598686988973902,0.026199052952157947,-0.83335048598935
